Deploy Blocker Issue Number,Deploy Blocker GitHub URL,StagingDeployCash Issue,StagingDeployCash Issue Number,StagingDeployCash GitHub URL,StagingDeployCash Created At
62669,https://github.com/Expensify/App/issues/62669,Deploy Checklist: New Expensify 2025-05-23,62662,https://github.com/Expensify/App/issues/62662,2025-05-23
62672,https://github.com/Expensify/App/issues/62672,Deploy Checklist: New Expensify 2025-05-23,62662,https://github.com/Expensify/App/issues/62662,2025-05-23
62674,https://github.com/Expensify/App/issues/62674,Deploy Checklist: New Expensify 2025-05-23,62662,https://github.com/Expensify/App/issues/62662,2025-05-23
62675,https://github.com/Expensify/App/issues/62675,Deploy Checklist: New Expensify 2025-05-23,62662,https://github.com/Expensify/App/issues/62662,2025-05-23
62676,https://github.com/Expensify/App/issues/62676,Deploy Checklist: New Expensify 2025-05-23,62662,https://github.com/Expensify/App/issues/62662,2025-05-23
62677,https://github.com/Expensify/App/issues/62677,Deploy Checklist: New Expensify 2025-05-23,62662,https://github.com/Expensify/App/issues/62662,2025-05-23
62678,https://github.com/Expensify/App/issues/62678,Deploy Checklist: New Expensify 2025-05-23,62662,https://github.com/Expensify/App/issues/62662,2025-05-23
62679,https://github.com/Expensify/App/issues/62679,Deploy Checklist: New Expensify 2025-05-23,62662,https://github.com/Expensify/App/issues/62662,2025-05-23
62680,https://github.com/Expensify/App/issues/62680,Deploy Checklist: New Expensify 2025-05-23,62662,https://github.com/Expensify/App/issues/62662,2025-05-23
62681,https://github.com/Expensify/App/issues/62681,Deploy Checklist: New Expensify 2025-05-23,62662,https://github.com/Expensify/App/issues/62662,2025-05-23
62682,https://github.com/Expensify/App/issues/62682,Deploy Checklist: New Expensify 2025-05-23,62662,https://github.com/Expensify/App/issues/62662,2025-05-23
62685,https://github.com/Expensify/App/issues/62685,Deploy Checklist: New Expensify 2025-05-23,62662,https://github.com/Expensify/App/issues/62662,2025-05-23
62686,https://github.com/Expensify/App/issues/62686,Deploy Checklist: New Expensify 2025-05-23,62662,https://github.com/Expensify/App/issues/62662,2025-05-23
62688,https://github.com/Expensify/App/issues/62688,Deploy Checklist: New Expensify 2025-05-23,62662,https://github.com/Expensify/App/issues/62662,2025-05-23
62689,https://github.com/Expensify/App/issues/62689,Deploy Checklist: New Expensify 2025-05-23,62662,https://github.com/Expensify/App/issues/62662,2025-05-23
62692,https://github.com/Expensify/App/issues/62692,Deploy Checklist: New Expensify 2025-05-23,62662,https://github.com/Expensify/App/issues/62662,2025-05-23
62693,https://github.com/Expensify/App/issues/62693,Deploy Checklist: New Expensify 2025-05-23,62662,https://github.com/Expensify/App/issues/62662,2025-05-23
62695,https://github.com/Expensify/App/issues/62695,Deploy Checklist: New Expensify 2025-05-23,62662,https://github.com/Expensify/App/issues/62662,2025-05-23
62697,https://github.com/Expensify/App/issues/62697,Deploy Checklist: New Expensify 2025-05-23,62662,https://github.com/Expensify/App/issues/62662,2025-05-23
62700,https://github.com/Expensify/App/issues/62700,Deploy Checklist: New Expensify 2025-05-23,62662,https://github.com/Expensify/App/issues/62662,2025-05-23
62702,https://github.com/Expensify/App/issues/62702,Deploy Checklist: New Expensify 2025-05-23,62662,https://github.com/Expensify/App/issues/62662,2025-05-23
62703,https://github.com/Expensify/App/issues/62703,Deploy Checklist: New Expensify 2025-05-23,62662,https://github.com/Expensify/App/issues/62662,2025-05-23
62704,https://github.com/Expensify/App/issues/62704,Deploy Checklist: New Expensify 2025-05-23,62662,https://github.com/Expensify/App/issues/62662,2025-05-23
62706,https://github.com/Expensify/App/issues/62706,Deploy Checklist: New Expensify 2025-05-23,62662,https://github.com/Expensify/App/issues/62662,2025-05-23
62707,https://github.com/Expensify/App/issues/62707,Deploy Checklist: New Expensify 2025-05-23,62662,https://github.com/Expensify/App/issues/62662,2025-05-23
62709,https://github.com/Expensify/App/issues/62709,Deploy Checklist: New Expensify 2025-05-23,62662,https://github.com/Expensify/App/issues/62662,2025-05-23
62711,https://github.com/Expensify/App/issues/62711,Deploy Checklist: New Expensify 2025-05-23,62662,https://github.com/Expensify/App/issues/62662,2025-05-23
62712,https://github.com/Expensify/App/issues/62712,Deploy Checklist: New Expensify 2025-05-23,62662,https://github.com/Expensify/App/issues/62662,2025-05-23
62713,https://github.com/Expensify/App/issues/62713,Deploy Checklist: New Expensify 2025-05-23,62662,https://github.com/Expensify/App/issues/62662,2025-05-23
62714,https://github.com/Expensify/App/issues/62714,Deploy Checklist: New Expensify 2025-05-23,62662,https://github.com/Expensify/App/issues/62662,2025-05-23
62716,https://github.com/Expensify/App/issues/62716,Deploy Checklist: New Expensify 2025-05-23,62662,https://github.com/Expensify/App/issues/62662,2025-05-23
62717,https://github.com/Expensify/App/issues/62717,Deploy Checklist: New Expensify 2025-05-23,62662,https://github.com/Expensify/App/issues/62662,2025-05-23
62719,https://github.com/Expensify/App/issues/62719,Deploy Checklist: New Expensify 2025-05-23,62662,https://github.com/Expensify/App/issues/62662,2025-05-23
62721,https://github.com/Expensify/App/issues/62721,Deploy Checklist: New Expensify 2025-05-23,62662,https://github.com/Expensify/App/issues/62662,2025-05-23
62722,https://github.com/Expensify/App/issues/62722,Deploy Checklist: New Expensify 2025-05-23,62662,https://github.com/Expensify/App/issues/62662,2025-05-23
62723,https://github.com/Expensify/App/issues/62723,Deploy Checklist: New Expensify 2025-05-23,62662,https://github.com/Expensify/App/issues/62662,2025-05-23
62724,https://github.com/Expensify/App/issues/62724,Deploy Checklist: New Expensify 2025-05-23,62662,https://github.com/Expensify/App/issues/62662,2025-05-23
62725,https://github.com/Expensify/App/issues/62725,Deploy Checklist: New Expensify 2025-05-23,62662,https://github.com/Expensify/App/issues/62662,2025-05-23
62727,https://github.com/Expensify/App/issues/62727,Deploy Checklist: New Expensify 2025-05-23,62662,https://github.com/Expensify/App/issues/62662,2025-05-23
62728,https://github.com/Expensify/App/issues/62728,Deploy Checklist: New Expensify 2025-05-23,62662,https://github.com/Expensify/App/issues/62662,2025-05-23
62729,https://github.com/Expensify/App/issues/62729,Deploy Checklist: New Expensify 2025-05-23,62662,https://github.com/Expensify/App/issues/62662,2025-05-23
62730,https://github.com/Expensify/App/issues/62730,Deploy Checklist: New Expensify 2025-05-23,62662,https://github.com/Expensify/App/issues/62662,2025-05-23
62731,https://github.com/Expensify/App/issues/62731,Deploy Checklist: New Expensify 2025-05-23,62662,https://github.com/Expensify/App/issues/62662,2025-05-23
62735,https://github.com/Expensify/App/issues/62735,Deploy Checklist: New Expensify 2025-05-23,62662,https://github.com/Expensify/App/issues/62662,2025-05-23
62741,https://github.com/Expensify/App/issues/62741,Deploy Checklist: New Expensify 2025-05-23,62662,https://github.com/Expensify/App/issues/62662,2025-05-23
62742,https://github.com/Expensify/App/issues/62742,Deploy Checklist: New Expensify 2025-05-23,62662,https://github.com/Expensify/App/issues/62662,2025-05-23
62745,https://github.com/Expensify/App/issues/62745,Deploy Checklist: New Expensify 2025-05-23,62662,https://github.com/Expensify/App/issues/62662,2025-05-23
62748,https://github.com/Expensify/App/issues/62748,Deploy Checklist: New Expensify 2025-05-23,62662,https://github.com/Expensify/App/issues/62662,2025-05-23
62750,https://github.com/Expensify/App/issues/62750,Deploy Checklist: New Expensify 2025-05-23,62662,https://github.com/Expensify/App/issues/62662,2025-05-23
62751,https://github.com/Expensify/App/issues/62751,Deploy Checklist: New Expensify 2025-05-23,62662,https://github.com/Expensify/App/issues/62662,2025-05-23
62763,https://github.com/Expensify/App/issues/62763,Deploy Checklist: New Expensify 2025-05-23,62662,https://github.com/Expensify/App/issues/62662,2025-05-23
62774,https://github.com/Expensify/App/issues/62774,Deploy Checklist: New Expensify 2025-05-23,62662,https://github.com/Expensify/App/issues/62662,2025-05-23
62775,https://github.com/Expensify/App/issues/62775,Deploy Checklist: New Expensify 2025-05-23,62662,https://github.com/Expensify/App/issues/62662,2025-05-23
62797,https://github.com/Expensify/App/issues/62797,Deploy Checklist: New Expensify 2025-05-23,62662,https://github.com/Expensify/App/issues/62662,2025-05-23
62813,https://github.com/Expensify/App/issues/62813,Deploy Checklist: New Expensify 2025-05-23,62662,https://github.com/Expensify/App/issues/62662,2025-05-23
62856,https://github.com/Expensify/App/issues/62856,Deploy Checklist: New Expensify 2025-05-23,62662,https://github.com/Expensify/App/issues/62662,2025-05-23
62500,https://github.com/Expensify/App/issues/62500,Deploy Checklist: New Expensify 2025-05-21,62497,https://github.com/Expensify/App/issues/62497,2025-05-21
62501,https://github.com/Expensify/App/issues/62501,Deploy Checklist: New Expensify 2025-05-21,62497,https://github.com/Expensify/App/issues/62497,2025-05-21
62502,https://github.com/Expensify/App/issues/62502,Deploy Checklist: New Expensify 2025-05-21,62497,https://github.com/Expensify/App/issues/62497,2025-05-21
62504,https://github.com/Expensify/App/issues/62504,Deploy Checklist: New Expensify 2025-05-21,62497,https://github.com/Expensify/App/issues/62497,2025-05-21
62506,https://github.com/Expensify/App/issues/62506,Deploy Checklist: New Expensify 2025-05-21,62497,https://github.com/Expensify/App/issues/62497,2025-05-21
62507,https://github.com/Expensify/App/issues/62507,Deploy Checklist: New Expensify 2025-05-21,62497,https://github.com/Expensify/App/issues/62497,2025-05-21
62508,https://github.com/Expensify/App/issues/62508,Deploy Checklist: New Expensify 2025-05-21,62497,https://github.com/Expensify/App/issues/62497,2025-05-21
62510,https://github.com/Expensify/App/issues/62510,Deploy Checklist: New Expensify 2025-05-21,62497,https://github.com/Expensify/App/issues/62497,2025-05-21
62511,https://github.com/Expensify/App/issues/62511,Deploy Checklist: New Expensify 2025-05-21,62497,https://github.com/Expensify/App/issues/62497,2025-05-21
62514,https://github.com/Expensify/App/issues/62514,Deploy Checklist: New Expensify 2025-05-21,62497,https://github.com/Expensify/App/issues/62497,2025-05-21
62517,https://github.com/Expensify/App/issues/62517,Deploy Checklist: New Expensify 2025-05-21,62497,https://github.com/Expensify/App/issues/62497,2025-05-21
62519,https://github.com/Expensify/App/issues/62519,Deploy Checklist: New Expensify 2025-05-21,62497,https://github.com/Expensify/App/issues/62497,2025-05-21
62521,https://github.com/Expensify/App/issues/62521,Deploy Checklist: New Expensify 2025-05-21,62497,https://github.com/Expensify/App/issues/62497,2025-05-21
62525,https://github.com/Expensify/App/issues/62525,Deploy Checklist: New Expensify 2025-05-21,62497,https://github.com/Expensify/App/issues/62497,2025-05-21
62529,https://github.com/Expensify/App/issues/62529,Deploy Checklist: New Expensify 2025-05-21,62497,https://github.com/Expensify/App/issues/62497,2025-05-21
62530,https://github.com/Expensify/App/issues/62530,Deploy Checklist: New Expensify 2025-05-21,62497,https://github.com/Expensify/App/issues/62497,2025-05-21
62531,https://github.com/Expensify/App/issues/62531,Deploy Checklist: New Expensify 2025-05-21,62497,https://github.com/Expensify/App/issues/62497,2025-05-21
62534,https://github.com/Expensify/App/issues/62534,Deploy Checklist: New Expensify 2025-05-21,62497,https://github.com/Expensify/App/issues/62497,2025-05-21
62541,https://github.com/Expensify/App/issues/62541,Deploy Checklist: New Expensify 2025-05-21,62497,https://github.com/Expensify/App/issues/62497,2025-05-21
62551,https://github.com/Expensify/App/issues/62551,Deploy Checklist: New Expensify 2025-05-21,62497,https://github.com/Expensify/App/issues/62497,2025-05-21
62552,https://github.com/Expensify/App/issues/62552,Deploy Checklist: New Expensify 2025-05-21,62497,https://github.com/Expensify/App/issues/62497,2025-05-21
62558,https://github.com/Expensify/App/issues/62558,Deploy Checklist: New Expensify 2025-05-21,62497,https://github.com/Expensify/App/issues/62497,2025-05-21
62560,https://github.com/Expensify/App/issues/62560,Deploy Checklist: New Expensify 2025-05-21,62497,https://github.com/Expensify/App/issues/62497,2025-05-21
62575,https://github.com/Expensify/App/issues/62575,Deploy Checklist: New Expensify 2025-05-21,62497,https://github.com/Expensify/App/issues/62497,2025-05-21
62579,https://github.com/Expensify/App/issues/62579,Deploy Checklist: New Expensify 2025-05-21,62497,https://github.com/Expensify/App/issues/62497,2025-05-21
62601,https://github.com/Expensify/App/issues/62601,Deploy Checklist: New Expensify 2025-05-21,62497,https://github.com/Expensify/App/issues/62497,2025-05-21
62605,https://github.com/Expensify/App/issues/62605,Deploy Checklist: New Expensify 2025-05-21,62497,https://github.com/Expensify/App/issues/62497,2025-05-21
62616,https://github.com/Expensify/App/issues/62616,Deploy Checklist: New Expensify 2025-05-21,62497,https://github.com/Expensify/App/issues/62497,2025-05-21
62635,https://github.com/Expensify/App/issues/62635,Deploy Checklist: New Expensify 2025-05-21,62497,https://github.com/Expensify/App/issues/62497,2025-05-21
62359,https://github.com/Expensify/App/issues/62359,Deploy Checklist: New Expensify 2025-05-20,62353,https://github.com/Expensify/App/issues/62353,2025-05-20
62360,https://github.com/Expensify/App/issues/62360,Deploy Checklist: New Expensify 2025-05-20,62353,https://github.com/Expensify/App/issues/62353,2025-05-20
62362,https://github.com/Expensify/App/issues/62362,Deploy Checklist: New Expensify 2025-05-20,62353,https://github.com/Expensify/App/issues/62353,2025-05-20
62365,https://github.com/Expensify/App/issues/62365,Deploy Checklist: New Expensify 2025-05-20,62353,https://github.com/Expensify/App/issues/62353,2025-05-20
62367,https://github.com/Expensify/App/issues/62367,Deploy Checklist: New Expensify 2025-05-20,62353,https://github.com/Expensify/App/issues/62353,2025-05-20
62370,https://github.com/Expensify/App/issues/62370,Deploy Checklist: New Expensify 2025-05-20,62353,https://github.com/Expensify/App/issues/62353,2025-05-20
62372,https://github.com/Expensify/App/issues/62372,Deploy Checklist: New Expensify 2025-05-20,62353,https://github.com/Expensify/App/issues/62353,2025-05-20
62396,https://github.com/Expensify/App/issues/62396,Deploy Checklist: New Expensify 2025-05-20,62353,https://github.com/Expensify/App/issues/62353,2025-05-20
62404,https://github.com/Expensify/App/issues/62404,Deploy Checklist: New Expensify 2025-05-20,62353,https://github.com/Expensify/App/issues/62353,2025-05-20
62410,https://github.com/Expensify/App/issues/62410,Deploy Checklist: New Expensify 2025-05-20,62353,https://github.com/Expensify/App/issues/62353,2025-05-20
62415,https://github.com/Expensify/App/issues/62415,Deploy Checklist: New Expensify 2025-05-20,62353,https://github.com/Expensify/App/issues/62353,2025-05-20
62430,https://github.com/Expensify/App/issues/62430,Deploy Checklist: New Expensify 2025-05-20,62353,https://github.com/Expensify/App/issues/62353,2025-05-20
62435,https://github.com/Expensify/App/issues/62435,Deploy Checklist: New Expensify 2025-05-20,62353,https://github.com/Expensify/App/issues/62353,2025-05-20
62444,https://github.com/Expensify/App/issues/62444,Deploy Checklist: New Expensify 2025-05-20,62353,https://github.com/Expensify/App/issues/62353,2025-05-20
62141,https://github.com/Expensify/App/issues/62141,Deploy Checklist: New Expensify 2025-05-15,62161,https://github.com/Expensify/App/issues/62161,2025-05-16
62142,https://github.com/Expensify/App/issues/62142,Deploy Checklist: New Expensify 2025-05-15,62161,https://github.com/Expensify/App/issues/62161,2025-05-16
62143,https://github.com/Expensify/App/issues/62143,Deploy Checklist: New Expensify 2025-05-15,62161,https://github.com/Expensify/App/issues/62161,2025-05-16
62144,https://github.com/Expensify/App/issues/62144,Deploy Checklist: New Expensify 2025-05-15,62161,https://github.com/Expensify/App/issues/62161,2025-05-16
62145,https://github.com/Expensify/App/issues/62145,Deploy Checklist: New Expensify 2025-05-15,62161,https://github.com/Expensify/App/issues/62161,2025-05-16
62152,https://github.com/Expensify/App/issues/62152,Deploy Checklist: New Expensify 2025-05-15,62161,https://github.com/Expensify/App/issues/62161,2025-05-16
62153,https://github.com/Expensify/App/issues/62153,Deploy Checklist: New Expensify 2025-05-15,62161,https://github.com/Expensify/App/issues/62161,2025-05-16
62154,https://github.com/Expensify/App/issues/62154,Deploy Checklist: New Expensify 2025-05-15,62161,https://github.com/Expensify/App/issues/62161,2025-05-16
62155,https://github.com/Expensify/App/issues/62155,Deploy Checklist: New Expensify 2025-05-15,62161,https://github.com/Expensify/App/issues/62161,2025-05-16
62156,https://github.com/Expensify/App/issues/62156,Deploy Checklist: New Expensify 2025-05-15,62161,https://github.com/Expensify/App/issues/62161,2025-05-16
62168,https://github.com/Expensify/App/issues/62168,Deploy Checklist: New Expensify 2025-05-15,62161,https://github.com/Expensify/App/issues/62161,2025-05-16
62173,https://github.com/Expensify/App/issues/62173,Deploy Checklist: New Expensify 2025-05-15,62161,https://github.com/Expensify/App/issues/62161,2025-05-16
62174,https://github.com/Expensify/App/issues/62174,Deploy Checklist: New Expensify 2025-05-15,62161,https://github.com/Expensify/App/issues/62161,2025-05-16
62175,https://github.com/Expensify/App/issues/62175,Deploy Checklist: New Expensify 2025-05-15,62161,https://github.com/Expensify/App/issues/62161,2025-05-16
62176,https://github.com/Expensify/App/issues/62176,Deploy Checklist: New Expensify 2025-05-15,62161,https://github.com/Expensify/App/issues/62161,2025-05-16
62187,https://github.com/Expensify/App/issues/62187,Deploy Checklist: New Expensify 2025-05-15,62161,https://github.com/Expensify/App/issues/62161,2025-05-16
62191,https://github.com/Expensify/App/issues/62191,Deploy Checklist: New Expensify 2025-05-15,62161,https://github.com/Expensify/App/issues/62161,2025-05-16
62193,https://github.com/Expensify/App/issues/62193,Deploy Checklist: New Expensify 2025-05-15,62161,https://github.com/Expensify/App/issues/62161,2025-05-16
62196,https://github.com/Expensify/App/issues/62196,Deploy Checklist: New Expensify 2025-05-15,62161,https://github.com/Expensify/App/issues/62161,2025-05-16
62221,https://github.com/Expensify/App/issues/62221,Deploy Checklist: New Expensify 2025-05-15,62161,https://github.com/Expensify/App/issues/62161,2025-05-16
62246,https://github.com/Expensify/App/issues/62246,Deploy Checklist: New Expensify 2025-05-15,62161,https://github.com/Expensify/App/issues/62161,2025-05-16
62343,https://github.com/Expensify/App/issues/62343,Deploy Checklist: New Expensify 2025-05-15,62161,https://github.com/Expensify/App/issues/62161,2025-05-16
62346,https://github.com/Expensify/App/issues/62346,Deploy Checklist: New Expensify 2025-05-15,62161,https://github.com/Expensify/App/issues/62161,2025-05-16
61895,https://github.com/Expensify/App/issues/61895,Deploy Checklist: New Expensify 2025-05-13,61917,https://github.com/Expensify/App/issues/61917,2025-05-13
61915,https://github.com/Expensify/App/issues/61915,Deploy Checklist: New Expensify 2025-05-13,61917,https://github.com/Expensify/App/issues/61917,2025-05-13
61921,https://github.com/Expensify/App/issues/61921,Deploy Checklist: New Expensify 2025-05-13,61917,https://github.com/Expensify/App/issues/61917,2025-05-13
61924,https://github.com/Expensify/App/issues/61924,Deploy Checklist: New Expensify 2025-05-13,61917,https://github.com/Expensify/App/issues/61917,2025-05-13
61925,https://github.com/Expensify/App/issues/61925,Deploy Checklist: New Expensify 2025-05-13,61917,https://github.com/Expensify/App/issues/61917,2025-05-13
61926,https://github.com/Expensify/App/issues/61926,Deploy Checklist: New Expensify 2025-05-13,61917,https://github.com/Expensify/App/issues/61917,2025-05-13
61927,https://github.com/Expensify/App/issues/61927,Deploy Checklist: New Expensify 2025-05-13,61917,https://github.com/Expensify/App/issues/61917,2025-05-13
61928,https://github.com/Expensify/App/issues/61928,Deploy Checklist: New Expensify 2025-05-13,61917,https://github.com/Expensify/App/issues/61917,2025-05-13
61932,https://github.com/Expensify/App/issues/61932,Deploy Checklist: New Expensify 2025-05-13,61917,https://github.com/Expensify/App/issues/61917,2025-05-13
61938,https://github.com/Expensify/App/issues/61938,Deploy Checklist: New Expensify 2025-05-13,61917,https://github.com/Expensify/App/issues/61917,2025-05-13
61939,https://github.com/Expensify/App/issues/61939,Deploy Checklist: New Expensify 2025-05-13,61917,https://github.com/Expensify/App/issues/61917,2025-05-13
61940,https://github.com/Expensify/App/issues/61940,Deploy Checklist: New Expensify 2025-05-13,61917,https://github.com/Expensify/App/issues/61917,2025-05-13
61941,https://github.com/Expensify/App/issues/61941,Deploy Checklist: New Expensify 2025-05-13,61917,https://github.com/Expensify/App/issues/61917,2025-05-13
61942,https://github.com/Expensify/App/issues/61942,Deploy Checklist: New Expensify 2025-05-13,61917,https://github.com/Expensify/App/issues/61917,2025-05-13
61943,https://github.com/Expensify/App/issues/61943,Deploy Checklist: New Expensify 2025-05-13,61917,https://github.com/Expensify/App/issues/61917,2025-05-13
61944,https://github.com/Expensify/App/issues/61944,Deploy Checklist: New Expensify 2025-05-13,61917,https://github.com/Expensify/App/issues/61917,2025-05-13
61948,https://github.com/Expensify/App/issues/61948,Deploy Checklist: New Expensify 2025-05-13,61917,https://github.com/Expensify/App/issues/61917,2025-05-13
61949,https://github.com/Expensify/App/issues/61949,Deploy Checklist: New Expensify 2025-05-13,61917,https://github.com/Expensify/App/issues/61917,2025-05-13
61950,https://github.com/Expensify/App/issues/61950,Deploy Checklist: New Expensify 2025-05-13,61917,https://github.com/Expensify/App/issues/61917,2025-05-13
61951,https://github.com/Expensify/App/issues/61951,Deploy Checklist: New Expensify 2025-05-13,61917,https://github.com/Expensify/App/issues/61917,2025-05-13
61953,https://github.com/Expensify/App/issues/61953,Deploy Checklist: New Expensify 2025-05-13,61917,https://github.com/Expensify/App/issues/61917,2025-05-13
61954,https://github.com/Expensify/App/issues/61954,Deploy Checklist: New Expensify 2025-05-13,61917,https://github.com/Expensify/App/issues/61917,2025-05-13
61956,https://github.com/Expensify/App/issues/61956,Deploy Checklist: New Expensify 2025-05-13,61917,https://github.com/Expensify/App/issues/61917,2025-05-13
61957,https://github.com/Expensify/App/issues/61957,Deploy Checklist: New Expensify 2025-05-13,61917,https://github.com/Expensify/App/issues/61917,2025-05-13
61958,https://github.com/Expensify/App/issues/61958,Deploy Checklist: New Expensify 2025-05-13,61917,https://github.com/Expensify/App/issues/61917,2025-05-13
61961,https://github.com/Expensify/App/issues/61961,Deploy Checklist: New Expensify 2025-05-13,61917,https://github.com/Expensify/App/issues/61917,2025-05-13
61962,https://github.com/Expensify/App/issues/61962,Deploy Checklist: New Expensify 2025-05-13,61917,https://github.com/Expensify/App/issues/61917,2025-05-13
61963,https://github.com/Expensify/App/issues/61963,Deploy Checklist: New Expensify 2025-05-13,61917,https://github.com/Expensify/App/issues/61917,2025-05-13
61965,https://github.com/Expensify/App/issues/61965,Deploy Checklist: New Expensify 2025-05-13,61917,https://github.com/Expensify/App/issues/61917,2025-05-13
61968,https://github.com/Expensify/App/issues/61968,Deploy Checklist: New Expensify 2025-05-13,61917,https://github.com/Expensify/App/issues/61917,2025-05-13
61970,https://github.com/Expensify/App/issues/61970,Deploy Checklist: New Expensify 2025-05-13,61917,https://github.com/Expensify/App/issues/61917,2025-05-13
61972,https://github.com/Expensify/App/issues/61972,Deploy Checklist: New Expensify 2025-05-13,61917,https://github.com/Expensify/App/issues/61917,2025-05-13
61973,https://github.com/Expensify/App/issues/61973,Deploy Checklist: New Expensify 2025-05-13,61917,https://github.com/Expensify/App/issues/61917,2025-05-13
61974,https://github.com/Expensify/App/issues/61974,Deploy Checklist: New Expensify 2025-05-13,61917,https://github.com/Expensify/App/issues/61917,2025-05-13
61976,https://github.com/Expensify/App/issues/61976,Deploy Checklist: New Expensify 2025-05-13,61917,https://github.com/Expensify/App/issues/61917,2025-05-13
61977,https://github.com/Expensify/App/issues/61977,Deploy Checklist: New Expensify 2025-05-13,61917,https://github.com/Expensify/App/issues/61917,2025-05-13
61978,https://github.com/Expensify/App/issues/61978,Deploy Checklist: New Expensify 2025-05-13,61917,https://github.com/Expensify/App/issues/61917,2025-05-13
61986,https://github.com/Expensify/App/issues/61986,Deploy Checklist: New Expensify 2025-05-13,61917,https://github.com/Expensify/App/issues/61917,2025-05-13
61987,https://github.com/Expensify/App/issues/61987,Deploy Checklist: New Expensify 2025-05-13,61917,https://github.com/Expensify/App/issues/61917,2025-05-13
61997,https://github.com/Expensify/App/issues/61997,Deploy Checklist: New Expensify 2025-05-13,61917,https://github.com/Expensify/App/issues/61917,2025-05-13
61998,https://github.com/Expensify/App/issues/61998,Deploy Checklist: New Expensify 2025-05-13,61917,https://github.com/Expensify/App/issues/61917,2025-05-13
61999,https://github.com/Expensify/App/issues/61999,Deploy Checklist: New Expensify 2025-05-13,61917,https://github.com/Expensify/App/issues/61917,2025-05-13
62001,https://github.com/Expensify/App/issues/62001,Deploy Checklist: New Expensify 2025-05-13,61917,https://github.com/Expensify/App/issues/61917,2025-05-13
62006,https://github.com/Expensify/App/issues/62006,Deploy Checklist: New Expensify 2025-05-13,61917,https://github.com/Expensify/App/issues/61917,2025-05-13
62012,https://github.com/Expensify/App/issues/62012,Deploy Checklist: New Expensify 2025-05-13,61917,https://github.com/Expensify/App/issues/61917,2025-05-13
62014,https://github.com/Expensify/App/issues/62014,Deploy Checklist: New Expensify 2025-05-13,61917,https://github.com/Expensify/App/issues/61917,2025-05-13
62020,https://github.com/Expensify/App/issues/62020,Deploy Checklist: New Expensify 2025-05-13,61917,https://github.com/Expensify/App/issues/61917,2025-05-13
62021,https://github.com/Expensify/App/issues/62021,Deploy Checklist: New Expensify 2025-05-13,61917,https://github.com/Expensify/App/issues/61917,2025-05-13
62031,https://github.com/Expensify/App/issues/62031,Deploy Checklist: New Expensify 2025-05-13,61917,https://github.com/Expensify/App/issues/61917,2025-05-13
62033,https://github.com/Expensify/App/issues/62033,Deploy Checklist: New Expensify 2025-05-13,61917,https://github.com/Expensify/App/issues/61917,2025-05-13
62042,https://github.com/Expensify/App/issues/62042,Deploy Checklist: New Expensify 2025-05-13,61917,https://github.com/Expensify/App/issues/61917,2025-05-13
62065,https://github.com/Expensify/App/issues/62065,Deploy Checklist: New Expensify 2025-05-13,61917,https://github.com/Expensify/App/issues/61917,2025-05-13
62066,https://github.com/Expensify/App/issues/62066,Deploy Checklist: New Expensify 2025-05-13,61917,https://github.com/Expensify/App/issues/61917,2025-05-13
62086,https://github.com/Expensify/App/issues/62086,Deploy Checklist: New Expensify 2025-05-13,61917,https://github.com/Expensify/App/issues/61917,2025-05-13
62090,https://github.com/Expensify/App/issues/62090,Deploy Checklist: New Expensify 2025-05-13,61917,https://github.com/Expensify/App/issues/61917,2025-05-13
61630,https://github.com/Expensify/App/issues/61630,Deploy Checklist: New Expensify 2025-05-07,61626,https://github.com/Expensify/App/issues/61626,2025-05-07
61631,https://github.com/Expensify/App/issues/61631,Deploy Checklist: New Expensify 2025-05-07,61626,https://github.com/Expensify/App/issues/61626,2025-05-07
61633,https://github.com/Expensify/App/issues/61633,Deploy Checklist: New Expensify 2025-05-07,61626,https://github.com/Expensify/App/issues/61626,2025-05-07
61634,https://github.com/Expensify/App/issues/61634,Deploy Checklist: New Expensify 2025-05-07,61626,https://github.com/Expensify/App/issues/61626,2025-05-07
61636,https://github.com/Expensify/App/issues/61636,Deploy Checklist: New Expensify 2025-05-07,61626,https://github.com/Expensify/App/issues/61626,2025-05-07
61637,https://github.com/Expensify/App/issues/61637,Deploy Checklist: New Expensify 2025-05-07,61626,https://github.com/Expensify/App/issues/61626,2025-05-07
61638,https://github.com/Expensify/App/issues/61638,Deploy Checklist: New Expensify 2025-05-07,61626,https://github.com/Expensify/App/issues/61626,2025-05-07
61640,https://github.com/Expensify/App/issues/61640,Deploy Checklist: New Expensify 2025-05-07,61626,https://github.com/Expensify/App/issues/61626,2025-05-07
61642,https://github.com/Expensify/App/issues/61642,Deploy Checklist: New Expensify 2025-05-07,61626,https://github.com/Expensify/App/issues/61626,2025-05-07
61643,https://github.com/Expensify/App/issues/61643,Deploy Checklist: New Expensify 2025-05-07,61626,https://github.com/Expensify/App/issues/61626,2025-05-07
61646,https://github.com/Expensify/App/issues/61646,Deploy Checklist: New Expensify 2025-05-07,61626,https://github.com/Expensify/App/issues/61626,2025-05-07
61649,https://github.com/Expensify/App/issues/61649,Deploy Checklist: New Expensify 2025-05-07,61626,https://github.com/Expensify/App/issues/61626,2025-05-07
61650,https://github.com/Expensify/App/issues/61650,Deploy Checklist: New Expensify 2025-05-07,61626,https://github.com/Expensify/App/issues/61626,2025-05-07
61652,https://github.com/Expensify/App/issues/61652,Deploy Checklist: New Expensify 2025-05-07,61626,https://github.com/Expensify/App/issues/61626,2025-05-07
61662,https://github.com/Expensify/App/issues/61662,Deploy Checklist: New Expensify 2025-05-07,61626,https://github.com/Expensify/App/issues/61626,2025-05-07
61668,https://github.com/Expensify/App/issues/61668,Deploy Checklist: New Expensify 2025-05-07,61626,https://github.com/Expensify/App/issues/61626,2025-05-07
61669,https://github.com/Expensify/App/issues/61669,Deploy Checklist: New Expensify 2025-05-07,61626,https://github.com/Expensify/App/issues/61626,2025-05-07
61671,https://github.com/Expensify/App/issues/61671,Deploy Checklist: New Expensify 2025-05-07,61626,https://github.com/Expensify/App/issues/61626,2025-05-07
61674,https://github.com/Expensify/App/issues/61674,Deploy Checklist: New Expensify 2025-05-07,61626,https://github.com/Expensify/App/issues/61626,2025-05-07
61675,https://github.com/Expensify/App/issues/61675,Deploy Checklist: New Expensify 2025-05-07,61626,https://github.com/Expensify/App/issues/61626,2025-05-07
61682,https://github.com/Expensify/App/issues/61682,Deploy Checklist: New Expensify 2025-05-07,61626,https://github.com/Expensify/App/issues/61626,2025-05-07
61683,https://github.com/Expensify/App/issues/61683,Deploy Checklist: New Expensify 2025-05-07,61626,https://github.com/Expensify/App/issues/61626,2025-05-07
61685,https://github.com/Expensify/App/issues/61685,Deploy Checklist: New Expensify 2025-05-07,61626,https://github.com/Expensify/App/issues/61626,2025-05-07
61687,https://github.com/Expensify/App/issues/61687,Deploy Checklist: New Expensify 2025-05-07,61626,https://github.com/Expensify/App/issues/61626,2025-05-07
61692,https://github.com/Expensify/App/issues/61692,Deploy Checklist: New Expensify 2025-05-07,61626,https://github.com/Expensify/App/issues/61626,2025-05-07
61719,https://github.com/Expensify/App/issues/61719,Deploy Checklist: New Expensify 2025-05-07,61626,https://github.com/Expensify/App/issues/61626,2025-05-07
61720,https://github.com/Expensify/App/issues/61720,Deploy Checklist: New Expensify 2025-05-07,61626,https://github.com/Expensify/App/issues/61626,2025-05-07
61752,https://github.com/Expensify/App/issues/61752,Deploy Checklist: New Expensify 2025-05-07,61626,https://github.com/Expensify/App/issues/61626,2025-05-07
61820,https://github.com/Expensify/App/issues/61820,Deploy Checklist: New Expensify 2025-05-07,61626,https://github.com/Expensify/App/issues/61626,2025-05-07
61821,https://github.com/Expensify/App/issues/61821,Deploy Checklist: New Expensify 2025-05-07,61626,https://github.com/Expensify/App/issues/61626,2025-05-07
61822,https://github.com/Expensify/App/issues/61822,Deploy Checklist: New Expensify 2025-05-07,61626,https://github.com/Expensify/App/issues/61626,2025-05-07
61823,https://github.com/Expensify/App/issues/61823,Deploy Checklist: New Expensify 2025-05-07,61626,https://github.com/Expensify/App/issues/61626,2025-05-07
61833,https://github.com/Expensify/App/issues/61833,Deploy Checklist: New Expensify 2025-05-07,61626,https://github.com/Expensify/App/issues/61626,2025-05-07
61557,https://github.com/Expensify/App/issues/61557,Deploy Checklist: New Expensify 2025-05-06,61539,https://github.com/Expensify/App/issues/61539,2025-05-06
61599,https://github.com/Expensify/App/issues/61599,Deploy Checklist: New Expensify 2025-05-06,61539,https://github.com/Expensify/App/issues/61539,2025-05-06
61425,https://github.com/Expensify/App/issues/61425,Deploy Checklist: New Expensify 2025-05-06,61424,https://github.com/Expensify/App/issues/61424,2025-05-06
61426,https://github.com/Expensify/App/issues/61426,Deploy Checklist: New Expensify 2025-05-06,61424,https://github.com/Expensify/App/issues/61424,2025-05-06
61427,https://github.com/Expensify/App/issues/61427,Deploy Checklist: New Expensify 2025-05-06,61424,https://github.com/Expensify/App/issues/61424,2025-05-06
61429,https://github.com/Expensify/App/issues/61429,Deploy Checklist: New Expensify 2025-05-06,61424,https://github.com/Expensify/App/issues/61424,2025-05-06
61430,https://github.com/Expensify/App/issues/61430,Deploy Checklist: New Expensify 2025-05-06,61424,https://github.com/Expensify/App/issues/61424,2025-05-06
61431,https://github.com/Expensify/App/issues/61431,Deploy Checklist: New Expensify 2025-05-06,61424,https://github.com/Expensify/App/issues/61424,2025-05-06
61433,https://github.com/Expensify/App/issues/61433,Deploy Checklist: New Expensify 2025-05-06,61424,https://github.com/Expensify/App/issues/61424,2025-05-06
61434,https://github.com/Expensify/App/issues/61434,Deploy Checklist: New Expensify 2025-05-06,61424,https://github.com/Expensify/App/issues/61424,2025-05-06
61435,https://github.com/Expensify/App/issues/61435,Deploy Checklist: New Expensify 2025-05-06,61424,https://github.com/Expensify/App/issues/61424,2025-05-06
61436,https://github.com/Expensify/App/issues/61436,Deploy Checklist: New Expensify 2025-05-06,61424,https://github.com/Expensify/App/issues/61424,2025-05-06
61440,https://github.com/Expensify/App/issues/61440,Deploy Checklist: New Expensify 2025-05-06,61424,https://github.com/Expensify/App/issues/61424,2025-05-06
61444,https://github.com/Expensify/App/issues/61444,Deploy Checklist: New Expensify 2025-05-06,61424,https://github.com/Expensify/App/issues/61424,2025-05-06
61446,https://github.com/Expensify/App/issues/61446,Deploy Checklist: New Expensify 2025-05-06,61424,https://github.com/Expensify/App/issues/61424,2025-05-06
61455,https://github.com/Expensify/App/issues/61455,Deploy Checklist: New Expensify 2025-05-06,61424,https://github.com/Expensify/App/issues/61424,2025-05-06
61460,https://github.com/Expensify/App/issues/61460,Deploy Checklist: New Expensify 2025-05-06,61424,https://github.com/Expensify/App/issues/61424,2025-05-06
61491,https://github.com/Expensify/App/issues/61491,Deploy Checklist: New Expensify 2025-05-06,61424,https://github.com/Expensify/App/issues/61424,2025-05-06
61497,https://github.com/Expensify/App/issues/61497,Deploy Checklist: New Expensify 2025-05-06,61424,https://github.com/Expensify/App/issues/61424,2025-05-06
61526,https://github.com/Expensify/App/issues/61526,Deploy Checklist: New Expensify 2025-05-06,61424,https://github.com/Expensify/App/issues/61424,2025-05-06
61272,https://github.com/Expensify/App/issues/61272,Deploy Checklist: New Expensify 2025-05-01,61263,https://github.com/Expensify/App/issues/61263,2025-05-01
61275,https://github.com/Expensify/App/issues/61275,Deploy Checklist: New Expensify 2025-05-01,61263,https://github.com/Expensify/App/issues/61263,2025-05-01
61276,https://github.com/Expensify/App/issues/61276,Deploy Checklist: New Expensify 2025-05-01,61263,https://github.com/Expensify/App/issues/61263,2025-05-01
61277,https://github.com/Expensify/App/issues/61277,Deploy Checklist: New Expensify 2025-05-01,61263,https://github.com/Expensify/App/issues/61263,2025-05-01
61278,https://github.com/Expensify/App/issues/61278,Deploy Checklist: New Expensify 2025-05-01,61263,https://github.com/Expensify/App/issues/61263,2025-05-01
61293,https://github.com/Expensify/App/issues/61293,Deploy Checklist: New Expensify 2025-05-01,61263,https://github.com/Expensify/App/issues/61263,2025-05-01
61295,https://github.com/Expensify/App/issues/61295,Deploy Checklist: New Expensify 2025-05-01,61263,https://github.com/Expensify/App/issues/61263,2025-05-01
61299,https://github.com/Expensify/App/issues/61299,Deploy Checklist: New Expensify 2025-05-01,61263,https://github.com/Expensify/App/issues/61263,2025-05-01
61324,https://github.com/Expensify/App/issues/61324,Deploy Checklist: New Expensify 2025-05-01,61263,https://github.com/Expensify/App/issues/61263,2025-05-01
61325,https://github.com/Expensify/App/issues/61325,Deploy Checklist: New Expensify 2025-05-01,61263,https://github.com/Expensify/App/issues/61263,2025-05-01
61340,https://github.com/Expensify/App/issues/61340,Deploy Checklist: New Expensify 2025-05-01,61263,https://github.com/Expensify/App/issues/61263,2025-05-01
61344,https://github.com/Expensify/App/issues/61344,Deploy Checklist: New Expensify 2025-05-01,61263,https://github.com/Expensify/App/issues/61263,2025-05-01
61351,https://github.com/Expensify/App/issues/61351,Deploy Checklist: New Expensify 2025-05-01,61263,https://github.com/Expensify/App/issues/61263,2025-05-01
61129,https://github.com/Expensify/App/issues/61129,Deploy Checklist: New Expensify 2025-04-30,61122,https://github.com/Expensify/App/issues/61122,2025-04-30
61141,https://github.com/Expensify/App/issues/61141,Deploy Checklist: New Expensify 2025-04-30,61122,https://github.com/Expensify/App/issues/61122,2025-04-30
61145,https://github.com/Expensify/App/issues/61145,Deploy Checklist: New Expensify 2025-04-30,61122,https://github.com/Expensify/App/issues/61122,2025-04-30
61146,https://github.com/Expensify/App/issues/61146,Deploy Checklist: New Expensify 2025-04-30,61122,https://github.com/Expensify/App/issues/61122,2025-04-30
61147,https://github.com/Expensify/App/issues/61147,Deploy Checklist: New Expensify 2025-04-30,61122,https://github.com/Expensify/App/issues/61122,2025-04-30
61166,https://github.com/Expensify/App/issues/61166,Deploy Checklist: New Expensify 2025-04-30,61122,https://github.com/Expensify/App/issues/61122,2025-04-30
61177,https://github.com/Expensify/App/issues/61177,Deploy Checklist: New Expensify 2025-04-30,61122,https://github.com/Expensify/App/issues/61122,2025-04-30
61186,https://github.com/Expensify/App/issues/61186,Deploy Checklist: New Expensify 2025-04-30,61122,https://github.com/Expensify/App/issues/61122,2025-04-30
61187,https://github.com/Expensify/App/issues/61187,Deploy Checklist: New Expensify 2025-04-30,61122,https://github.com/Expensify/App/issues/61122,2025-04-30
60977,https://github.com/Expensify/App/issues/60977,Deploy Checklist: New Expensify 2025-04-28,60971,https://github.com/Expensify/App/issues/60971,2025-04-28
60979,https://github.com/Expensify/App/issues/60979,Deploy Checklist: New Expensify 2025-04-28,60971,https://github.com/Expensify/App/issues/60971,2025-04-28
60985,https://github.com/Expensify/App/issues/60985,Deploy Checklist: New Expensify 2025-04-28,60971,https://github.com/Expensify/App/issues/60971,2025-04-28
60987,https://github.com/Expensify/App/issues/60987,Deploy Checklist: New Expensify 2025-04-28,60971,https://github.com/Expensify/App/issues/60971,2025-04-28
60991,https://github.com/Expensify/App/issues/60991,Deploy Checklist: New Expensify 2025-04-28,60971,https://github.com/Expensify/App/issues/60971,2025-04-28
60994,https://github.com/Expensify/App/issues/60994,Deploy Checklist: New Expensify 2025-04-28,60971,https://github.com/Expensify/App/issues/60971,2025-04-28
61003,https://github.com/Expensify/App/issues/61003,Deploy Checklist: New Expensify 2025-04-28,60971,https://github.com/Expensify/App/issues/60971,2025-04-28
61004,https://github.com/Expensify/App/issues/61004,Deploy Checklist: New Expensify 2025-04-28,60971,https://github.com/Expensify/App/issues/60971,2025-04-28
61005,https://github.com/Expensify/App/issues/61005,Deploy Checklist: New Expensify 2025-04-28,60971,https://github.com/Expensify/App/issues/60971,2025-04-28
61006,https://github.com/Expensify/App/issues/61006,Deploy Checklist: New Expensify 2025-04-28,60971,https://github.com/Expensify/App/issues/60971,2025-04-28
61009,https://github.com/Expensify/App/issues/61009,Deploy Checklist: New Expensify 2025-04-28,60971,https://github.com/Expensify/App/issues/60971,2025-04-28
61018,https://github.com/Expensify/App/issues/61018,Deploy Checklist: New Expensify 2025-04-28,60971,https://github.com/Expensify/App/issues/60971,2025-04-28
61023,https://github.com/Expensify/App/issues/61023,Deploy Checklist: New Expensify 2025-04-28,60971,https://github.com/Expensify/App/issues/60971,2025-04-28
61024,https://github.com/Expensify/App/issues/61024,Deploy Checklist: New Expensify 2025-04-28,60971,https://github.com/Expensify/App/issues/60971,2025-04-28
61025,https://github.com/Expensify/App/issues/61025,Deploy Checklist: New Expensify 2025-04-28,60971,https://github.com/Expensify/App/issues/60971,2025-04-28
61030,https://github.com/Expensify/App/issues/61030,Deploy Checklist: New Expensify 2025-04-28,60971,https://github.com/Expensify/App/issues/60971,2025-04-28
61032,https://github.com/Expensify/App/issues/61032,Deploy Checklist: New Expensify 2025-04-28,60971,https://github.com/Expensify/App/issues/60971,2025-04-28
61034,https://github.com/Expensify/App/issues/61034,Deploy Checklist: New Expensify 2025-04-28,60971,https://github.com/Expensify/App/issues/60971,2025-04-28
61036,https://github.com/Expensify/App/issues/61036,Deploy Checklist: New Expensify 2025-04-28,60971,https://github.com/Expensify/App/issues/60971,2025-04-28
61037,https://github.com/Expensify/App/issues/61037,Deploy Checklist: New Expensify 2025-04-28,60971,https://github.com/Expensify/App/issues/60971,2025-04-28
61042,https://github.com/Expensify/App/issues/61042,Deploy Checklist: New Expensify 2025-04-28,60971,https://github.com/Expensify/App/issues/60971,2025-04-28
61048,https://github.com/Expensify/App/issues/61048,Deploy Checklist: New Expensify 2025-04-28,60971,https://github.com/Expensify/App/issues/60971,2025-04-28
61054,https://github.com/Expensify/App/issues/61054,Deploy Checklist: New Expensify 2025-04-28,60971,https://github.com/Expensify/App/issues/60971,2025-04-28
61060,https://github.com/Expensify/App/issues/61060,Deploy Checklist: New Expensify 2025-04-28,60971,https://github.com/Expensify/App/issues/60971,2025-04-28
61071,https://github.com/Expensify/App/issues/61071,Deploy Checklist: New Expensify 2025-04-28,60971,https://github.com/Expensify/App/issues/60971,2025-04-28
61074,https://github.com/Expensify/App/issues/61074,Deploy Checklist: New Expensify 2025-04-28,60971,https://github.com/Expensify/App/issues/60971,2025-04-28
61083,https://github.com/Expensify/App/issues/61083,Deploy Checklist: New Expensify 2025-04-28,60971,https://github.com/Expensify/App/issues/60971,2025-04-28
61092,https://github.com/Expensify/App/issues/61092,Deploy Checklist: New Expensify 2025-04-28,60971,https://github.com/Expensify/App/issues/60971,2025-04-28
60733,https://github.com/Expensify/App/issues/60733,Deploy Checklist: New Expensify 2025-04-23,60729,https://github.com/Expensify/App/issues/60729,2025-04-23
60735,https://github.com/Expensify/App/issues/60735,Deploy Checklist: New Expensify 2025-04-23,60729,https://github.com/Expensify/App/issues/60729,2025-04-23
60736,https://github.com/Expensify/App/issues/60736,Deploy Checklist: New Expensify 2025-04-23,60729,https://github.com/Expensify/App/issues/60729,2025-04-23
60741,https://github.com/Expensify/App/issues/60741,Deploy Checklist: New Expensify 2025-04-23,60729,https://github.com/Expensify/App/issues/60729,2025-04-23
60743,https://github.com/Expensify/App/issues/60743,Deploy Checklist: New Expensify 2025-04-23,60729,https://github.com/Expensify/App/issues/60729,2025-04-23
60748,https://github.com/Expensify/App/issues/60748,Deploy Checklist: New Expensify 2025-04-23,60729,https://github.com/Expensify/App/issues/60729,2025-04-23
60749,https://github.com/Expensify/App/issues/60749,Deploy Checklist: New Expensify 2025-04-23,60729,https://github.com/Expensify/App/issues/60729,2025-04-23
60757,https://github.com/Expensify/App/issues/60757,Deploy Checklist: New Expensify 2025-04-23,60729,https://github.com/Expensify/App/issues/60729,2025-04-23
60758,https://github.com/Expensify/App/issues/60758,Deploy Checklist: New Expensify 2025-04-23,60729,https://github.com/Expensify/App/issues/60729,2025-04-23
60763,https://github.com/Expensify/App/issues/60763,Deploy Checklist: New Expensify 2025-04-23,60729,https://github.com/Expensify/App/issues/60729,2025-04-23
60765,https://github.com/Expensify/App/issues/60765,Deploy Checklist: New Expensify 2025-04-23,60729,https://github.com/Expensify/App/issues/60729,2025-04-23
60778,https://github.com/Expensify/App/issues/60778,Deploy Checklist: New Expensify 2025-04-23,60729,https://github.com/Expensify/App/issues/60729,2025-04-23
60779,https://github.com/Expensify/App/issues/60779,Deploy Checklist: New Expensify 2025-04-23,60729,https://github.com/Expensify/App/issues/60729,2025-04-23
60796,https://github.com/Expensify/App/issues/60796,Deploy Checklist: New Expensify 2025-04-23,60729,https://github.com/Expensify/App/issues/60729,2025-04-23
60801,https://github.com/Expensify/App/issues/60801,Deploy Checklist: New Expensify 2025-04-23,60729,https://github.com/Expensify/App/issues/60729,2025-04-23
60802,https://github.com/Expensify/App/issues/60802,Deploy Checklist: New Expensify 2025-04-23,60729,https://github.com/Expensify/App/issues/60729,2025-04-23
60803,https://github.com/Expensify/App/issues/60803,Deploy Checklist: New Expensify 2025-04-23,60729,https://github.com/Expensify/App/issues/60729,2025-04-23
60818,https://github.com/Expensify/App/issues/60818,Deploy Checklist: New Expensify 2025-04-23,60729,https://github.com/Expensify/App/issues/60729,2025-04-23
60823,https://github.com/Expensify/App/issues/60823,Deploy Checklist: New Expensify 2025-04-23,60729,https://github.com/Expensify/App/issues/60729,2025-04-23
60825,https://github.com/Expensify/App/issues/60825,Deploy Checklist: New Expensify 2025-04-23,60729,https://github.com/Expensify/App/issues/60729,2025-04-23
60826,https://github.com/Expensify/App/issues/60826,Deploy Checklist: New Expensify 2025-04-23,60729,https://github.com/Expensify/App/issues/60729,2025-04-23
60828,https://github.com/Expensify/App/issues/60828,Deploy Checklist: New Expensify 2025-04-23,60729,https://github.com/Expensify/App/issues/60729,2025-04-23
60831,https://github.com/Expensify/App/issues/60831,Deploy Checklist: New Expensify 2025-04-23,60729,https://github.com/Expensify/App/issues/60729,2025-04-23
60834,https://github.com/Expensify/App/issues/60834,Deploy Checklist: New Expensify 2025-04-23,60729,https://github.com/Expensify/App/issues/60729,2025-04-23
60841,https://github.com/Expensify/App/issues/60841,Deploy Checklist: New Expensify 2025-04-23,60729,https://github.com/Expensify/App/issues/60729,2025-04-23
60860,https://github.com/Expensify/App/issues/60860,Deploy Checklist: New Expensify 2025-04-23,60729,https://github.com/Expensify/App/issues/60729,2025-04-23
60968,https://github.com/Expensify/App/issues/60968,Deploy Checklist: New Expensify 2025-04-23,60729,https://github.com/Expensify/App/issues/60729,2025-04-23
60599,https://github.com/Expensify/App/issues/60599,Deploy Checklist: New Expensify 2025-04-21,60596,https://github.com/Expensify/App/issues/60596,2025-04-21
60600,https://github.com/Expensify/App/issues/60600,Deploy Checklist: New Expensify 2025-04-21,60596,https://github.com/Expensify/App/issues/60596,2025-04-21
60640,https://github.com/Expensify/App/issues/60640,Deploy Checklist: New Expensify 2025-04-21,60596,https://github.com/Expensify/App/issues/60596,2025-04-21
60646,https://github.com/Expensify/App/issues/60646,Deploy Checklist: New Expensify 2025-04-21,60596,https://github.com/Expensify/App/issues/60596,2025-04-21
60509,https://github.com/Expensify/App/issues/60509,Deploy Checklist: New Expensify 2025-04-18,60506,https://github.com/Expensify/App/issues/60506,2025-04-18
60510,https://github.com/Expensify/App/issues/60510,Deploy Checklist: New Expensify 2025-04-18,60506,https://github.com/Expensify/App/issues/60506,2025-04-18
60511,https://github.com/Expensify/App/issues/60511,Deploy Checklist: New Expensify 2025-04-18,60506,https://github.com/Expensify/App/issues/60506,2025-04-18
60513,https://github.com/Expensify/App/issues/60513,Deploy Checklist: New Expensify 2025-04-18,60506,https://github.com/Expensify/App/issues/60506,2025-04-18
60514,https://github.com/Expensify/App/issues/60514,Deploy Checklist: New Expensify 2025-04-18,60506,https://github.com/Expensify/App/issues/60506,2025-04-18
60515,https://github.com/Expensify/App/issues/60515,Deploy Checklist: New Expensify 2025-04-18,60506,https://github.com/Expensify/App/issues/60506,2025-04-18
60516,https://github.com/Expensify/App/issues/60516,Deploy Checklist: New Expensify 2025-04-18,60506,https://github.com/Expensify/App/issues/60506,2025-04-18
60517,https://github.com/Expensify/App/issues/60517,Deploy Checklist: New Expensify 2025-04-18,60506,https://github.com/Expensify/App/issues/60506,2025-04-18
60518,https://github.com/Expensify/App/issues/60518,Deploy Checklist: New Expensify 2025-04-18,60506,https://github.com/Expensify/App/issues/60506,2025-04-18
60519,https://github.com/Expensify/App/issues/60519,Deploy Checklist: New Expensify 2025-04-18,60506,https://github.com/Expensify/App/issues/60506,2025-04-18
60527,https://github.com/Expensify/App/issues/60527,Deploy Checklist: New Expensify 2025-04-18,60506,https://github.com/Expensify/App/issues/60506,2025-04-18
60533,https://github.com/Expensify/App/issues/60533,Deploy Checklist: New Expensify 2025-04-18,60506,https://github.com/Expensify/App/issues/60506,2025-04-18
60538,https://github.com/Expensify/App/issues/60538,Deploy Checklist: New Expensify 2025-04-18,60506,https://github.com/Expensify/App/issues/60506,2025-04-18
60540,https://github.com/Expensify/App/issues/60540,Deploy Checklist: New Expensify 2025-04-18,60506,https://github.com/Expensify/App/issues/60506,2025-04-18
60541,https://github.com/Expensify/App/issues/60541,Deploy Checklist: New Expensify 2025-04-18,60506,https://github.com/Expensify/App/issues/60506,2025-04-18
60567,https://github.com/Expensify/App/issues/60567,Deploy Checklist: New Expensify 2025-04-18,60506,https://github.com/Expensify/App/issues/60506,2025-04-18
60371,https://github.com/Expensify/App/issues/60371,Deploy Checklist: New Expensify 2025-04-16,60369,https://github.com/Expensify/App/issues/60369,2025-04-16
60372,https://github.com/Expensify/App/issues/60372,Deploy Checklist: New Expensify 2025-04-16,60369,https://github.com/Expensify/App/issues/60369,2025-04-16
60373,https://github.com/Expensify/App/issues/60373,Deploy Checklist: New Expensify 2025-04-16,60369,https://github.com/Expensify/App/issues/60369,2025-04-16
60374,https://github.com/Expensify/App/issues/60374,Deploy Checklist: New Expensify 2025-04-16,60369,https://github.com/Expensify/App/issues/60369,2025-04-16
60376,https://github.com/Expensify/App/issues/60376,Deploy Checklist: New Expensify 2025-04-16,60369,https://github.com/Expensify/App/issues/60369,2025-04-16
60391,https://github.com/Expensify/App/issues/60391,Deploy Checklist: New Expensify 2025-04-16,60369,https://github.com/Expensify/App/issues/60369,2025-04-16
60392,https://github.com/Expensify/App/issues/60392,Deploy Checklist: New Expensify 2025-04-16,60369,https://github.com/Expensify/App/issues/60369,2025-04-16
60395,https://github.com/Expensify/App/issues/60395,Deploy Checklist: New Expensify 2025-04-16,60369,https://github.com/Expensify/App/issues/60369,2025-04-16
60396,https://github.com/Expensify/App/issues/60396,Deploy Checklist: New Expensify 2025-04-16,60369,https://github.com/Expensify/App/issues/60369,2025-04-16
60397,https://github.com/Expensify/App/issues/60397,Deploy Checklist: New Expensify 2025-04-16,60369,https://github.com/Expensify/App/issues/60369,2025-04-16
60403,https://github.com/Expensify/App/issues/60403,Deploy Checklist: New Expensify 2025-04-16,60369,https://github.com/Expensify/App/issues/60369,2025-04-16
60405,https://github.com/Expensify/App/issues/60405,Deploy Checklist: New Expensify 2025-04-16,60369,https://github.com/Expensify/App/issues/60369,2025-04-16
60407,https://github.com/Expensify/App/issues/60407,Deploy Checklist: New Expensify 2025-04-16,60369,https://github.com/Expensify/App/issues/60369,2025-04-16
60409,https://github.com/Expensify/App/issues/60409,Deploy Checklist: New Expensify 2025-04-16,60369,https://github.com/Expensify/App/issues/60369,2025-04-16
60410,https://github.com/Expensify/App/issues/60410,Deploy Checklist: New Expensify 2025-04-16,60369,https://github.com/Expensify/App/issues/60369,2025-04-16
60411,https://github.com/Expensify/App/issues/60411,Deploy Checklist: New Expensify 2025-04-16,60369,https://github.com/Expensify/App/issues/60369,2025-04-16
60422,https://github.com/Expensify/App/issues/60422,Deploy Checklist: New Expensify 2025-04-16,60369,https://github.com/Expensify/App/issues/60369,2025-04-16
60425,https://github.com/Expensify/App/issues/60425,Deploy Checklist: New Expensify 2025-04-16,60369,https://github.com/Expensify/App/issues/60369,2025-04-16
60428,https://github.com/Expensify/App/issues/60428,Deploy Checklist: New Expensify 2025-04-16,60369,https://github.com/Expensify/App/issues/60369,2025-04-16
60448,https://github.com/Expensify/App/issues/60448,Deploy Checklist: New Expensify 2025-04-16,60369,https://github.com/Expensify/App/issues/60369,2025-04-16
60452,https://github.com/Expensify/App/issues/60452,Deploy Checklist: New Expensify 2025-04-16,60369,https://github.com/Expensify/App/issues/60369,2025-04-16
60477,https://github.com/Expensify/App/issues/60477,Deploy Checklist: New Expensify 2025-04-16,60369,https://github.com/Expensify/App/issues/60369,2025-04-16
60480,https://github.com/Expensify/App/issues/60480,Deploy Checklist: New Expensify 2025-04-16,60369,https://github.com/Expensify/App/issues/60369,2025-04-16
60502,https://github.com/Expensify/App/issues/60502,Deploy Checklist: New Expensify 2025-04-16,60369,https://github.com/Expensify/App/issues/60369,2025-04-16
60223,https://github.com/Expensify/App/issues/60223,Deploy Checklist: New Expensify 2025-04-15,60222,https://github.com/Expensify/App/issues/60222,2025-04-15
60224,https://github.com/Expensify/App/issues/60224,Deploy Checklist: New Expensify 2025-04-15,60222,https://github.com/Expensify/App/issues/60222,2025-04-15
60225,https://github.com/Expensify/App/issues/60225,Deploy Checklist: New Expensify 2025-04-15,60222,https://github.com/Expensify/App/issues/60222,2025-04-15
60226,https://github.com/Expensify/App/issues/60226,Deploy Checklist: New Expensify 2025-04-15,60222,https://github.com/Expensify/App/issues/60222,2025-04-15
60227,https://github.com/Expensify/App/issues/60227,Deploy Checklist: New Expensify 2025-04-15,60222,https://github.com/Expensify/App/issues/60222,2025-04-15
60228,https://github.com/Expensify/App/issues/60228,Deploy Checklist: New Expensify 2025-04-15,60222,https://github.com/Expensify/App/issues/60222,2025-04-15
60229,https://github.com/Expensify/App/issues/60229,Deploy Checklist: New Expensify 2025-04-15,60222,https://github.com/Expensify/App/issues/60222,2025-04-15
60232,https://github.com/Expensify/App/issues/60232,Deploy Checklist: New Expensify 2025-04-15,60222,https://github.com/Expensify/App/issues/60222,2025-04-15
60233,https://github.com/Expensify/App/issues/60233,Deploy Checklist: New Expensify 2025-04-15,60222,https://github.com/Expensify/App/issues/60222,2025-04-15
60234,https://github.com/Expensify/App/issues/60234,Deploy Checklist: New Expensify 2025-04-15,60222,https://github.com/Expensify/App/issues/60222,2025-04-15
60237,https://github.com/Expensify/App/issues/60237,Deploy Checklist: New Expensify 2025-04-15,60222,https://github.com/Expensify/App/issues/60222,2025-04-15
60238,https://github.com/Expensify/App/issues/60238,Deploy Checklist: New Expensify 2025-04-15,60222,https://github.com/Expensify/App/issues/60222,2025-04-15
60239,https://github.com/Expensify/App/issues/60239,Deploy Checklist: New Expensify 2025-04-15,60222,https://github.com/Expensify/App/issues/60222,2025-04-15
60240,https://github.com/Expensify/App/issues/60240,Deploy Checklist: New Expensify 2025-04-15,60222,https://github.com/Expensify/App/issues/60222,2025-04-15
60241,https://github.com/Expensify/App/issues/60241,Deploy Checklist: New Expensify 2025-04-15,60222,https://github.com/Expensify/App/issues/60222,2025-04-15
60243,https://github.com/Expensify/App/issues/60243,Deploy Checklist: New Expensify 2025-04-15,60222,https://github.com/Expensify/App/issues/60222,2025-04-15
60246,https://github.com/Expensify/App/issues/60246,Deploy Checklist: New Expensify 2025-04-15,60222,https://github.com/Expensify/App/issues/60222,2025-04-15
60247,https://github.com/Expensify/App/issues/60247,Deploy Checklist: New Expensify 2025-04-15,60222,https://github.com/Expensify/App/issues/60222,2025-04-15
60250,https://github.com/Expensify/App/issues/60250,Deploy Checklist: New Expensify 2025-04-15,60222,https://github.com/Expensify/App/issues/60222,2025-04-15
60251,https://github.com/Expensify/App/issues/60251,Deploy Checklist: New Expensify 2025-04-15,60222,https://github.com/Expensify/App/issues/60222,2025-04-15
60252,https://github.com/Expensify/App/issues/60252,Deploy Checklist: New Expensify 2025-04-15,60222,https://github.com/Expensify/App/issues/60222,2025-04-15
60254,https://github.com/Expensify/App/issues/60254,Deploy Checklist: New Expensify 2025-04-15,60222,https://github.com/Expensify/App/issues/60222,2025-04-15
60255,https://github.com/Expensify/App/issues/60255,Deploy Checklist: New Expensify 2025-04-15,60222,https://github.com/Expensify/App/issues/60222,2025-04-15
60256,https://github.com/Expensify/App/issues/60256,Deploy Checklist: New Expensify 2025-04-15,60222,https://github.com/Expensify/App/issues/60222,2025-04-15
60260,https://github.com/Expensify/App/issues/60260,Deploy Checklist: New Expensify 2025-04-15,60222,https://github.com/Expensify/App/issues/60222,2025-04-15
60271,https://github.com/Expensify/App/issues/60271,Deploy Checklist: New Expensify 2025-04-15,60222,https://github.com/Expensify/App/issues/60222,2025-04-15
60274,https://github.com/Expensify/App/issues/60274,Deploy Checklist: New Expensify 2025-04-15,60222,https://github.com/Expensify/App/issues/60222,2025-04-15
60276,https://github.com/Expensify/App/issues/60276,Deploy Checklist: New Expensify 2025-04-15,60222,https://github.com/Expensify/App/issues/60222,2025-04-15
60280,https://github.com/Expensify/App/issues/60280,Deploy Checklist: New Expensify 2025-04-15,60222,https://github.com/Expensify/App/issues/60222,2025-04-15
60281,https://github.com/Expensify/App/issues/60281,Deploy Checklist: New Expensify 2025-04-15,60222,https://github.com/Expensify/App/issues/60222,2025-04-15
60283,https://github.com/Expensify/App/issues/60283,Deploy Checklist: New Expensify 2025-04-15,60222,https://github.com/Expensify/App/issues/60222,2025-04-15
60287,https://github.com/Expensify/App/issues/60287,Deploy Checklist: New Expensify 2025-04-15,60222,https://github.com/Expensify/App/issues/60222,2025-04-15
60295,https://github.com/Expensify/App/issues/60295,Deploy Checklist: New Expensify 2025-04-15,60222,https://github.com/Expensify/App/issues/60222,2025-04-15
60297,https://github.com/Expensify/App/issues/60297,Deploy Checklist: New Expensify 2025-04-15,60222,https://github.com/Expensify/App/issues/60222,2025-04-15
60299,https://github.com/Expensify/App/issues/60299,Deploy Checklist: New Expensify 2025-04-15,60222,https://github.com/Expensify/App/issues/60222,2025-04-15
60301,https://github.com/Expensify/App/issues/60301,Deploy Checklist: New Expensify 2025-04-15,60222,https://github.com/Expensify/App/issues/60222,2025-04-15
60086,https://github.com/Expensify/App/issues/60086,Deploy Checklist: New Expensify 2025-04-11,60076,https://github.com/Expensify/App/issues/60076,2025-04-11
60087,https://github.com/Expensify/App/issues/60087,Deploy Checklist: New Expensify 2025-04-11,60076,https://github.com/Expensify/App/issues/60076,2025-04-11
60094,https://github.com/Expensify/App/issues/60094,Deploy Checklist: New Expensify 2025-04-11,60076,https://github.com/Expensify/App/issues/60076,2025-04-11
60143,https://github.com/Expensify/App/issues/60143,Deploy Checklist: New Expensify 2025-04-11,60076,https://github.com/Expensify/App/issues/60076,2025-04-11
60209,https://github.com/Expensify/App/issues/60209,Deploy Checklist: New Expensify 2025-04-11,60076,https://github.com/Expensify/App/issues/60076,2025-04-11
59970,https://github.com/Expensify/App/issues/59970,Deploy Checklist: New Expensify 2025-04-10,59968,https://github.com/Expensify/App/issues/59968,2025-04-10
59971,https://github.com/Expensify/App/issues/59971,Deploy Checklist: New Expensify 2025-04-10,59968,https://github.com/Expensify/App/issues/59968,2025-04-10
59972,https://github.com/Expensify/App/issues/59972,Deploy Checklist: New Expensify 2025-04-10,59968,https://github.com/Expensify/App/issues/59968,2025-04-10
59973,https://github.com/Expensify/App/issues/59973,Deploy Checklist: New Expensify 2025-04-10,59968,https://github.com/Expensify/App/issues/59968,2025-04-10
59975,https://github.com/Expensify/App/issues/59975,Deploy Checklist: New Expensify 2025-04-10,59968,https://github.com/Expensify/App/issues/59968,2025-04-10
59976,https://github.com/Expensify/App/issues/59976,Deploy Checklist: New Expensify 2025-04-10,59968,https://github.com/Expensify/App/issues/59968,2025-04-10
59979,https://github.com/Expensify/App/issues/59979,Deploy Checklist: New Expensify 2025-04-10,59968,https://github.com/Expensify/App/issues/59968,2025-04-10
59981,https://github.com/Expensify/App/issues/59981,Deploy Checklist: New Expensify 2025-04-10,59968,https://github.com/Expensify/App/issues/59968,2025-04-10
59982,https://github.com/Expensify/App/issues/59982,Deploy Checklist: New Expensify 2025-04-10,59968,https://github.com/Expensify/App/issues/59968,2025-04-10
59984,https://github.com/Expensify/App/issues/59984,Deploy Checklist: New Expensify 2025-04-10,59968,https://github.com/Expensify/App/issues/59968,2025-04-10
59985,https://github.com/Expensify/App/issues/59985,Deploy Checklist: New Expensify 2025-04-10,59968,https://github.com/Expensify/App/issues/59968,2025-04-10
59989,https://github.com/Expensify/App/issues/59989,Deploy Checklist: New Expensify 2025-04-10,59968,https://github.com/Expensify/App/issues/59968,2025-04-10
59990,https://github.com/Expensify/App/issues/59990,Deploy Checklist: New Expensify 2025-04-10,59968,https://github.com/Expensify/App/issues/59968,2025-04-10
59992,https://github.com/Expensify/App/issues/59992,Deploy Checklist: New Expensify 2025-04-10,59968,https://github.com/Expensify/App/issues/59968,2025-04-10
59998,https://github.com/Expensify/App/issues/59998,Deploy Checklist: New Expensify 2025-04-10,59968,https://github.com/Expensify/App/issues/59968,2025-04-10
60000,https://github.com/Expensify/App/issues/60000,Deploy Checklist: New Expensify 2025-04-10,59968,https://github.com/Expensify/App/issues/59968,2025-04-10
59873,https://github.com/Expensify/App/issues/59873,Deploy Checklist: New Expensify 2025-04-09,59866,https://github.com/Expensify/App/issues/59866,2025-04-09
59875,https://github.com/Expensify/App/issues/59875,Deploy Checklist: New Expensify 2025-04-09,59866,https://github.com/Expensify/App/issues/59866,2025-04-09
59876,https://github.com/Expensify/App/issues/59876,Deploy Checklist: New Expensify 2025-04-09,59866,https://github.com/Expensify/App/issues/59866,2025-04-09
59877,https://github.com/Expensify/App/issues/59877,Deploy Checklist: New Expensify 2025-04-09,59866,https://github.com/Expensify/App/issues/59866,2025-04-09
59878,https://github.com/Expensify/App/issues/59878,Deploy Checklist: New Expensify 2025-04-09,59866,https://github.com/Expensify/App/issues/59866,2025-04-09
59879,https://github.com/Expensify/App/issues/59879,Deploy Checklist: New Expensify 2025-04-09,59866,https://github.com/Expensify/App/issues/59866,2025-04-09
59880,https://github.com/Expensify/App/issues/59880,Deploy Checklist: New Expensify 2025-04-09,59866,https://github.com/Expensify/App/issues/59866,2025-04-09
59882,https://github.com/Expensify/App/issues/59882,Deploy Checklist: New Expensify 2025-04-09,59866,https://github.com/Expensify/App/issues/59866,2025-04-09
59883,https://github.com/Expensify/App/issues/59883,Deploy Checklist: New Expensify 2025-04-09,59866,https://github.com/Expensify/App/issues/59866,2025-04-09
59886,https://github.com/Expensify/App/issues/59886,Deploy Checklist: New Expensify 2025-04-09,59866,https://github.com/Expensify/App/issues/59866,2025-04-09
59888,https://github.com/Expensify/App/issues/59888,Deploy Checklist: New Expensify 2025-04-09,59866,https://github.com/Expensify/App/issues/59866,2025-04-09
59889,https://github.com/Expensify/App/issues/59889,Deploy Checklist: New Expensify 2025-04-09,59866,https://github.com/Expensify/App/issues/59866,2025-04-09
59890,https://github.com/Expensify/App/issues/59890,Deploy Checklist: New Expensify 2025-04-09,59866,https://github.com/Expensify/App/issues/59866,2025-04-09
59891,https://github.com/Expensify/App/issues/59891,Deploy Checklist: New Expensify 2025-04-09,59866,https://github.com/Expensify/App/issues/59866,2025-04-09
59893,https://github.com/Expensify/App/issues/59893,Deploy Checklist: New Expensify 2025-04-09,59866,https://github.com/Expensify/App/issues/59866,2025-04-09
59895,https://github.com/Expensify/App/issues/59895,Deploy Checklist: New Expensify 2025-04-09,59866,https://github.com/Expensify/App/issues/59866,2025-04-09
59897,https://github.com/Expensify/App/issues/59897,Deploy Checklist: New Expensify 2025-04-09,59866,https://github.com/Expensify/App/issues/59866,2025-04-09
59899,https://github.com/Expensify/App/issues/59899,Deploy Checklist: New Expensify 2025-04-09,59866,https://github.com/Expensify/App/issues/59866,2025-04-09
59900,https://github.com/Expensify/App/issues/59900,Deploy Checklist: New Expensify 2025-04-09,59866,https://github.com/Expensify/App/issues/59866,2025-04-09
59901,https://github.com/Expensify/App/issues/59901,Deploy Checklist: New Expensify 2025-04-09,59866,https://github.com/Expensify/App/issues/59866,2025-04-09
59903,https://github.com/Expensify/App/issues/59903,Deploy Checklist: New Expensify 2025-04-09,59866,https://github.com/Expensify/App/issues/59866,2025-04-09
59904,https://github.com/Expensify/App/issues/59904,Deploy Checklist: New Expensify 2025-04-09,59866,https://github.com/Expensify/App/issues/59866,2025-04-09
59905,https://github.com/Expensify/App/issues/59905,Deploy Checklist: New Expensify 2025-04-09,59866,https://github.com/Expensify/App/issues/59866,2025-04-09
59908,https://github.com/Expensify/App/issues/59908,Deploy Checklist: New Expensify 2025-04-09,59866,https://github.com/Expensify/App/issues/59866,2025-04-09
59909,https://github.com/Expensify/App/issues/59909,Deploy Checklist: New Expensify 2025-04-09,59866,https://github.com/Expensify/App/issues/59866,2025-04-09
59910,https://github.com/Expensify/App/issues/59910,Deploy Checklist: New Expensify 2025-04-09,59866,https://github.com/Expensify/App/issues/59866,2025-04-09
59912,https://github.com/Expensify/App/issues/59912,Deploy Checklist: New Expensify 2025-04-09,59866,https://github.com/Expensify/App/issues/59866,2025-04-09
59916,https://github.com/Expensify/App/issues/59916,Deploy Checklist: New Expensify 2025-04-09,59866,https://github.com/Expensify/App/issues/59866,2025-04-09
59917,https://github.com/Expensify/App/issues/59917,Deploy Checklist: New Expensify 2025-04-09,59866,https://github.com/Expensify/App/issues/59866,2025-04-09
59927,https://github.com/Expensify/App/issues/59927,Deploy Checklist: New Expensify 2025-04-09,59866,https://github.com/Expensify/App/issues/59866,2025-04-09
59928,https://github.com/Expensify/App/issues/59928,Deploy Checklist: New Expensify 2025-04-09,59866,https://github.com/Expensify/App/issues/59866,2025-04-09
59941,https://github.com/Expensify/App/issues/59941,Deploy Checklist: New Expensify 2025-04-09,59866,https://github.com/Expensify/App/issues/59866,2025-04-09
59957,https://github.com/Expensify/App/issues/59957,Deploy Checklist: New Expensify 2025-04-09,59866,https://github.com/Expensify/App/issues/59866,2025-04-09
59757,https://github.com/Expensify/App/issues/59757,Deploy Checklist: New Expensify 2025-04-07,59756,https://github.com/Expensify/App/issues/59756,2025-04-07
59759,https://github.com/Expensify/App/issues/59759,Deploy Checklist: New Expensify 2025-04-07,59756,https://github.com/Expensify/App/issues/59756,2025-04-07
59760,https://github.com/Expensify/App/issues/59760,Deploy Checklist: New Expensify 2025-04-07,59756,https://github.com/Expensify/App/issues/59756,2025-04-07
59761,https://github.com/Expensify/App/issues/59761,Deploy Checklist: New Expensify 2025-04-07,59756,https://github.com/Expensify/App/issues/59756,2025-04-07
59763,https://github.com/Expensify/App/issues/59763,Deploy Checklist: New Expensify 2025-04-07,59756,https://github.com/Expensify/App/issues/59756,2025-04-07
59764,https://github.com/Expensify/App/issues/59764,Deploy Checklist: New Expensify 2025-04-07,59756,https://github.com/Expensify/App/issues/59756,2025-04-07
59765,https://github.com/Expensify/App/issues/59765,Deploy Checklist: New Expensify 2025-04-07,59756,https://github.com/Expensify/App/issues/59756,2025-04-07
59767,https://github.com/Expensify/App/issues/59767,Deploy Checklist: New Expensify 2025-04-07,59756,https://github.com/Expensify/App/issues/59756,2025-04-07
59768,https://github.com/Expensify/App/issues/59768,Deploy Checklist: New Expensify 2025-04-07,59756,https://github.com/Expensify/App/issues/59756,2025-04-07
59769,https://github.com/Expensify/App/issues/59769,Deploy Checklist: New Expensify 2025-04-07,59756,https://github.com/Expensify/App/issues/59756,2025-04-07
59771,https://github.com/Expensify/App/issues/59771,Deploy Checklist: New Expensify 2025-04-07,59756,https://github.com/Expensify/App/issues/59756,2025-04-07
59772,https://github.com/Expensify/App/issues/59772,Deploy Checklist: New Expensify 2025-04-07,59756,https://github.com/Expensify/App/issues/59756,2025-04-07
59774,https://github.com/Expensify/App/issues/59774,Deploy Checklist: New Expensify 2025-04-07,59756,https://github.com/Expensify/App/issues/59756,2025-04-07
59775,https://github.com/Expensify/App/issues/59775,Deploy Checklist: New Expensify 2025-04-07,59756,https://github.com/Expensify/App/issues/59756,2025-04-07
59777,https://github.com/Expensify/App/issues/59777,Deploy Checklist: New Expensify 2025-04-07,59756,https://github.com/Expensify/App/issues/59756,2025-04-07
59779,https://github.com/Expensify/App/issues/59779,Deploy Checklist: New Expensify 2025-04-07,59756,https://github.com/Expensify/App/issues/59756,2025-04-07
59783,https://github.com/Expensify/App/issues/59783,Deploy Checklist: New Expensify 2025-04-07,59756,https://github.com/Expensify/App/issues/59756,2025-04-07
59784,https://github.com/Expensify/App/issues/59784,Deploy Checklist: New Expensify 2025-04-07,59756,https://github.com/Expensify/App/issues/59756,2025-04-07
59785,https://github.com/Expensify/App/issues/59785,Deploy Checklist: New Expensify 2025-04-07,59756,https://github.com/Expensify/App/issues/59756,2025-04-07
59795,https://github.com/Expensify/App/issues/59795,Deploy Checklist: New Expensify 2025-04-07,59756,https://github.com/Expensify/App/issues/59756,2025-04-07
59805,https://github.com/Expensify/App/issues/59805,Deploy Checklist: New Expensify 2025-04-07,59756,https://github.com/Expensify/App/issues/59756,2025-04-07
59812,https://github.com/Expensify/App/issues/59812,Deploy Checklist: New Expensify 2025-04-07,59756,https://github.com/Expensify/App/issues/59756,2025-04-07
59818,https://github.com/Expensify/App/issues/59818,Deploy Checklist: New Expensify 2025-04-07,59756,https://github.com/Expensify/App/issues/59756,2025-04-07
59824,https://github.com/Expensify/App/issues/59824,Deploy Checklist: New Expensify 2025-04-07,59756,https://github.com/Expensify/App/issues/59756,2025-04-07
59828,https://github.com/Expensify/App/issues/59828,Deploy Checklist: New Expensify 2025-04-07,59756,https://github.com/Expensify/App/issues/59756,2025-04-07
59833,https://github.com/Expensify/App/issues/59833,Deploy Checklist: New Expensify 2025-04-07,59756,https://github.com/Expensify/App/issues/59756,2025-04-07
59834,https://github.com/Expensify/App/issues/59834,Deploy Checklist: New Expensify 2025-04-07,59756,https://github.com/Expensify/App/issues/59756,2025-04-07
59836,https://github.com/Expensify/App/issues/59836,Deploy Checklist: New Expensify 2025-04-07,59756,https://github.com/Expensify/App/issues/59756,2025-04-07
59357,https://github.com/Expensify/App/issues/59357,Deploy Checklist: New Expensify 2025-04-03,59590,https://github.com/Expensify/App/issues/59590,2025-04-03
59470,https://github.com/Expensify/App/issues/59470,Deploy Checklist: New Expensify 2025-04-03,59590,https://github.com/Expensify/App/issues/59590,2025-04-03
59597,https://github.com/Expensify/App/issues/59597,Deploy Checklist: New Expensify 2025-04-03,59590,https://github.com/Expensify/App/issues/59590,2025-04-03
59599,https://github.com/Expensify/App/issues/59599,Deploy Checklist: New Expensify 2025-04-03,59590,https://github.com/Expensify/App/issues/59590,2025-04-03
59600,https://github.com/Expensify/App/issues/59600,Deploy Checklist: New Expensify 2025-04-03,59590,https://github.com/Expensify/App/issues/59590,2025-04-03
59602,https://github.com/Expensify/App/issues/59602,Deploy Checklist: New Expensify 2025-04-03,59590,https://github.com/Expensify/App/issues/59590,2025-04-03
59603,https://github.com/Expensify/App/issues/59603,Deploy Checklist: New Expensify 2025-04-03,59590,https://github.com/Expensify/App/issues/59590,2025-04-03
59606,https://github.com/Expensify/App/issues/59606,Deploy Checklist: New Expensify 2025-04-03,59590,https://github.com/Expensify/App/issues/59590,2025-04-03
59608,https://github.com/Expensify/App/issues/59608,Deploy Checklist: New Expensify 2025-04-03,59590,https://github.com/Expensify/App/issues/59590,2025-04-03
59615,https://github.com/Expensify/App/issues/59615,Deploy Checklist: New Expensify 2025-04-03,59590,https://github.com/Expensify/App/issues/59590,2025-04-03
59617,https://github.com/Expensify/App/issues/59617,Deploy Checklist: New Expensify 2025-04-03,59590,https://github.com/Expensify/App/issues/59590,2025-04-03
59621,https://github.com/Expensify/App/issues/59621,Deploy Checklist: New Expensify 2025-04-03,59590,https://github.com/Expensify/App/issues/59590,2025-04-03
59623,https://github.com/Expensify/App/issues/59623,Deploy Checklist: New Expensify 2025-04-03,59590,https://github.com/Expensify/App/issues/59590,2025-04-03
59629,https://github.com/Expensify/App/issues/59629,Deploy Checklist: New Expensify 2025-04-03,59590,https://github.com/Expensify/App/issues/59590,2025-04-03
59631,https://github.com/Expensify/App/issues/59631,Deploy Checklist: New Expensify 2025-04-03,59590,https://github.com/Expensify/App/issues/59590,2025-04-03
59636,https://github.com/Expensify/App/issues/59636,Deploy Checklist: New Expensify 2025-04-03,59590,https://github.com/Expensify/App/issues/59590,2025-04-03
59639,https://github.com/Expensify/App/issues/59639,Deploy Checklist: New Expensify 2025-04-03,59590,https://github.com/Expensify/App/issues/59590,2025-04-03
59743,https://github.com/Expensify/App/issues/59743,Deploy Checklist: New Expensify 2025-04-03,59590,https://github.com/Expensify/App/issues/59590,2025-04-03
59393,https://github.com/Expensify/App/issues/59393,Deploy Checklist: New Expensify 2025-04-01,59448,https://github.com/Expensify/App/issues/59448,2025-04-01
59455,https://github.com/Expensify/App/issues/59455,Deploy Checklist: New Expensify 2025-04-01,59448,https://github.com/Expensify/App/issues/59448,2025-04-01
59456,https://github.com/Expensify/App/issues/59456,Deploy Checklist: New Expensify 2025-04-01,59448,https://github.com/Expensify/App/issues/59448,2025-04-01
59465,https://github.com/Expensify/App/issues/59465,Deploy Checklist: New Expensify 2025-04-01,59448,https://github.com/Expensify/App/issues/59448,2025-04-01
59470,https://github.com/Expensify/App/issues/59470,Deploy Checklist: New Expensify 2025-04-01,59448,https://github.com/Expensify/App/issues/59448,2025-04-01
59474,https://github.com/Expensify/App/issues/59474,Deploy Checklist: New Expensify 2025-04-01,59448,https://github.com/Expensify/App/issues/59448,2025-04-01
59476,https://github.com/Expensify/App/issues/59476,Deploy Checklist: New Expensify 2025-04-01,59448,https://github.com/Expensify/App/issues/59448,2025-04-01
59486,https://github.com/Expensify/App/issues/59486,Deploy Checklist: New Expensify 2025-04-01,59448,https://github.com/Expensify/App/issues/59448,2025-04-01
59487,https://github.com/Expensify/App/issues/59487,Deploy Checklist: New Expensify 2025-04-01,59448,https://github.com/Expensify/App/issues/59448,2025-04-01
59489,https://github.com/Expensify/App/issues/59489,Deploy Checklist: New Expensify 2025-04-01,59448,https://github.com/Expensify/App/issues/59448,2025-04-01
59515,https://github.com/Expensify/App/issues/59515,Deploy Checklist: New Expensify 2025-04-01,59448,https://github.com/Expensify/App/issues/59448,2025-04-01
59521,https://github.com/Expensify/App/issues/59521,Deploy Checklist: New Expensify 2025-04-01,59448,https://github.com/Expensify/App/issues/59448,2025-04-01
59536,https://github.com/Expensify/App/issues/59536,Deploy Checklist: New Expensify 2025-04-01,59448,https://github.com/Expensify/App/issues/59448,2025-04-01
59339,https://github.com/Expensify/App/issues/59339,Deploy Checklist: New Expensify 2025-03-31,59334,https://github.com/Expensify/App/issues/59334,2025-03-31
59340,https://github.com/Expensify/App/issues/59340,Deploy Checklist: New Expensify 2025-03-31,59334,https://github.com/Expensify/App/issues/59334,2025-03-31
59341,https://github.com/Expensify/App/issues/59341,Deploy Checklist: New Expensify 2025-03-31,59334,https://github.com/Expensify/App/issues/59334,2025-03-31
59342,https://github.com/Expensify/App/issues/59342,Deploy Checklist: New Expensify 2025-03-31,59334,https://github.com/Expensify/App/issues/59334,2025-03-31
59346,https://github.com/Expensify/App/issues/59346,Deploy Checklist: New Expensify 2025-03-31,59334,https://github.com/Expensify/App/issues/59334,2025-03-31
59352,https://github.com/Expensify/App/issues/59352,Deploy Checklist: New Expensify 2025-03-31,59334,https://github.com/Expensify/App/issues/59334,2025-03-31
59354,https://github.com/Expensify/App/issues/59354,Deploy Checklist: New Expensify 2025-03-31,59334,https://github.com/Expensify/App/issues/59334,2025-03-31
59357,https://github.com/Expensify/App/issues/59357,Deploy Checklist: New Expensify 2025-03-31,59334,https://github.com/Expensify/App/issues/59334,2025-03-31
59359,https://github.com/Expensify/App/issues/59359,Deploy Checklist: New Expensify 2025-03-31,59334,https://github.com/Expensify/App/issues/59334,2025-03-31
59384,https://github.com/Expensify/App/issues/59384,Deploy Checklist: New Expensify 2025-03-31,59334,https://github.com/Expensify/App/issues/59334,2025-03-31
59393,https://github.com/Expensify/App/issues/59393,Deploy Checklist: New Expensify 2025-03-31,59334,https://github.com/Expensify/App/issues/59334,2025-03-31
59394,https://github.com/Expensify/App/issues/59394,Deploy Checklist: New Expensify 2025-03-31,59334,https://github.com/Expensify/App/issues/59334,2025-03-31
59404,https://github.com/Expensify/App/issues/59404,Deploy Checklist: New Expensify 2025-03-31,59334,https://github.com/Expensify/App/issues/59334,2025-03-31
59417,https://github.com/Expensify/App/issues/59417,Deploy Checklist: New Expensify 2025-03-31,59334,https://github.com/Expensify/App/issues/59334,2025-03-31
59427,https://github.com/Expensify/App/issues/59427,Deploy Checklist: New Expensify 2025-03-31,59334,https://github.com/Expensify/App/issues/59334,2025-03-31
59432,https://github.com/Expensify/App/issues/59432,Deploy Checklist: New Expensify 2025-03-31,59334,https://github.com/Expensify/App/issues/59334,2025-03-31
59223,https://github.com/Expensify/App/issues/59223,Deploy Checklist: New Expensify 2025-03-27,59215,https://github.com/Expensify/App/issues/59215,2025-03-27
59224,https://github.com/Expensify/App/issues/59224,Deploy Checklist: New Expensify 2025-03-27,59215,https://github.com/Expensify/App/issues/59215,2025-03-27
59227,https://github.com/Expensify/App/issues/59227,Deploy Checklist: New Expensify 2025-03-27,59215,https://github.com/Expensify/App/issues/59215,2025-03-27
59230,https://github.com/Expensify/App/issues/59230,Deploy Checklist: New Expensify 2025-03-27,59215,https://github.com/Expensify/App/issues/59215,2025-03-27
59234,https://github.com/Expensify/App/issues/59234,Deploy Checklist: New Expensify 2025-03-27,59215,https://github.com/Expensify/App/issues/59215,2025-03-27
59240,https://github.com/Expensify/App/issues/59240,Deploy Checklist: New Expensify 2025-03-27,59215,https://github.com/Expensify/App/issues/59215,2025-03-27
59244,https://github.com/Expensify/App/issues/59244,Deploy Checklist: New Expensify 2025-03-27,59215,https://github.com/Expensify/App/issues/59215,2025-03-27
59299,https://github.com/Expensify/App/issues/59299,Deploy Checklist: New Expensify 2025-03-27,59215,https://github.com/Expensify/App/issues/59215,2025-03-27
59128,https://github.com/Expensify/App/issues/59128,Deploy Checklist: New Expensify 2025-03-26,59127,https://github.com/Expensify/App/issues/59127,2025-03-26
59129,https://github.com/Expensify/App/issues/59129,Deploy Checklist: New Expensify 2025-03-26,59127,https://github.com/Expensify/App/issues/59127,2025-03-26
59130,https://github.com/Expensify/App/issues/59130,Deploy Checklist: New Expensify 2025-03-26,59127,https://github.com/Expensify/App/issues/59127,2025-03-26
59132,https://github.com/Expensify/App/issues/59132,Deploy Checklist: New Expensify 2025-03-26,59127,https://github.com/Expensify/App/issues/59127,2025-03-26
59133,https://github.com/Expensify/App/issues/59133,Deploy Checklist: New Expensify 2025-03-26,59127,https://github.com/Expensify/App/issues/59127,2025-03-26
59134,https://github.com/Expensify/App/issues/59134,Deploy Checklist: New Expensify 2025-03-26,59127,https://github.com/Expensify/App/issues/59127,2025-03-26
59136,https://github.com/Expensify/App/issues/59136,Deploy Checklist: New Expensify 2025-03-26,59127,https://github.com/Expensify/App/issues/59127,2025-03-26
59138,https://github.com/Expensify/App/issues/59138,Deploy Checklist: New Expensify 2025-03-26,59127,https://github.com/Expensify/App/issues/59127,2025-03-26
59139,https://github.com/Expensify/App/issues/59139,Deploy Checklist: New Expensify 2025-03-26,59127,https://github.com/Expensify/App/issues/59127,2025-03-26
59142,https://github.com/Expensify/App/issues/59142,Deploy Checklist: New Expensify 2025-03-26,59127,https://github.com/Expensify/App/issues/59127,2025-03-26
59210,https://github.com/Expensify/App/issues/59210,Deploy Checklist: New Expensify 2025-03-26,59127,https://github.com/Expensify/App/issues/59127,2025-03-26
59015,https://github.com/Expensify/App/issues/59015,Deploy Checklist: New Expensify 2025-03-24,59011,https://github.com/Expensify/App/issues/59011,2025-03-24
59016,https://github.com/Expensify/App/issues/59016,Deploy Checklist: New Expensify 2025-03-24,59011,https://github.com/Expensify/App/issues/59011,2025-03-24
59017,https://github.com/Expensify/App/issues/59017,Deploy Checklist: New Expensify 2025-03-24,59011,https://github.com/Expensify/App/issues/59011,2025-03-24
59018,https://github.com/Expensify/App/issues/59018,Deploy Checklist: New Expensify 2025-03-24,59011,https://github.com/Expensify/App/issues/59011,2025-03-24
59020,https://github.com/Expensify/App/issues/59020,Deploy Checklist: New Expensify 2025-03-24,59011,https://github.com/Expensify/App/issues/59011,2025-03-24
59021,https://github.com/Expensify/App/issues/59021,Deploy Checklist: New Expensify 2025-03-24,59011,https://github.com/Expensify/App/issues/59011,2025-03-24
59022,https://github.com/Expensify/App/issues/59022,Deploy Checklist: New Expensify 2025-03-24,59011,https://github.com/Expensify/App/issues/59011,2025-03-24
59023,https://github.com/Expensify/App/issues/59023,Deploy Checklist: New Expensify 2025-03-24,59011,https://github.com/Expensify/App/issues/59011,2025-03-24
59024,https://github.com/Expensify/App/issues/59024,Deploy Checklist: New Expensify 2025-03-24,59011,https://github.com/Expensify/App/issues/59011,2025-03-24
59025,https://github.com/Expensify/App/issues/59025,Deploy Checklist: New Expensify 2025-03-24,59011,https://github.com/Expensify/App/issues/59011,2025-03-24
59028,https://github.com/Expensify/App/issues/59028,Deploy Checklist: New Expensify 2025-03-24,59011,https://github.com/Expensify/App/issues/59011,2025-03-24
59029,https://github.com/Expensify/App/issues/59029,Deploy Checklist: New Expensify 2025-03-24,59011,https://github.com/Expensify/App/issues/59011,2025-03-24
59030,https://github.com/Expensify/App/issues/59030,Deploy Checklist: New Expensify 2025-03-24,59011,https://github.com/Expensify/App/issues/59011,2025-03-24
59034,https://github.com/Expensify/App/issues/59034,Deploy Checklist: New Expensify 2025-03-24,59011,https://github.com/Expensify/App/issues/59011,2025-03-24
59052,https://github.com/Expensify/App/issues/59052,Deploy Checklist: New Expensify 2025-03-24,59011,https://github.com/Expensify/App/issues/59011,2025-03-24
59060,https://github.com/Expensify/App/issues/59060,Deploy Checklist: New Expensify 2025-03-24,59011,https://github.com/Expensify/App/issues/59011,2025-03-24
59072,https://github.com/Expensify/App/issues/59072,Deploy Checklist: New Expensify 2025-03-24,59011,https://github.com/Expensify/App/issues/59011,2025-03-24
58871,https://github.com/Expensify/App/issues/58871,Deploy Checklist: New Expensify 2025-03-21,58928,https://github.com/Expensify/App/issues/58928,2025-03-21
58906,https://github.com/Expensify/App/issues/58906,Deploy Checklist: New Expensify 2025-03-21,58928,https://github.com/Expensify/App/issues/58928,2025-03-21
58930,https://github.com/Expensify/App/issues/58930,Deploy Checklist: New Expensify 2025-03-21,58928,https://github.com/Expensify/App/issues/58928,2025-03-21
58931,https://github.com/Expensify/App/issues/58931,Deploy Checklist: New Expensify 2025-03-21,58928,https://github.com/Expensify/App/issues/58928,2025-03-21
58932,https://github.com/Expensify/App/issues/58932,Deploy Checklist: New Expensify 2025-03-21,58928,https://github.com/Expensify/App/issues/58928,2025-03-21
58937,https://github.com/Expensify/App/issues/58937,Deploy Checklist: New Expensify 2025-03-21,58928,https://github.com/Expensify/App/issues/58928,2025-03-21
58938,https://github.com/Expensify/App/issues/58938,Deploy Checklist: New Expensify 2025-03-21,58928,https://github.com/Expensify/App/issues/58928,2025-03-21
58940,https://github.com/Expensify/App/issues/58940,Deploy Checklist: New Expensify 2025-03-21,58928,https://github.com/Expensify/App/issues/58928,2025-03-21
58943,https://github.com/Expensify/App/issues/58943,Deploy Checklist: New Expensify 2025-03-21,58928,https://github.com/Expensify/App/issues/58928,2025-03-21
58944,https://github.com/Expensify/App/issues/58944,Deploy Checklist: New Expensify 2025-03-21,58928,https://github.com/Expensify/App/issues/58928,2025-03-21
58947,https://github.com/Expensify/App/issues/58947,Deploy Checklist: New Expensify 2025-03-21,58928,https://github.com/Expensify/App/issues/58928,2025-03-21
58952,https://github.com/Expensify/App/issues/58952,Deploy Checklist: New Expensify 2025-03-21,58928,https://github.com/Expensify/App/issues/58928,2025-03-21
58771,https://github.com/Expensify/App/issues/58771,Deploy Checklist: New Expensify 2025-03-20,58801,https://github.com/Expensify/App/issues/58801,2025-03-20
58805,https://github.com/Expensify/App/issues/58805,Deploy Checklist: New Expensify 2025-03-20,58801,https://github.com/Expensify/App/issues/58801,2025-03-20
58808,https://github.com/Expensify/App/issues/58808,Deploy Checklist: New Expensify 2025-03-20,58801,https://github.com/Expensify/App/issues/58801,2025-03-20
58810,https://github.com/Expensify/App/issues/58810,Deploy Checklist: New Expensify 2025-03-20,58801,https://github.com/Expensify/App/issues/58801,2025-03-20
58812,https://github.com/Expensify/App/issues/58812,Deploy Checklist: New Expensify 2025-03-20,58801,https://github.com/Expensify/App/issues/58801,2025-03-20
58813,https://github.com/Expensify/App/issues/58813,Deploy Checklist: New Expensify 2025-03-20,58801,https://github.com/Expensify/App/issues/58801,2025-03-20
58814,https://github.com/Expensify/App/issues/58814,Deploy Checklist: New Expensify 2025-03-20,58801,https://github.com/Expensify/App/issues/58801,2025-03-20
58818,https://github.com/Expensify/App/issues/58818,Deploy Checklist: New Expensify 2025-03-20,58801,https://github.com/Expensify/App/issues/58801,2025-03-20
58822,https://github.com/Expensify/App/issues/58822,Deploy Checklist: New Expensify 2025-03-20,58801,https://github.com/Expensify/App/issues/58801,2025-03-20
58823,https://github.com/Expensify/App/issues/58823,Deploy Checklist: New Expensify 2025-03-20,58801,https://github.com/Expensify/App/issues/58801,2025-03-20
58831,https://github.com/Expensify/App/issues/58831,Deploy Checklist: New Expensify 2025-03-20,58801,https://github.com/Expensify/App/issues/58801,2025-03-20
58833,https://github.com/Expensify/App/issues/58833,Deploy Checklist: New Expensify 2025-03-20,58801,https://github.com/Expensify/App/issues/58801,2025-03-20
58848,https://github.com/Expensify/App/issues/58848,Deploy Checklist: New Expensify 2025-03-20,58801,https://github.com/Expensify/App/issues/58801,2025-03-20
58851,https://github.com/Expensify/App/issues/58851,Deploy Checklist: New Expensify 2025-03-20,58801,https://github.com/Expensify/App/issues/58801,2025-03-20
58854,https://github.com/Expensify/App/issues/58854,Deploy Checklist: New Expensify 2025-03-20,58801,https://github.com/Expensify/App/issues/58801,2025-03-20
58855,https://github.com/Expensify/App/issues/58855,Deploy Checklist: New Expensify 2025-03-20,58801,https://github.com/Expensify/App/issues/58801,2025-03-20
58856,https://github.com/Expensify/App/issues/58856,Deploy Checklist: New Expensify 2025-03-20,58801,https://github.com/Expensify/App/issues/58801,2025-03-20
58857,https://github.com/Expensify/App/issues/58857,Deploy Checklist: New Expensify 2025-03-20,58801,https://github.com/Expensify/App/issues/58801,2025-03-20
58871,https://github.com/Expensify/App/issues/58871,Deploy Checklist: New Expensify 2025-03-20,58801,https://github.com/Expensify/App/issues/58801,2025-03-20
58887,https://github.com/Expensify/App/issues/58887,Deploy Checklist: New Expensify 2025-03-20,58801,https://github.com/Expensify/App/issues/58801,2025-03-20
58893,https://github.com/Expensify/App/issues/58893,Deploy Checklist: New Expensify 2025-03-20,58801,https://github.com/Expensify/App/issues/58801,2025-03-20
58898,https://github.com/Expensify/App/issues/58898,Deploy Checklist: New Expensify 2025-03-20,58801,https://github.com/Expensify/App/issues/58801,2025-03-20
58155,https://github.com/Expensify/App/issues/58155,Deploy Checklist: New Expensify 2025-03-18,58665,https://github.com/Expensify/App/issues/58665,2025-03-18
58667,https://github.com/Expensify/App/issues/58667,Deploy Checklist: New Expensify 2025-03-18,58665,https://github.com/Expensify/App/issues/58665,2025-03-18
58672,https://github.com/Expensify/App/issues/58672,Deploy Checklist: New Expensify 2025-03-18,58665,https://github.com/Expensify/App/issues/58665,2025-03-18
58679,https://github.com/Expensify/App/issues/58679,Deploy Checklist: New Expensify 2025-03-18,58665,https://github.com/Expensify/App/issues/58665,2025-03-18
58682,https://github.com/Expensify/App/issues/58682,Deploy Checklist: New Expensify 2025-03-18,58665,https://github.com/Expensify/App/issues/58665,2025-03-18
58685,https://github.com/Expensify/App/issues/58685,Deploy Checklist: New Expensify 2025-03-18,58665,https://github.com/Expensify/App/issues/58665,2025-03-18
58704,https://github.com/Expensify/App/issues/58704,Deploy Checklist: New Expensify 2025-03-18,58665,https://github.com/Expensify/App/issues/58665,2025-03-18
58707,https://github.com/Expensify/App/issues/58707,Deploy Checklist: New Expensify 2025-03-18,58665,https://github.com/Expensify/App/issues/58665,2025-03-18
58709,https://github.com/Expensify/App/issues/58709,Deploy Checklist: New Expensify 2025-03-18,58665,https://github.com/Expensify/App/issues/58665,2025-03-18
58717,https://github.com/Expensify/App/issues/58717,Deploy Checklist: New Expensify 2025-03-18,58665,https://github.com/Expensify/App/issues/58665,2025-03-18
58726,https://github.com/Expensify/App/issues/58726,Deploy Checklist: New Expensify 2025-03-18,58665,https://github.com/Expensify/App/issues/58665,2025-03-18
58731,https://github.com/Expensify/App/issues/58731,Deploy Checklist: New Expensify 2025-03-18,58665,https://github.com/Expensify/App/issues/58665,2025-03-18
58742,https://github.com/Expensify/App/issues/58742,Deploy Checklist: New Expensify 2025-03-18,58665,https://github.com/Expensify/App/issues/58665,2025-03-18
58554,https://github.com/Expensify/App/issues/58554,Deploy Checklist: New Expensify 2025-03-17,58550,https://github.com/Expensify/App/issues/58550,2025-03-17
58556,https://github.com/Expensify/App/issues/58556,Deploy Checklist: New Expensify 2025-03-17,58550,https://github.com/Expensify/App/issues/58550,2025-03-17
58557,https://github.com/Expensify/App/issues/58557,Deploy Checklist: New Expensify 2025-03-17,58550,https://github.com/Expensify/App/issues/58550,2025-03-17
58561,https://github.com/Expensify/App/issues/58561,Deploy Checklist: New Expensify 2025-03-17,58550,https://github.com/Expensify/App/issues/58550,2025-03-17
58566,https://github.com/Expensify/App/issues/58566,Deploy Checklist: New Expensify 2025-03-17,58550,https://github.com/Expensify/App/issues/58550,2025-03-17
58569,https://github.com/Expensify/App/issues/58569,Deploy Checklist: New Expensify 2025-03-17,58550,https://github.com/Expensify/App/issues/58550,2025-03-17
58571,https://github.com/Expensify/App/issues/58571,Deploy Checklist: New Expensify 2025-03-17,58550,https://github.com/Expensify/App/issues/58550,2025-03-17
58574,https://github.com/Expensify/App/issues/58574,Deploy Checklist: New Expensify 2025-03-17,58550,https://github.com/Expensify/App/issues/58550,2025-03-17
58583,https://github.com/Expensify/App/issues/58583,Deploy Checklist: New Expensify 2025-03-17,58550,https://github.com/Expensify/App/issues/58550,2025-03-17
58591,https://github.com/Expensify/App/issues/58591,Deploy Checklist: New Expensify 2025-03-17,58550,https://github.com/Expensify/App/issues/58550,2025-03-17
58606,https://github.com/Expensify/App/issues/58606,Deploy Checklist: New Expensify 2025-03-17,58550,https://github.com/Expensify/App/issues/58550,2025-03-17
58425,https://github.com/Expensify/App/issues/58425,Deploy Checklist: New Expensify 2025-03-14,58424,https://github.com/Expensify/App/issues/58424,2025-03-14
58426,https://github.com/Expensify/App/issues/58426,Deploy Checklist: New Expensify 2025-03-14,58424,https://github.com/Expensify/App/issues/58424,2025-03-14
58427,https://github.com/Expensify/App/issues/58427,Deploy Checklist: New Expensify 2025-03-14,58424,https://github.com/Expensify/App/issues/58424,2025-03-14
58428,https://github.com/Expensify/App/issues/58428,Deploy Checklist: New Expensify 2025-03-14,58424,https://github.com/Expensify/App/issues/58424,2025-03-14
58429,https://github.com/Expensify/App/issues/58429,Deploy Checklist: New Expensify 2025-03-14,58424,https://github.com/Expensify/App/issues/58424,2025-03-14
58432,https://github.com/Expensify/App/issues/58432,Deploy Checklist: New Expensify 2025-03-14,58424,https://github.com/Expensify/App/issues/58424,2025-03-14
58433,https://github.com/Expensify/App/issues/58433,Deploy Checklist: New Expensify 2025-03-14,58424,https://github.com/Expensify/App/issues/58424,2025-03-14
58434,https://github.com/Expensify/App/issues/58434,Deploy Checklist: New Expensify 2025-03-14,58424,https://github.com/Expensify/App/issues/58424,2025-03-14
58436,https://github.com/Expensify/App/issues/58436,Deploy Checklist: New Expensify 2025-03-14,58424,https://github.com/Expensify/App/issues/58424,2025-03-14
58437,https://github.com/Expensify/App/issues/58437,Deploy Checklist: New Expensify 2025-03-14,58424,https://github.com/Expensify/App/issues/58424,2025-03-14
58440,https://github.com/Expensify/App/issues/58440,Deploy Checklist: New Expensify 2025-03-14,58424,https://github.com/Expensify/App/issues/58424,2025-03-14
58442,https://github.com/Expensify/App/issues/58442,Deploy Checklist: New Expensify 2025-03-14,58424,https://github.com/Expensify/App/issues/58424,2025-03-14
58443,https://github.com/Expensify/App/issues/58443,Deploy Checklist: New Expensify 2025-03-14,58424,https://github.com/Expensify/App/issues/58424,2025-03-14
58445,https://github.com/Expensify/App/issues/58445,Deploy Checklist: New Expensify 2025-03-14,58424,https://github.com/Expensify/App/issues/58424,2025-03-14
58447,https://github.com/Expensify/App/issues/58447,Deploy Checklist: New Expensify 2025-03-14,58424,https://github.com/Expensify/App/issues/58424,2025-03-14
58450,https://github.com/Expensify/App/issues/58450,Deploy Checklist: New Expensify 2025-03-14,58424,https://github.com/Expensify/App/issues/58424,2025-03-14
58451,https://github.com/Expensify/App/issues/58451,Deploy Checklist: New Expensify 2025-03-14,58424,https://github.com/Expensify/App/issues/58424,2025-03-14
58454,https://github.com/Expensify/App/issues/58454,Deploy Checklist: New Expensify 2025-03-14,58424,https://github.com/Expensify/App/issues/58424,2025-03-14
58455,https://github.com/Expensify/App/issues/58455,Deploy Checklist: New Expensify 2025-03-14,58424,https://github.com/Expensify/App/issues/58424,2025-03-14
58458,https://github.com/Expensify/App/issues/58458,Deploy Checklist: New Expensify 2025-03-14,58424,https://github.com/Expensify/App/issues/58424,2025-03-14
58459,https://github.com/Expensify/App/issues/58459,Deploy Checklist: New Expensify 2025-03-14,58424,https://github.com/Expensify/App/issues/58424,2025-03-14
58462,https://github.com/Expensify/App/issues/58462,Deploy Checklist: New Expensify 2025-03-14,58424,https://github.com/Expensify/App/issues/58424,2025-03-14
58465,https://github.com/Expensify/App/issues/58465,Deploy Checklist: New Expensify 2025-03-14,58424,https://github.com/Expensify/App/issues/58424,2025-03-14
58493,https://github.com/Expensify/App/issues/58493,Deploy Checklist: New Expensify 2025-03-14,58424,https://github.com/Expensify/App/issues/58424,2025-03-14
58500,https://github.com/Expensify/App/issues/58500,Deploy Checklist: New Expensify 2025-03-14,58424,https://github.com/Expensify/App/issues/58424,2025-03-14
58501,https://github.com/Expensify/App/issues/58501,Deploy Checklist: New Expensify 2025-03-14,58424,https://github.com/Expensify/App/issues/58424,2025-03-14
58516,https://github.com/Expensify/App/issues/58516,Deploy Checklist: New Expensify 2025-03-14,58424,https://github.com/Expensify/App/issues/58424,2025-03-14
58524,https://github.com/Expensify/App/issues/58524,Deploy Checklist: New Expensify 2025-03-14,58424,https://github.com/Expensify/App/issues/58424,2025-03-14
58285,https://github.com/Expensify/App/issues/58285,Deploy Checklist: New Expensify 2025-03-12,58283,https://github.com/Expensify/App/issues/58283,2025-03-12
58288,https://github.com/Expensify/App/issues/58288,Deploy Checklist: New Expensify 2025-03-12,58283,https://github.com/Expensify/App/issues/58283,2025-03-12
58289,https://github.com/Expensify/App/issues/58289,Deploy Checklist: New Expensify 2025-03-12,58283,https://github.com/Expensify/App/issues/58283,2025-03-12
58294,https://github.com/Expensify/App/issues/58294,Deploy Checklist: New Expensify 2025-03-12,58283,https://github.com/Expensify/App/issues/58283,2025-03-12
58300,https://github.com/Expensify/App/issues/58300,Deploy Checklist: New Expensify 2025-03-12,58283,https://github.com/Expensify/App/issues/58283,2025-03-12
58302,https://github.com/Expensify/App/issues/58302,Deploy Checklist: New Expensify 2025-03-12,58283,https://github.com/Expensify/App/issues/58283,2025-03-12
58313,https://github.com/Expensify/App/issues/58313,Deploy Checklist: New Expensify 2025-03-12,58283,https://github.com/Expensify/App/issues/58283,2025-03-12
58319,https://github.com/Expensify/App/issues/58319,Deploy Checklist: New Expensify 2025-03-12,58283,https://github.com/Expensify/App/issues/58283,2025-03-12
58341,https://github.com/Expensify/App/issues/58341,Deploy Checklist: New Expensify 2025-03-12,58283,https://github.com/Expensify/App/issues/58283,2025-03-12
58349,https://github.com/Expensify/App/issues/58349,Deploy Checklist: New Expensify 2025-03-12,58283,https://github.com/Expensify/App/issues/58283,2025-03-12
58392,https://github.com/Expensify/App/issues/58392,Deploy Checklist: New Expensify 2025-03-12,58283,https://github.com/Expensify/App/issues/58283,2025-03-12
58399,https://github.com/Expensify/App/issues/58399,Deploy Checklist: New Expensify 2025-03-12,58283,https://github.com/Expensify/App/issues/58283,2025-03-12
58128,https://github.com/Expensify/App/issues/58128,Deploy Checklist: New Expensify 2025-03-10,58124,https://github.com/Expensify/App/issues/58124,2025-03-10
58131,https://github.com/Expensify/App/issues/58131,Deploy Checklist: New Expensify 2025-03-10,58124,https://github.com/Expensify/App/issues/58124,2025-03-10
58132,https://github.com/Expensify/App/issues/58132,Deploy Checklist: New Expensify 2025-03-10,58124,https://github.com/Expensify/App/issues/58124,2025-03-10
58133,https://github.com/Expensify/App/issues/58133,Deploy Checklist: New Expensify 2025-03-10,58124,https://github.com/Expensify/App/issues/58124,2025-03-10
58136,https://github.com/Expensify/App/issues/58136,Deploy Checklist: New Expensify 2025-03-10,58124,https://github.com/Expensify/App/issues/58124,2025-03-10
58137,https://github.com/Expensify/App/issues/58137,Deploy Checklist: New Expensify 2025-03-10,58124,https://github.com/Expensify/App/issues/58124,2025-03-10
58150,https://github.com/Expensify/App/issues/58150,Deploy Checklist: New Expensify 2025-03-10,58124,https://github.com/Expensify/App/issues/58124,2025-03-10
58154,https://github.com/Expensify/App/issues/58154,Deploy Checklist: New Expensify 2025-03-10,58124,https://github.com/Expensify/App/issues/58124,2025-03-10
58155,https://github.com/Expensify/App/issues/58155,Deploy Checklist: New Expensify 2025-03-10,58124,https://github.com/Expensify/App/issues/58124,2025-03-10
58157,https://github.com/Expensify/App/issues/58157,Deploy Checklist: New Expensify 2025-03-10,58124,https://github.com/Expensify/App/issues/58124,2025-03-10
58160,https://github.com/Expensify/App/issues/58160,Deploy Checklist: New Expensify 2025-03-10,58124,https://github.com/Expensify/App/issues/58124,2025-03-10
58165,https://github.com/Expensify/App/issues/58165,Deploy Checklist: New Expensify 2025-03-10,58124,https://github.com/Expensify/App/issues/58124,2025-03-10
58166,https://github.com/Expensify/App/issues/58166,Deploy Checklist: New Expensify 2025-03-10,58124,https://github.com/Expensify/App/issues/58124,2025-03-10
58169,https://github.com/Expensify/App/issues/58169,Deploy Checklist: New Expensify 2025-03-10,58124,https://github.com/Expensify/App/issues/58124,2025-03-10
58170,https://github.com/Expensify/App/issues/58170,Deploy Checklist: New Expensify 2025-03-10,58124,https://github.com/Expensify/App/issues/58124,2025-03-10
58176,https://github.com/Expensify/App/issues/58176,Deploy Checklist: New Expensify 2025-03-10,58124,https://github.com/Expensify/App/issues/58124,2025-03-10
58179,https://github.com/Expensify/App/issues/58179,Deploy Checklist: New Expensify 2025-03-10,58124,https://github.com/Expensify/App/issues/58124,2025-03-10
58181,https://github.com/Expensify/App/issues/58181,Deploy Checklist: New Expensify 2025-03-10,58124,https://github.com/Expensify/App/issues/58124,2025-03-10
58192,https://github.com/Expensify/App/issues/58192,Deploy Checklist: New Expensify 2025-03-10,58124,https://github.com/Expensify/App/issues/58124,2025-03-10
58194,https://github.com/Expensify/App/issues/58194,Deploy Checklist: New Expensify 2025-03-10,58124,https://github.com/Expensify/App/issues/58124,2025-03-10
58199,https://github.com/Expensify/App/issues/58199,Deploy Checklist: New Expensify 2025-03-10,58124,https://github.com/Expensify/App/issues/58124,2025-03-10
58204,https://github.com/Expensify/App/issues/58204,Deploy Checklist: New Expensify 2025-03-10,58124,https://github.com/Expensify/App/issues/58124,2025-03-10
58205,https://github.com/Expensify/App/issues/58205,Deploy Checklist: New Expensify 2025-03-10,58124,https://github.com/Expensify/App/issues/58124,2025-03-10
58217,https://github.com/Expensify/App/issues/58217,Deploy Checklist: New Expensify 2025-03-10,58124,https://github.com/Expensify/App/issues/58124,2025-03-10
58224,https://github.com/Expensify/App/issues/58224,Deploy Checklist: New Expensify 2025-03-10,58124,https://github.com/Expensify/App/issues/58124,2025-03-10
58229,https://github.com/Expensify/App/issues/58229,Deploy Checklist: New Expensify 2025-03-10,58124,https://github.com/Expensify/App/issues/58124,2025-03-10
58242,https://github.com/Expensify/App/issues/58242,Deploy Checklist: New Expensify 2025-03-10,58124,https://github.com/Expensify/App/issues/58124,2025-03-10
58256,https://github.com/Expensify/App/issues/58256,Deploy Checklist: New Expensify 2025-03-10,58124,https://github.com/Expensify/App/issues/58124,2025-03-10
58262,https://github.com/Expensify/App/issues/58262,Deploy Checklist: New Expensify 2025-03-10,58124,https://github.com/Expensify/App/issues/58124,2025-03-10
58265,https://github.com/Expensify/App/issues/58265,Deploy Checklist: New Expensify 2025-03-10,58124,https://github.com/Expensify/App/issues/58124,2025-03-10
58268,https://github.com/Expensify/App/issues/58268,Deploy Checklist: New Expensify 2025-03-10,58124,https://github.com/Expensify/App/issues/58124,2025-03-10
58269,https://github.com/Expensify/App/issues/58269,Deploy Checklist: New Expensify 2025-03-10,58124,https://github.com/Expensify/App/issues/58124,2025-03-10
57797,https://github.com/Expensify/App/issues/57797,Deploy Checklist: New Expensify 2025-03-06,57963,https://github.com/Expensify/App/issues/57963,2025-03-06
57815,https://github.com/Expensify/App/issues/57815,Deploy Checklist: New Expensify 2025-03-06,57963,https://github.com/Expensify/App/issues/57963,2025-03-06
57823,https://github.com/Expensify/App/issues/57823,Deploy Checklist: New Expensify 2025-03-06,57963,https://github.com/Expensify/App/issues/57963,2025-03-06
57966,https://github.com/Expensify/App/issues/57966,Deploy Checklist: New Expensify 2025-03-06,57963,https://github.com/Expensify/App/issues/57963,2025-03-06
57967,https://github.com/Expensify/App/issues/57967,Deploy Checklist: New Expensify 2025-03-06,57963,https://github.com/Expensify/App/issues/57963,2025-03-06
57968,https://github.com/Expensify/App/issues/57968,Deploy Checklist: New Expensify 2025-03-06,57963,https://github.com/Expensify/App/issues/57963,2025-03-06
57971,https://github.com/Expensify/App/issues/57971,Deploy Checklist: New Expensify 2025-03-06,57963,https://github.com/Expensify/App/issues/57963,2025-03-06
57972,https://github.com/Expensify/App/issues/57972,Deploy Checklist: New Expensify 2025-03-06,57963,https://github.com/Expensify/App/issues/57963,2025-03-06
57973,https://github.com/Expensify/App/issues/57973,Deploy Checklist: New Expensify 2025-03-06,57963,https://github.com/Expensify/App/issues/57963,2025-03-06
57974,https://github.com/Expensify/App/issues/57974,Deploy Checklist: New Expensify 2025-03-06,57963,https://github.com/Expensify/App/issues/57963,2025-03-06
57977,https://github.com/Expensify/App/issues/57977,Deploy Checklist: New Expensify 2025-03-06,57963,https://github.com/Expensify/App/issues/57963,2025-03-06
57978,https://github.com/Expensify/App/issues/57978,Deploy Checklist: New Expensify 2025-03-06,57963,https://github.com/Expensify/App/issues/57963,2025-03-06
57984,https://github.com/Expensify/App/issues/57984,Deploy Checklist: New Expensify 2025-03-06,57963,https://github.com/Expensify/App/issues/57963,2025-03-06
57986,https://github.com/Expensify/App/issues/57986,Deploy Checklist: New Expensify 2025-03-06,57963,https://github.com/Expensify/App/issues/57963,2025-03-06
57997,https://github.com/Expensify/App/issues/57997,Deploy Checklist: New Expensify 2025-03-06,57963,https://github.com/Expensify/App/issues/57963,2025-03-06
57998,https://github.com/Expensify/App/issues/57998,Deploy Checklist: New Expensify 2025-03-06,57963,https://github.com/Expensify/App/issues/57963,2025-03-06
58026,https://github.com/Expensify/App/issues/58026,Deploy Checklist: New Expensify 2025-03-06,57963,https://github.com/Expensify/App/issues/57963,2025-03-06
57795,https://github.com/Expensify/App/issues/57795,Deploy Checklist: New Expensify 2025-03-04,57792,https://github.com/Expensify/App/issues/57792,2025-03-04
57797,https://github.com/Expensify/App/issues/57797,Deploy Checklist: New Expensify 2025-03-04,57792,https://github.com/Expensify/App/issues/57792,2025-03-04
57798,https://github.com/Expensify/App/issues/57798,Deploy Checklist: New Expensify 2025-03-04,57792,https://github.com/Expensify/App/issues/57792,2025-03-04
57799,https://github.com/Expensify/App/issues/57799,Deploy Checklist: New Expensify 2025-03-04,57792,https://github.com/Expensify/App/issues/57792,2025-03-04
57805,https://github.com/Expensify/App/issues/57805,Deploy Checklist: New Expensify 2025-03-04,57792,https://github.com/Expensify/App/issues/57792,2025-03-04
57806,https://github.com/Expensify/App/issues/57806,Deploy Checklist: New Expensify 2025-03-04,57792,https://github.com/Expensify/App/issues/57792,2025-03-04
57807,https://github.com/Expensify/App/issues/57807,Deploy Checklist: New Expensify 2025-03-04,57792,https://github.com/Expensify/App/issues/57792,2025-03-04
57808,https://github.com/Expensify/App/issues/57808,Deploy Checklist: New Expensify 2025-03-04,57792,https://github.com/Expensify/App/issues/57792,2025-03-04
57810,https://github.com/Expensify/App/issues/57810,Deploy Checklist: New Expensify 2025-03-04,57792,https://github.com/Expensify/App/issues/57792,2025-03-04
57811,https://github.com/Expensify/App/issues/57811,Deploy Checklist: New Expensify 2025-03-04,57792,https://github.com/Expensify/App/issues/57792,2025-03-04
57812,https://github.com/Expensify/App/issues/57812,Deploy Checklist: New Expensify 2025-03-04,57792,https://github.com/Expensify/App/issues/57792,2025-03-04
57813,https://github.com/Expensify/App/issues/57813,Deploy Checklist: New Expensify 2025-03-04,57792,https://github.com/Expensify/App/issues/57792,2025-03-04
57815,https://github.com/Expensify/App/issues/57815,Deploy Checklist: New Expensify 2025-03-04,57792,https://github.com/Expensify/App/issues/57792,2025-03-04
57817,https://github.com/Expensify/App/issues/57817,Deploy Checklist: New Expensify 2025-03-04,57792,https://github.com/Expensify/App/issues/57792,2025-03-04
57823,https://github.com/Expensify/App/issues/57823,Deploy Checklist: New Expensify 2025-03-04,57792,https://github.com/Expensify/App/issues/57792,2025-03-04
57825,https://github.com/Expensify/App/issues/57825,Deploy Checklist: New Expensify 2025-03-04,57792,https://github.com/Expensify/App/issues/57792,2025-03-04
57827,https://github.com/Expensify/App/issues/57827,Deploy Checklist: New Expensify 2025-03-04,57792,https://github.com/Expensify/App/issues/57792,2025-03-04
57832,https://github.com/Expensify/App/issues/57832,Deploy Checklist: New Expensify 2025-03-04,57792,https://github.com/Expensify/App/issues/57792,2025-03-04
57833,https://github.com/Expensify/App/issues/57833,Deploy Checklist: New Expensify 2025-03-04,57792,https://github.com/Expensify/App/issues/57792,2025-03-04
57835,https://github.com/Expensify/App/issues/57835,Deploy Checklist: New Expensify 2025-03-04,57792,https://github.com/Expensify/App/issues/57792,2025-03-04
57837,https://github.com/Expensify/App/issues/57837,Deploy Checklist: New Expensify 2025-03-04,57792,https://github.com/Expensify/App/issues/57792,2025-03-04
57838,https://github.com/Expensify/App/issues/57838,Deploy Checklist: New Expensify 2025-03-04,57792,https://github.com/Expensify/App/issues/57792,2025-03-04
57839,https://github.com/Expensify/App/issues/57839,Deploy Checklist: New Expensify 2025-03-04,57792,https://github.com/Expensify/App/issues/57792,2025-03-04
57840,https://github.com/Expensify/App/issues/57840,Deploy Checklist: New Expensify 2025-03-04,57792,https://github.com/Expensify/App/issues/57792,2025-03-04
57854,https://github.com/Expensify/App/issues/57854,Deploy Checklist: New Expensify 2025-03-04,57792,https://github.com/Expensify/App/issues/57792,2025-03-04
57855,https://github.com/Expensify/App/issues/57855,Deploy Checklist: New Expensify 2025-03-04,57792,https://github.com/Expensify/App/issues/57792,2025-03-04
57869,https://github.com/Expensify/App/issues/57869,Deploy Checklist: New Expensify 2025-03-04,57792,https://github.com/Expensify/App/issues/57792,2025-03-04
57909,https://github.com/Expensify/App/issues/57909,Deploy Checklist: New Expensify 2025-03-04,57792,https://github.com/Expensify/App/issues/57792,2025-03-04
57912,https://github.com/Expensify/App/issues/57912,Deploy Checklist: New Expensify 2025-03-04,57792,https://github.com/Expensify/App/issues/57792,2025-03-04
57692,https://github.com/Expensify/App/issues/57692,Deploy Checklist: New Expensify 2025-03-03,57683,https://github.com/Expensify/App/issues/57683,2025-03-03
57698,https://github.com/Expensify/App/issues/57698,Deploy Checklist: New Expensify 2025-03-03,57683,https://github.com/Expensify/App/issues/57683,2025-03-03
57702,https://github.com/Expensify/App/issues/57702,Deploy Checklist: New Expensify 2025-03-03,57683,https://github.com/Expensify/App/issues/57683,2025-03-03
57736,https://github.com/Expensify/App/issues/57736,Deploy Checklist: New Expensify 2025-03-03,57683,https://github.com/Expensify/App/issues/57683,2025-03-03
57761,https://github.com/Expensify/App/issues/57761,Deploy Checklist: New Expensify 2025-03-03,57683,https://github.com/Expensify/App/issues/57683,2025-03-03
57768,https://github.com/Expensify/App/issues/57768,Deploy Checklist: New Expensify 2025-03-03,57683,https://github.com/Expensify/App/issues/57683,2025-03-03
57519,https://github.com/Expensify/App/issues/57519,Deploy Checklist: New Expensify 2025-02-27,57563,https://github.com/Expensify/App/issues/57563,2025-02-27
57574,https://github.com/Expensify/App/issues/57574,Deploy Checklist: New Expensify 2025-02-27,57563,https://github.com/Expensify/App/issues/57563,2025-02-27
57575,https://github.com/Expensify/App/issues/57575,Deploy Checklist: New Expensify 2025-02-27,57563,https://github.com/Expensify/App/issues/57563,2025-02-27
57577,https://github.com/Expensify/App/issues/57577,Deploy Checklist: New Expensify 2025-02-27,57563,https://github.com/Expensify/App/issues/57563,2025-02-27
57585,https://github.com/Expensify/App/issues/57585,Deploy Checklist: New Expensify 2025-02-27,57563,https://github.com/Expensify/App/issues/57563,2025-02-27
57586,https://github.com/Expensify/App/issues/57586,Deploy Checklist: New Expensify 2025-02-27,57563,https://github.com/Expensify/App/issues/57563,2025-02-27
57587,https://github.com/Expensify/App/issues/57587,Deploy Checklist: New Expensify 2025-02-27,57563,https://github.com/Expensify/App/issues/57563,2025-02-27
57592,https://github.com/Expensify/App/issues/57592,Deploy Checklist: New Expensify 2025-02-27,57563,https://github.com/Expensify/App/issues/57563,2025-02-27
57593,https://github.com/Expensify/App/issues/57593,Deploy Checklist: New Expensify 2025-02-27,57563,https://github.com/Expensify/App/issues/57563,2025-02-27
57615,https://github.com/Expensify/App/issues/57615,Deploy Checklist: New Expensify 2025-02-27,57563,https://github.com/Expensify/App/issues/57563,2025-02-27
57437,https://github.com/Expensify/App/issues/57437,Deploy Checklist: New Expensify 2025-02-25,57435,https://github.com/Expensify/App/issues/57435,2025-02-25
57456,https://github.com/Expensify/App/issues/57456,Deploy Checklist: New Expensify 2025-02-25,57435,https://github.com/Expensify/App/issues/57435,2025-02-25
57271,https://github.com/Expensify/App/issues/57271,Deploy Checklist: New Expensify 2025-02-24,57336,https://github.com/Expensify/App/issues/57336,2025-02-24
57340,https://github.com/Expensify/App/issues/57340,Deploy Checklist: New Expensify 2025-02-24,57336,https://github.com/Expensify/App/issues/57336,2025-02-24
57341,https://github.com/Expensify/App/issues/57341,Deploy Checklist: New Expensify 2025-02-24,57336,https://github.com/Expensify/App/issues/57336,2025-02-24
57343,https://github.com/Expensify/App/issues/57343,Deploy Checklist: New Expensify 2025-02-24,57336,https://github.com/Expensify/App/issues/57336,2025-02-24
57344,https://github.com/Expensify/App/issues/57344,Deploy Checklist: New Expensify 2025-02-24,57336,https://github.com/Expensify/App/issues/57336,2025-02-24
57347,https://github.com/Expensify/App/issues/57347,Deploy Checklist: New Expensify 2025-02-24,57336,https://github.com/Expensify/App/issues/57336,2025-02-24
57349,https://github.com/Expensify/App/issues/57349,Deploy Checklist: New Expensify 2025-02-24,57336,https://github.com/Expensify/App/issues/57336,2025-02-24
57351,https://github.com/Expensify/App/issues/57351,Deploy Checklist: New Expensify 2025-02-24,57336,https://github.com/Expensify/App/issues/57336,2025-02-24
57352,https://github.com/Expensify/App/issues/57352,Deploy Checklist: New Expensify 2025-02-24,57336,https://github.com/Expensify/App/issues/57336,2025-02-24
57355,https://github.com/Expensify/App/issues/57355,Deploy Checklist: New Expensify 2025-02-24,57336,https://github.com/Expensify/App/issues/57336,2025-02-24
57357,https://github.com/Expensify/App/issues/57357,Deploy Checklist: New Expensify 2025-02-24,57336,https://github.com/Expensify/App/issues/57336,2025-02-24
57359,https://github.com/Expensify/App/issues/57359,Deploy Checklist: New Expensify 2025-02-24,57336,https://github.com/Expensify/App/issues/57336,2025-02-24
57363,https://github.com/Expensify/App/issues/57363,Deploy Checklist: New Expensify 2025-02-24,57336,https://github.com/Expensify/App/issues/57336,2025-02-24
57365,https://github.com/Expensify/App/issues/57365,Deploy Checklist: New Expensify 2025-02-24,57336,https://github.com/Expensify/App/issues/57336,2025-02-24
57381,https://github.com/Expensify/App/issues/57381,Deploy Checklist: New Expensify 2025-02-24,57336,https://github.com/Expensify/App/issues/57336,2025-02-24
57408,https://github.com/Expensify/App/issues/57408,Deploy Checklist: New Expensify 2025-02-24,57336,https://github.com/Expensify/App/issues/57336,2025-02-24
57409,https://github.com/Expensify/App/issues/57409,Deploy Checklist: New Expensify 2025-02-24,57336,https://github.com/Expensify/App/issues/57336,2025-02-24
57410,https://github.com/Expensify/App/issues/57410,Deploy Checklist: New Expensify 2025-02-24,57336,https://github.com/Expensify/App/issues/57336,2025-02-24
57413,https://github.com/Expensify/App/issues/57413,Deploy Checklist: New Expensify 2025-02-24,57336,https://github.com/Expensify/App/issues/57336,2025-02-24
57415,https://github.com/Expensify/App/issues/57415,Deploy Checklist: New Expensify 2025-02-24,57336,https://github.com/Expensify/App/issues/57336,2025-02-24
57272,https://github.com/Expensify/App/issues/57272,Deploy Checklist: New Expensify 2025-02-21,57263,https://github.com/Expensify/App/issues/57263,2025-02-21
57297,https://github.com/Expensify/App/issues/57297,Deploy Checklist: New Expensify 2025-02-21,57263,https://github.com/Expensify/App/issues/57263,2025-02-21
57209,https://github.com/Expensify/App/issues/57209,Deploy Checklist: New Expensify 2025-02-20,57207,https://github.com/Expensify/App/issues/57207,2025-02-20
57213,https://github.com/Expensify/App/issues/57213,Deploy Checklist: New Expensify 2025-02-20,57207,https://github.com/Expensify/App/issues/57207,2025-02-20
57214,https://github.com/Expensify/App/issues/57214,Deploy Checklist: New Expensify 2025-02-20,57207,https://github.com/Expensify/App/issues/57207,2025-02-20
57215,https://github.com/Expensify/App/issues/57215,Deploy Checklist: New Expensify 2025-02-20,57207,https://github.com/Expensify/App/issues/57207,2025-02-20
57225,https://github.com/Expensify/App/issues/57225,Deploy Checklist: New Expensify 2025-02-20,57207,https://github.com/Expensify/App/issues/57207,2025-02-20
57148,https://github.com/Expensify/App/issues/57148,Deploy Checklist: New Expensify 2025-02-20,57146,https://github.com/Expensify/App/issues/57146,2025-02-20
57149,https://github.com/Expensify/App/issues/57149,Deploy Checklist: New Expensify 2025-02-20,57146,https://github.com/Expensify/App/issues/57146,2025-02-20
57150,https://github.com/Expensify/App/issues/57150,Deploy Checklist: New Expensify 2025-02-20,57146,https://github.com/Expensify/App/issues/57146,2025-02-20
57152,https://github.com/Expensify/App/issues/57152,Deploy Checklist: New Expensify 2025-02-20,57146,https://github.com/Expensify/App/issues/57146,2025-02-20
57156,https://github.com/Expensify/App/issues/57156,Deploy Checklist: New Expensify 2025-02-20,57146,https://github.com/Expensify/App/issues/57146,2025-02-20
57157,https://github.com/Expensify/App/issues/57157,Deploy Checklist: New Expensify 2025-02-20,57146,https://github.com/Expensify/App/issues/57146,2025-02-20
57189,https://github.com/Expensify/App/issues/57189,Deploy Checklist: New Expensify 2025-02-20,57146,https://github.com/Expensify/App/issues/57146,2025-02-20
57067,https://github.com/Expensify/App/issues/57067,Deploy Checklist: New Expensify 2025-02-19,57066,https://github.com/Expensify/App/issues/57066,2025-02-19
57068,https://github.com/Expensify/App/issues/57068,Deploy Checklist: New Expensify 2025-02-19,57066,https://github.com/Expensify/App/issues/57066,2025-02-19
57069,https://github.com/Expensify/App/issues/57069,Deploy Checklist: New Expensify 2025-02-19,57066,https://github.com/Expensify/App/issues/57066,2025-02-19
57070,https://github.com/Expensify/App/issues/57070,Deploy Checklist: New Expensify 2025-02-19,57066,https://github.com/Expensify/App/issues/57066,2025-02-19
57071,https://github.com/Expensify/App/issues/57071,Deploy Checklist: New Expensify 2025-02-19,57066,https://github.com/Expensify/App/issues/57066,2025-02-19
57074,https://github.com/Expensify/App/issues/57074,Deploy Checklist: New Expensify 2025-02-19,57066,https://github.com/Expensify/App/issues/57066,2025-02-19
57075,https://github.com/Expensify/App/issues/57075,Deploy Checklist: New Expensify 2025-02-19,57066,https://github.com/Expensify/App/issues/57066,2025-02-19
57076,https://github.com/Expensify/App/issues/57076,Deploy Checklist: New Expensify 2025-02-19,57066,https://github.com/Expensify/App/issues/57066,2025-02-19
57080,https://github.com/Expensify/App/issues/57080,Deploy Checklist: New Expensify 2025-02-19,57066,https://github.com/Expensify/App/issues/57066,2025-02-19
57081,https://github.com/Expensify/App/issues/57081,Deploy Checklist: New Expensify 2025-02-19,57066,https://github.com/Expensify/App/issues/57066,2025-02-19
57082,https://github.com/Expensify/App/issues/57082,Deploy Checklist: New Expensify 2025-02-19,57066,https://github.com/Expensify/App/issues/57066,2025-02-19
57088,https://github.com/Expensify/App/issues/57088,Deploy Checklist: New Expensify 2025-02-19,57066,https://github.com/Expensify/App/issues/57066,2025-02-19
57094,https://github.com/Expensify/App/issues/57094,Deploy Checklist: New Expensify 2025-02-19,57066,https://github.com/Expensify/App/issues/57066,2025-02-19
57117,https://github.com/Expensify/App/issues/57117,Deploy Checklist: New Expensify 2025-02-19,57066,https://github.com/Expensify/App/issues/57066,2025-02-19
57048,https://github.com/Expensify/App/issues/57048,Deploy Checklist: New Expensify 2025-02-18,56992,https://github.com/Expensify/App/issues/56992,2025-02-18
56937,https://github.com/Expensify/App/issues/56937,Deploy Checklist: New Expensify 2025-02-17,56922,https://github.com/Expensify/App/issues/56922,2025-02-17
56943,https://github.com/Expensify/App/issues/56943,Deploy Checklist: New Expensify 2025-02-17,56922,https://github.com/Expensify/App/issues/56922,2025-02-17
56954,https://github.com/Expensify/App/issues/56954,Deploy Checklist: New Expensify 2025-02-17,56922,https://github.com/Expensify/App/issues/56922,2025-02-17
56956,https://github.com/Expensify/App/issues/56956,Deploy Checklist: New Expensify 2025-02-17,56922,https://github.com/Expensify/App/issues/56922,2025-02-17
56796,https://github.com/Expensify/App/issues/56796,Deploy Checklist: New Expensify 2025-02-12,56784,https://github.com/Expensify/App/issues/56784,2025-02-12
56797,https://github.com/Expensify/App/issues/56797,Deploy Checklist: New Expensify 2025-02-12,56784,https://github.com/Expensify/App/issues/56784,2025-02-12
56798,https://github.com/Expensify/App/issues/56798,Deploy Checklist: New Expensify 2025-02-12,56784,https://github.com/Expensify/App/issues/56784,2025-02-12
56799,https://github.com/Expensify/App/issues/56799,Deploy Checklist: New Expensify 2025-02-12,56784,https://github.com/Expensify/App/issues/56784,2025-02-12
56800,https://github.com/Expensify/App/issues/56800,Deploy Checklist: New Expensify 2025-02-12,56784,https://github.com/Expensify/App/issues/56784,2025-02-12
56801,https://github.com/Expensify/App/issues/56801,Deploy Checklist: New Expensify 2025-02-12,56784,https://github.com/Expensify/App/issues/56784,2025-02-12
56803,https://github.com/Expensify/App/issues/56803,Deploy Checklist: New Expensify 2025-02-12,56784,https://github.com/Expensify/App/issues/56784,2025-02-12
56804,https://github.com/Expensify/App/issues/56804,Deploy Checklist: New Expensify 2025-02-12,56784,https://github.com/Expensify/App/issues/56784,2025-02-12
56805,https://github.com/Expensify/App/issues/56805,Deploy Checklist: New Expensify 2025-02-12,56784,https://github.com/Expensify/App/issues/56784,2025-02-12
56806,https://github.com/Expensify/App/issues/56806,Deploy Checklist: New Expensify 2025-02-12,56784,https://github.com/Expensify/App/issues/56784,2025-02-12
56807,https://github.com/Expensify/App/issues/56807,Deploy Checklist: New Expensify 2025-02-12,56784,https://github.com/Expensify/App/issues/56784,2025-02-12
56809,https://github.com/Expensify/App/issues/56809,Deploy Checklist: New Expensify 2025-02-12,56784,https://github.com/Expensify/App/issues/56784,2025-02-12
56810,https://github.com/Expensify/App/issues/56810,Deploy Checklist: New Expensify 2025-02-12,56784,https://github.com/Expensify/App/issues/56784,2025-02-12
56812,https://github.com/Expensify/App/issues/56812,Deploy Checklist: New Expensify 2025-02-12,56784,https://github.com/Expensify/App/issues/56784,2025-02-12
56813,https://github.com/Expensify/App/issues/56813,Deploy Checklist: New Expensify 2025-02-12,56784,https://github.com/Expensify/App/issues/56784,2025-02-12
56814,https://github.com/Expensify/App/issues/56814,Deploy Checklist: New Expensify 2025-02-12,56784,https://github.com/Expensify/App/issues/56784,2025-02-12
56815,https://github.com/Expensify/App/issues/56815,Deploy Checklist: New Expensify 2025-02-12,56784,https://github.com/Expensify/App/issues/56784,2025-02-12
56816,https://github.com/Expensify/App/issues/56816,Deploy Checklist: New Expensify 2025-02-12,56784,https://github.com/Expensify/App/issues/56784,2025-02-12
56817,https://github.com/Expensify/App/issues/56817,Deploy Checklist: New Expensify 2025-02-12,56784,https://github.com/Expensify/App/issues/56784,2025-02-12
56825,https://github.com/Expensify/App/issues/56825,Deploy Checklist: New Expensify 2025-02-12,56784,https://github.com/Expensify/App/issues/56784,2025-02-12
56839,https://github.com/Expensify/App/issues/56839,Deploy Checklist: New Expensify 2025-02-12,56784,https://github.com/Expensify/App/issues/56784,2025-02-12
56873,https://github.com/Expensify/App/issues/56873,Deploy Checklist: New Expensify 2025-02-12,56784,https://github.com/Expensify/App/issues/56784,2025-02-12
56906,https://github.com/Expensify/App/issues/56906,Deploy Checklist: New Expensify 2025-02-12,56784,https://github.com/Expensify/App/issues/56784,2025-02-12
56719,https://github.com/Expensify/App/issues/56719,Deploy Checklist: New Expensify 2025-02-12,56710,https://github.com/Expensify/App/issues/56710,2025-02-12
56729,https://github.com/Expensify/App/issues/56729,Deploy Checklist: New Expensify 2025-02-12,56710,https://github.com/Expensify/App/issues/56710,2025-02-12
56751,https://github.com/Expensify/App/issues/56751,Deploy Checklist: New Expensify 2025-02-12,56710,https://github.com/Expensify/App/issues/56710,2025-02-12
56754,https://github.com/Expensify/App/issues/56754,Deploy Checklist: New Expensify 2025-02-12,56710,https://github.com/Expensify/App/issues/56710,2025-02-12
56758,https://github.com/Expensify/App/issues/56758,Deploy Checklist: New Expensify 2025-02-12,56710,https://github.com/Expensify/App/issues/56710,2025-02-12
56514,https://github.com/Expensify/App/issues/56514,Deploy Checklist: New Expensify 2025-02-11,56625,https://github.com/Expensify/App/issues/56625,2025-02-11
56529,https://github.com/Expensify/App/issues/56529,Deploy Checklist: New Expensify 2025-02-11,56625,https://github.com/Expensify/App/issues/56625,2025-02-11
56630,https://github.com/Expensify/App/issues/56630,Deploy Checklist: New Expensify 2025-02-11,56625,https://github.com/Expensify/App/issues/56625,2025-02-11
56631,https://github.com/Expensify/App/issues/56631,Deploy Checklist: New Expensify 2025-02-11,56625,https://github.com/Expensify/App/issues/56625,2025-02-11
56632,https://github.com/Expensify/App/issues/56632,Deploy Checklist: New Expensify 2025-02-11,56625,https://github.com/Expensify/App/issues/56625,2025-02-11
56633,https://github.com/Expensify/App/issues/56633,Deploy Checklist: New Expensify 2025-02-11,56625,https://github.com/Expensify/App/issues/56625,2025-02-11
56634,https://github.com/Expensify/App/issues/56634,Deploy Checklist: New Expensify 2025-02-11,56625,https://github.com/Expensify/App/issues/56625,2025-02-11
56640,https://github.com/Expensify/App/issues/56640,Deploy Checklist: New Expensify 2025-02-11,56625,https://github.com/Expensify/App/issues/56625,2025-02-11
56641,https://github.com/Expensify/App/issues/56641,Deploy Checklist: New Expensify 2025-02-11,56625,https://github.com/Expensify/App/issues/56625,2025-02-11
56647,https://github.com/Expensify/App/issues/56647,Deploy Checklist: New Expensify 2025-02-11,56625,https://github.com/Expensify/App/issues/56625,2025-02-11
56659,https://github.com/Expensify/App/issues/56659,Deploy Checklist: New Expensify 2025-02-11,56625,https://github.com/Expensify/App/issues/56625,2025-02-11
56662,https://github.com/Expensify/App/issues/56662,Deploy Checklist: New Expensify 2025-02-11,56625,https://github.com/Expensify/App/issues/56625,2025-02-11
56664,https://github.com/Expensify/App/issues/56664,Deploy Checklist: New Expensify 2025-02-11,56625,https://github.com/Expensify/App/issues/56625,2025-02-11
56670,https://github.com/Expensify/App/issues/56670,Deploy Checklist: New Expensify 2025-02-11,56625,https://github.com/Expensify/App/issues/56625,2025-02-11
56679,https://github.com/Expensify/App/issues/56679,Deploy Checklist: New Expensify 2025-02-11,56625,https://github.com/Expensify/App/issues/56625,2025-02-11
56696,https://github.com/Expensify/App/issues/56696,Deploy Checklist: New Expensify 2025-02-11,56625,https://github.com/Expensify/App/issues/56625,2025-02-11
56700,https://github.com/Expensify/App/issues/56700,Deploy Checklist: New Expensify 2025-02-11,56625,https://github.com/Expensify/App/issues/56625,2025-02-11
56307,https://github.com/Expensify/App/issues/56307,Deploy Checklist: New Expensify 2025-02-06,56482,https://github.com/Expensify/App/issues/56482,2025-02-06
56308,https://github.com/Expensify/App/issues/56308,Deploy Checklist: New Expensify 2025-02-06,56482,https://github.com/Expensify/App/issues/56482,2025-02-06
56484,https://github.com/Expensify/App/issues/56484,Deploy Checklist: New Expensify 2025-02-06,56482,https://github.com/Expensify/App/issues/56482,2025-02-06
56499,https://github.com/Expensify/App/issues/56499,Deploy Checklist: New Expensify 2025-02-06,56482,https://github.com/Expensify/App/issues/56482,2025-02-06
56500,https://github.com/Expensify/App/issues/56500,Deploy Checklist: New Expensify 2025-02-06,56482,https://github.com/Expensify/App/issues/56482,2025-02-06
56502,https://github.com/Expensify/App/issues/56502,Deploy Checklist: New Expensify 2025-02-06,56482,https://github.com/Expensify/App/issues/56482,2025-02-06
56503,https://github.com/Expensify/App/issues/56503,Deploy Checklist: New Expensify 2025-02-06,56482,https://github.com/Expensify/App/issues/56482,2025-02-06
56504,https://github.com/Expensify/App/issues/56504,Deploy Checklist: New Expensify 2025-02-06,56482,https://github.com/Expensify/App/issues/56482,2025-02-06
56505,https://github.com/Expensify/App/issues/56505,Deploy Checklist: New Expensify 2025-02-06,56482,https://github.com/Expensify/App/issues/56482,2025-02-06
56507,https://github.com/Expensify/App/issues/56507,Deploy Checklist: New Expensify 2025-02-06,56482,https://github.com/Expensify/App/issues/56482,2025-02-06
56508,https://github.com/Expensify/App/issues/56508,Deploy Checklist: New Expensify 2025-02-06,56482,https://github.com/Expensify/App/issues/56482,2025-02-06
56510,https://github.com/Expensify/App/issues/56510,Deploy Checklist: New Expensify 2025-02-06,56482,https://github.com/Expensify/App/issues/56482,2025-02-06
56511,https://github.com/Expensify/App/issues/56511,Deploy Checklist: New Expensify 2025-02-06,56482,https://github.com/Expensify/App/issues/56482,2025-02-06
56514,https://github.com/Expensify/App/issues/56514,Deploy Checklist: New Expensify 2025-02-06,56482,https://github.com/Expensify/App/issues/56482,2025-02-06
56519,https://github.com/Expensify/App/issues/56519,Deploy Checklist: New Expensify 2025-02-06,56482,https://github.com/Expensify/App/issues/56482,2025-02-06
56522,https://github.com/Expensify/App/issues/56522,Deploy Checklist: New Expensify 2025-02-06,56482,https://github.com/Expensify/App/issues/56482,2025-02-06
56529,https://github.com/Expensify/App/issues/56529,Deploy Checklist: New Expensify 2025-02-06,56482,https://github.com/Expensify/App/issues/56482,2025-02-06
56530,https://github.com/Expensify/App/issues/56530,Deploy Checklist: New Expensify 2025-02-06,56482,https://github.com/Expensify/App/issues/56482,2025-02-06
56531,https://github.com/Expensify/App/issues/56531,Deploy Checklist: New Expensify 2025-02-06,56482,https://github.com/Expensify/App/issues/56482,2025-02-06
56173,https://github.com/Expensify/App/issues/56173,Deploy Checklist: New Expensify 2025-02-03,56280,https://github.com/Expensify/App/issues/56280,2025-02-03
56307,https://github.com/Expensify/App/issues/56307,Deploy Checklist: New Expensify 2025-02-03,56280,https://github.com/Expensify/App/issues/56280,2025-02-03
56308,https://github.com/Expensify/App/issues/56308,Deploy Checklist: New Expensify 2025-02-03,56280,https://github.com/Expensify/App/issues/56280,2025-02-03
56310,https://github.com/Expensify/App/issues/56310,Deploy Checklist: New Expensify 2025-02-03,56280,https://github.com/Expensify/App/issues/56280,2025-02-03
56311,https://github.com/Expensify/App/issues/56311,Deploy Checklist: New Expensify 2025-02-03,56280,https://github.com/Expensify/App/issues/56280,2025-02-03
56315,https://github.com/Expensify/App/issues/56315,Deploy Checklist: New Expensify 2025-02-03,56280,https://github.com/Expensify/App/issues/56280,2025-02-03
56319,https://github.com/Expensify/App/issues/56319,Deploy Checklist: New Expensify 2025-02-03,56280,https://github.com/Expensify/App/issues/56280,2025-02-03
56320,https://github.com/Expensify/App/issues/56320,Deploy Checklist: New Expensify 2025-02-03,56280,https://github.com/Expensify/App/issues/56280,2025-02-03
56321,https://github.com/Expensify/App/issues/56321,Deploy Checklist: New Expensify 2025-02-03,56280,https://github.com/Expensify/App/issues/56280,2025-02-03
56323,https://github.com/Expensify/App/issues/56323,Deploy Checklist: New Expensify 2025-02-03,56280,https://github.com/Expensify/App/issues/56280,2025-02-03
56325,https://github.com/Expensify/App/issues/56325,Deploy Checklist: New Expensify 2025-02-03,56280,https://github.com/Expensify/App/issues/56280,2025-02-03
56327,https://github.com/Expensify/App/issues/56327,Deploy Checklist: New Expensify 2025-02-03,56280,https://github.com/Expensify/App/issues/56280,2025-02-03
56328,https://github.com/Expensify/App/issues/56328,Deploy Checklist: New Expensify 2025-02-03,56280,https://github.com/Expensify/App/issues/56280,2025-02-03
56329,https://github.com/Expensify/App/issues/56329,Deploy Checklist: New Expensify 2025-02-03,56280,https://github.com/Expensify/App/issues/56280,2025-02-03
56330,https://github.com/Expensify/App/issues/56330,Deploy Checklist: New Expensify 2025-02-03,56280,https://github.com/Expensify/App/issues/56280,2025-02-03
56333,https://github.com/Expensify/App/issues/56333,Deploy Checklist: New Expensify 2025-02-03,56280,https://github.com/Expensify/App/issues/56280,2025-02-03
56341,https://github.com/Expensify/App/issues/56341,Deploy Checklist: New Expensify 2025-02-03,56280,https://github.com/Expensify/App/issues/56280,2025-02-03
56346,https://github.com/Expensify/App/issues/56346,Deploy Checklist: New Expensify 2025-02-03,56280,https://github.com/Expensify/App/issues/56280,2025-02-03
56351,https://github.com/Expensify/App/issues/56351,Deploy Checklist: New Expensify 2025-02-03,56280,https://github.com/Expensify/App/issues/56280,2025-02-03
56354,https://github.com/Expensify/App/issues/56354,Deploy Checklist: New Expensify 2025-02-03,56280,https://github.com/Expensify/App/issues/56280,2025-02-03
56356,https://github.com/Expensify/App/issues/56356,Deploy Checklist: New Expensify 2025-02-03,56280,https://github.com/Expensify/App/issues/56280,2025-02-03
56358,https://github.com/Expensify/App/issues/56358,Deploy Checklist: New Expensify 2025-02-03,56280,https://github.com/Expensify/App/issues/56280,2025-02-03
56360,https://github.com/Expensify/App/issues/56360,Deploy Checklist: New Expensify 2025-02-03,56280,https://github.com/Expensify/App/issues/56280,2025-02-03
56373,https://github.com/Expensify/App/issues/56373,Deploy Checklist: New Expensify 2025-02-03,56280,https://github.com/Expensify/App/issues/56280,2025-02-03
56378,https://github.com/Expensify/App/issues/56378,Deploy Checklist: New Expensify 2025-02-03,56280,https://github.com/Expensify/App/issues/56280,2025-02-03
56025,https://github.com/Expensify/App/issues/56025,Deploy Checklist: New Expensify 2025-01-31,56137,https://github.com/Expensify/App/issues/56137,2025-01-31
56027,https://github.com/Expensify/App/issues/56027,Deploy Checklist: New Expensify 2025-01-31,56137,https://github.com/Expensify/App/issues/56137,2025-01-31
56031,https://github.com/Expensify/App/issues/56031,Deploy Checklist: New Expensify 2025-01-31,56137,https://github.com/Expensify/App/issues/56137,2025-01-31
56147,https://github.com/Expensify/App/issues/56147,Deploy Checklist: New Expensify 2025-01-31,56137,https://github.com/Expensify/App/issues/56137,2025-01-31
56148,https://github.com/Expensify/App/issues/56148,Deploy Checklist: New Expensify 2025-01-31,56137,https://github.com/Expensify/App/issues/56137,2025-01-31
56150,https://github.com/Expensify/App/issues/56150,Deploy Checklist: New Expensify 2025-01-31,56137,https://github.com/Expensify/App/issues/56137,2025-01-31
56155,https://github.com/Expensify/App/issues/56155,Deploy Checklist: New Expensify 2025-01-31,56137,https://github.com/Expensify/App/issues/56137,2025-01-31
56173,https://github.com/Expensify/App/issues/56173,Deploy Checklist: New Expensify 2025-01-31,56137,https://github.com/Expensify/App/issues/56137,2025-01-31
56180,https://github.com/Expensify/App/issues/56180,Deploy Checklist: New Expensify 2025-01-31,56137,https://github.com/Expensify/App/issues/56137,2025-01-31
55937,https://github.com/Expensify/App/issues/55937,Deploy Checklist: New Expensify 2025-01-30,56018,https://github.com/Expensify/App/issues/56018,2025-01-30
56023,https://github.com/Expensify/App/issues/56023,Deploy Checklist: New Expensify 2025-01-30,56018,https://github.com/Expensify/App/issues/56018,2025-01-30
56024,https://github.com/Expensify/App/issues/56024,Deploy Checklist: New Expensify 2025-01-30,56018,https://github.com/Expensify/App/issues/56018,2025-01-30
56025,https://github.com/Expensify/App/issues/56025,Deploy Checklist: New Expensify 2025-01-30,56018,https://github.com/Expensify/App/issues/56018,2025-01-30
56026,https://github.com/Expensify/App/issues/56026,Deploy Checklist: New Expensify 2025-01-30,56018,https://github.com/Expensify/App/issues/56018,2025-01-30
56027,https://github.com/Expensify/App/issues/56027,Deploy Checklist: New Expensify 2025-01-30,56018,https://github.com/Expensify/App/issues/56018,2025-01-30
56028,https://github.com/Expensify/App/issues/56028,Deploy Checklist: New Expensify 2025-01-30,56018,https://github.com/Expensify/App/issues/56018,2025-01-30
56029,https://github.com/Expensify/App/issues/56029,Deploy Checklist: New Expensify 2025-01-30,56018,https://github.com/Expensify/App/issues/56018,2025-01-30
56030,https://github.com/Expensify/App/issues/56030,Deploy Checklist: New Expensify 2025-01-30,56018,https://github.com/Expensify/App/issues/56018,2025-01-30
56031,https://github.com/Expensify/App/issues/56031,Deploy Checklist: New Expensify 2025-01-30,56018,https://github.com/Expensify/App/issues/56018,2025-01-30
56032,https://github.com/Expensify/App/issues/56032,Deploy Checklist: New Expensify 2025-01-30,56018,https://github.com/Expensify/App/issues/56018,2025-01-30
56044,https://github.com/Expensify/App/issues/56044,Deploy Checklist: New Expensify 2025-01-30,56018,https://github.com/Expensify/App/issues/56018,2025-01-30
56083,https://github.com/Expensify/App/issues/56083,Deploy Checklist: New Expensify 2025-01-30,56018,https://github.com/Expensify/App/issues/56018,2025-01-30
55681,https://github.com/Expensify/App/issues/55681,Deploy Checklist: New Expensify 2025-01-29,55926,https://github.com/Expensify/App/issues/55926,2025-01-29
55845,https://github.com/Expensify/App/issues/55845,Deploy Checklist: New Expensify 2025-01-29,55926,https://github.com/Expensify/App/issues/55926,2025-01-29
55931,https://github.com/Expensify/App/issues/55931,Deploy Checklist: New Expensify 2025-01-29,55926,https://github.com/Expensify/App/issues/55926,2025-01-29
55933,https://github.com/Expensify/App/issues/55933,Deploy Checklist: New Expensify 2025-01-29,55926,https://github.com/Expensify/App/issues/55926,2025-01-29
55934,https://github.com/Expensify/App/issues/55934,Deploy Checklist: New Expensify 2025-01-29,55926,https://github.com/Expensify/App/issues/55926,2025-01-29
55935,https://github.com/Expensify/App/issues/55935,Deploy Checklist: New Expensify 2025-01-29,55926,https://github.com/Expensify/App/issues/55926,2025-01-29
55937,https://github.com/Expensify/App/issues/55937,Deploy Checklist: New Expensify 2025-01-29,55926,https://github.com/Expensify/App/issues/55926,2025-01-29
55938,https://github.com/Expensify/App/issues/55938,Deploy Checklist: New Expensify 2025-01-29,55926,https://github.com/Expensify/App/issues/55926,2025-01-29
55940,https://github.com/Expensify/App/issues/55940,Deploy Checklist: New Expensify 2025-01-29,55926,https://github.com/Expensify/App/issues/55926,2025-01-29
55981,https://github.com/Expensify/App/issues/55981,Deploy Checklist: New Expensify 2025-01-29,55926,https://github.com/Expensify/App/issues/55926,2025-01-29
55681,https://github.com/Expensify/App/issues/55681,Deploy Checklist: New Expensify 2025-01-28,55824,https://github.com/Expensify/App/issues/55824,2025-01-28
55715,https://github.com/Expensify/App/issues/55715,Deploy Checklist: New Expensify 2025-01-28,55824,https://github.com/Expensify/App/issues/55824,2025-01-28
55827,https://github.com/Expensify/App/issues/55827,Deploy Checklist: New Expensify 2025-01-28,55824,https://github.com/Expensify/App/issues/55824,2025-01-28
55828,https://github.com/Expensify/App/issues/55828,Deploy Checklist: New Expensify 2025-01-28,55824,https://github.com/Expensify/App/issues/55824,2025-01-28
55829,https://github.com/Expensify/App/issues/55829,Deploy Checklist: New Expensify 2025-01-28,55824,https://github.com/Expensify/App/issues/55824,2025-01-28
55830,https://github.com/Expensify/App/issues/55830,Deploy Checklist: New Expensify 2025-01-28,55824,https://github.com/Expensify/App/issues/55824,2025-01-28
55831,https://github.com/Expensify/App/issues/55831,Deploy Checklist: New Expensify 2025-01-28,55824,https://github.com/Expensify/App/issues/55824,2025-01-28
55833,https://github.com/Expensify/App/issues/55833,Deploy Checklist: New Expensify 2025-01-28,55824,https://github.com/Expensify/App/issues/55824,2025-01-28
55836,https://github.com/Expensify/App/issues/55836,Deploy Checklist: New Expensify 2025-01-28,55824,https://github.com/Expensify/App/issues/55824,2025-01-28
55838,https://github.com/Expensify/App/issues/55838,Deploy Checklist: New Expensify 2025-01-28,55824,https://github.com/Expensify/App/issues/55824,2025-01-28
55842,https://github.com/Expensify/App/issues/55842,Deploy Checklist: New Expensify 2025-01-28,55824,https://github.com/Expensify/App/issues/55824,2025-01-28
55844,https://github.com/Expensify/App/issues/55844,Deploy Checklist: New Expensify 2025-01-28,55824,https://github.com/Expensify/App/issues/55824,2025-01-28
55845,https://github.com/Expensify/App/issues/55845,Deploy Checklist: New Expensify 2025-01-28,55824,https://github.com/Expensify/App/issues/55824,2025-01-28
55855,https://github.com/Expensify/App/issues/55855,Deploy Checklist: New Expensify 2025-01-28,55824,https://github.com/Expensify/App/issues/55824,2025-01-28
55856,https://github.com/Expensify/App/issues/55856,Deploy Checklist: New Expensify 2025-01-28,55824,https://github.com/Expensify/App/issues/55824,2025-01-28
55857,https://github.com/Expensify/App/issues/55857,Deploy Checklist: New Expensify 2025-01-28,55824,https://github.com/Expensify/App/issues/55824,2025-01-28
55859,https://github.com/Expensify/App/issues/55859,Deploy Checklist: New Expensify 2025-01-28,55824,https://github.com/Expensify/App/issues/55824,2025-01-28
55864,https://github.com/Expensify/App/issues/55864,Deploy Checklist: New Expensify 2025-01-28,55824,https://github.com/Expensify/App/issues/55824,2025-01-28
55660,https://github.com/Expensify/App/issues/55660,Deploy Checklist: New Expensify 2025-01-23,55657,https://github.com/Expensify/App/issues/55657,2025-01-23
55661,https://github.com/Expensify/App/issues/55661,Deploy Checklist: New Expensify 2025-01-23,55657,https://github.com/Expensify/App/issues/55657,2025-01-23
55662,https://github.com/Expensify/App/issues/55662,Deploy Checklist: New Expensify 2025-01-23,55657,https://github.com/Expensify/App/issues/55657,2025-01-23
55672,https://github.com/Expensify/App/issues/55672,Deploy Checklist: New Expensify 2025-01-23,55657,https://github.com/Expensify/App/issues/55657,2025-01-23
55674,https://github.com/Expensify/App/issues/55674,Deploy Checklist: New Expensify 2025-01-23,55657,https://github.com/Expensify/App/issues/55657,2025-01-23
55675,https://github.com/Expensify/App/issues/55675,Deploy Checklist: New Expensify 2025-01-23,55657,https://github.com/Expensify/App/issues/55657,2025-01-23
55678,https://github.com/Expensify/App/issues/55678,Deploy Checklist: New Expensify 2025-01-23,55657,https://github.com/Expensify/App/issues/55657,2025-01-23
55681,https://github.com/Expensify/App/issues/55681,Deploy Checklist: New Expensify 2025-01-23,55657,https://github.com/Expensify/App/issues/55657,2025-01-23
55682,https://github.com/Expensify/App/issues/55682,Deploy Checklist: New Expensify 2025-01-23,55657,https://github.com/Expensify/App/issues/55657,2025-01-23
55688,https://github.com/Expensify/App/issues/55688,Deploy Checklist: New Expensify 2025-01-23,55657,https://github.com/Expensify/App/issues/55657,2025-01-23
55690,https://github.com/Expensify/App/issues/55690,Deploy Checklist: New Expensify 2025-01-23,55657,https://github.com/Expensify/App/issues/55657,2025-01-23
55693,https://github.com/Expensify/App/issues/55693,Deploy Checklist: New Expensify 2025-01-23,55657,https://github.com/Expensify/App/issues/55657,2025-01-23
55707,https://github.com/Expensify/App/issues/55707,Deploy Checklist: New Expensify 2025-01-23,55657,https://github.com/Expensify/App/issues/55657,2025-01-23
55715,https://github.com/Expensify/App/issues/55715,Deploy Checklist: New Expensify 2025-01-23,55657,https://github.com/Expensify/App/issues/55657,2025-01-23
55726,https://github.com/Expensify/App/issues/55726,Deploy Checklist: New Expensify 2025-01-23,55657,https://github.com/Expensify/App/issues/55657,2025-01-23
55733,https://github.com/Expensify/App/issues/55733,Deploy Checklist: New Expensify 2025-01-23,55657,https://github.com/Expensify/App/issues/55657,2025-01-23
55780,https://github.com/Expensify/App/issues/55780,Deploy Checklist: New Expensify 2025-01-23,55657,https://github.com/Expensify/App/issues/55657,2025-01-23
55519,https://github.com/Expensify/App/issues/55519,Deploy Checklist: New Expensify 2025-01-21,55507,https://github.com/Expensify/App/issues/55507,2025-01-21
55522,https://github.com/Expensify/App/issues/55522,Deploy Checklist: New Expensify 2025-01-21,55507,https://github.com/Expensify/App/issues/55507,2025-01-21
55523,https://github.com/Expensify/App/issues/55523,Deploy Checklist: New Expensify 2025-01-21,55507,https://github.com/Expensify/App/issues/55507,2025-01-21
55524,https://github.com/Expensify/App/issues/55524,Deploy Checklist: New Expensify 2025-01-21,55507,https://github.com/Expensify/App/issues/55507,2025-01-21
55529,https://github.com/Expensify/App/issues/55529,Deploy Checklist: New Expensify 2025-01-21,55507,https://github.com/Expensify/App/issues/55507,2025-01-21
55530,https://github.com/Expensify/App/issues/55530,Deploy Checklist: New Expensify 2025-01-21,55507,https://github.com/Expensify/App/issues/55507,2025-01-21
55547,https://github.com/Expensify/App/issues/55547,Deploy Checklist: New Expensify 2025-01-21,55507,https://github.com/Expensify/App/issues/55507,2025-01-21
55549,https://github.com/Expensify/App/issues/55549,Deploy Checklist: New Expensify 2025-01-21,55507,https://github.com/Expensify/App/issues/55507,2025-01-21
55551,https://github.com/Expensify/App/issues/55551,Deploy Checklist: New Expensify 2025-01-21,55507,https://github.com/Expensify/App/issues/55507,2025-01-21
55552,https://github.com/Expensify/App/issues/55552,Deploy Checklist: New Expensify 2025-01-21,55507,https://github.com/Expensify/App/issues/55507,2025-01-21
55553,https://github.com/Expensify/App/issues/55553,Deploy Checklist: New Expensify 2025-01-21,55507,https://github.com/Expensify/App/issues/55507,2025-01-21
55590,https://github.com/Expensify/App/issues/55590,Deploy Checklist: New Expensify 2025-01-21,55507,https://github.com/Expensify/App/issues/55507,2025-01-21
55601,https://github.com/Expensify/App/issues/55601,Deploy Checklist: New Expensify 2025-01-21,55507,https://github.com/Expensify/App/issues/55507,2025-01-21
55399,https://github.com/Expensify/App/issues/55399,Deploy Checklist: New Expensify 2025-01-17,55396,https://github.com/Expensify/App/issues/55396,2025-01-17
55402,https://github.com/Expensify/App/issues/55402,Deploy Checklist: New Expensify 2025-01-17,55396,https://github.com/Expensify/App/issues/55396,2025-01-17
55404,https://github.com/Expensify/App/issues/55404,Deploy Checklist: New Expensify 2025-01-17,55396,https://github.com/Expensify/App/issues/55396,2025-01-17
55406,https://github.com/Expensify/App/issues/55406,Deploy Checklist: New Expensify 2025-01-17,55396,https://github.com/Expensify/App/issues/55396,2025-01-17
55413,https://github.com/Expensify/App/issues/55413,Deploy Checklist: New Expensify 2025-01-17,55396,https://github.com/Expensify/App/issues/55396,2025-01-17
55414,https://github.com/Expensify/App/issues/55414,Deploy Checklist: New Expensify 2025-01-17,55396,https://github.com/Expensify/App/issues/55396,2025-01-17
55416,https://github.com/Expensify/App/issues/55416,Deploy Checklist: New Expensify 2025-01-17,55396,https://github.com/Expensify/App/issues/55396,2025-01-17
55417,https://github.com/Expensify/App/issues/55417,Deploy Checklist: New Expensify 2025-01-17,55396,https://github.com/Expensify/App/issues/55396,2025-01-17
55423,https://github.com/Expensify/App/issues/55423,Deploy Checklist: New Expensify 2025-01-17,55396,https://github.com/Expensify/App/issues/55396,2025-01-17
55428,https://github.com/Expensify/App/issues/55428,Deploy Checklist: New Expensify 2025-01-17,55396,https://github.com/Expensify/App/issues/55396,2025-01-17
55447,https://github.com/Expensify/App/issues/55447,Deploy Checklist: New Expensify 2025-01-17,55396,https://github.com/Expensify/App/issues/55396,2025-01-17
55448,https://github.com/Expensify/App/issues/55448,Deploy Checklist: New Expensify 2025-01-17,55396,https://github.com/Expensify/App/issues/55396,2025-01-17
55450,https://github.com/Expensify/App/issues/55450,Deploy Checklist: New Expensify 2025-01-17,55396,https://github.com/Expensify/App/issues/55396,2025-01-17
55275,https://github.com/Expensify/App/issues/55275,Deploy Checklist: New Expensify 2025-01-15,55270,https://github.com/Expensify/App/issues/55270,2025-01-15
55276,https://github.com/Expensify/App/issues/55276,Deploy Checklist: New Expensify 2025-01-15,55270,https://github.com/Expensify/App/issues/55270,2025-01-15
55288,https://github.com/Expensify/App/issues/55288,Deploy Checklist: New Expensify 2025-01-15,55270,https://github.com/Expensify/App/issues/55270,2025-01-15
55290,https://github.com/Expensify/App/issues/55290,Deploy Checklist: New Expensify 2025-01-15,55270,https://github.com/Expensify/App/issues/55270,2025-01-15
55213,https://github.com/Expensify/App/issues/55213,Deploy Checklist: New Expensify 2025-01-14,55208,https://github.com/Expensify/App/issues/55208,2025-01-14
55219,https://github.com/Expensify/App/issues/55219,Deploy Checklist: New Expensify 2025-01-14,55208,https://github.com/Expensify/App/issues/55208,2025-01-14
55234,https://github.com/Expensify/App/issues/55234,Deploy Checklist: New Expensify 2025-01-14,55208,https://github.com/Expensify/App/issues/55208,2025-01-14
55245,https://github.com/Expensify/App/issues/55245,Deploy Checklist: New Expensify 2025-01-14,55208,https://github.com/Expensify/App/issues/55208,2025-01-14
55254,https://github.com/Expensify/App/issues/55254,Deploy Checklist: New Expensify 2025-01-14,55208,https://github.com/Expensify/App/issues/55208,2025-01-14
54988,https://github.com/Expensify/App/issues/54988,Deploy Checklist: New Expensify 2025-01-11,55109,https://github.com/Expensify/App/issues/55109,2025-01-11
55110,https://github.com/Expensify/App/issues/55110,Deploy Checklist: New Expensify 2025-01-11,55109,https://github.com/Expensify/App/issues/55109,2025-01-11
55111,https://github.com/Expensify/App/issues/55111,Deploy Checklist: New Expensify 2025-01-11,55109,https://github.com/Expensify/App/issues/55109,2025-01-11
55112,https://github.com/Expensify/App/issues/55112,Deploy Checklist: New Expensify 2025-01-11,55109,https://github.com/Expensify/App/issues/55109,2025-01-11
55113,https://github.com/Expensify/App/issues/55113,Deploy Checklist: New Expensify 2025-01-11,55109,https://github.com/Expensify/App/issues/55109,2025-01-11
55115,https://github.com/Expensify/App/issues/55115,Deploy Checklist: New Expensify 2025-01-11,55109,https://github.com/Expensify/App/issues/55109,2025-01-11
55116,https://github.com/Expensify/App/issues/55116,Deploy Checklist: New Expensify 2025-01-11,55109,https://github.com/Expensify/App/issues/55109,2025-01-11
55119,https://github.com/Expensify/App/issues/55119,Deploy Checklist: New Expensify 2025-01-11,55109,https://github.com/Expensify/App/issues/55109,2025-01-11
55120,https://github.com/Expensify/App/issues/55120,Deploy Checklist: New Expensify 2025-01-11,55109,https://github.com/Expensify/App/issues/55109,2025-01-11
55132,https://github.com/Expensify/App/issues/55132,Deploy Checklist: New Expensify 2025-01-11,55109,https://github.com/Expensify/App/issues/55109,2025-01-11
54975,https://github.com/Expensify/App/issues/54975,Deploy Checklist: New Expensify 2025-01-10,55051,https://github.com/Expensify/App/issues/55051,2025-01-10
55052,https://github.com/Expensify/App/issues/55052,Deploy Checklist: New Expensify 2025-01-10,55051,https://github.com/Expensify/App/issues/55051,2025-01-10
55053,https://github.com/Expensify/App/issues/55053,Deploy Checklist: New Expensify 2025-01-10,55051,https://github.com/Expensify/App/issues/55051,2025-01-10
55054,https://github.com/Expensify/App/issues/55054,Deploy Checklist: New Expensify 2025-01-10,55051,https://github.com/Expensify/App/issues/55051,2025-01-10
54844,https://github.com/Expensify/App/issues/54844,Deploy Checklist: New Expensify 2025-01-08,54928,https://github.com/Expensify/App/issues/54928,2025-01-08
54859,https://github.com/Expensify/App/issues/54859,Deploy Checklist: New Expensify 2025-01-08,54928,https://github.com/Expensify/App/issues/54928,2025-01-08
54861,https://github.com/Expensify/App/issues/54861,Deploy Checklist: New Expensify 2025-01-08,54928,https://github.com/Expensify/App/issues/54928,2025-01-08
54879,https://github.com/Expensify/App/issues/54879,Deploy Checklist: New Expensify 2025-01-08,54928,https://github.com/Expensify/App/issues/54928,2025-01-08
54931,https://github.com/Expensify/App/issues/54931,Deploy Checklist: New Expensify 2025-01-08,54928,https://github.com/Expensify/App/issues/54928,2025-01-08
54932,https://github.com/Expensify/App/issues/54932,Deploy Checklist: New Expensify 2025-01-08,54928,https://github.com/Expensify/App/issues/54928,2025-01-08
54939,https://github.com/Expensify/App/issues/54939,Deploy Checklist: New Expensify 2025-01-08,54928,https://github.com/Expensify/App/issues/54928,2025-01-08
54942,https://github.com/Expensify/App/issues/54942,Deploy Checklist: New Expensify 2025-01-08,54928,https://github.com/Expensify/App/issues/54928,2025-01-08
54970,https://github.com/Expensify/App/issues/54970,Deploy Checklist: New Expensify 2025-01-08,54928,https://github.com/Expensify/App/issues/54928,2025-01-08
54971,https://github.com/Expensify/App/issues/54971,Deploy Checklist: New Expensify 2025-01-08,54928,https://github.com/Expensify/App/issues/54928,2025-01-08
54975,https://github.com/Expensify/App/issues/54975,Deploy Checklist: New Expensify 2025-01-08,54928,https://github.com/Expensify/App/issues/54928,2025-01-08
54988,https://github.com/Expensify/App/issues/54988,Deploy Checklist: New Expensify 2025-01-08,54928,https://github.com/Expensify/App/issues/54928,2025-01-08
54991,https://github.com/Expensify/App/issues/54991,Deploy Checklist: New Expensify 2025-01-08,54928,https://github.com/Expensify/App/issues/54928,2025-01-08
55019,https://github.com/Expensify/App/issues/55019,Deploy Checklist: New Expensify 2025-01-08,54928,https://github.com/Expensify/App/issues/54928,2025-01-08
55021,https://github.com/Expensify/App/issues/55021,Deploy Checklist: New Expensify 2025-01-08,54928,https://github.com/Expensify/App/issues/54928,2025-01-08
54753,https://github.com/Expensify/App/issues/54753,Deploy Checklist: New Expensify 2025-01-06,54825,https://github.com/Expensify/App/issues/54825,2025-01-06
54827,https://github.com/Expensify/App/issues/54827,Deploy Checklist: New Expensify 2025-01-06,54825,https://github.com/Expensify/App/issues/54825,2025-01-06
54828,https://github.com/Expensify/App/issues/54828,Deploy Checklist: New Expensify 2025-01-06,54825,https://github.com/Expensify/App/issues/54825,2025-01-06
54830,https://github.com/Expensify/App/issues/54830,Deploy Checklist: New Expensify 2025-01-06,54825,https://github.com/Expensify/App/issues/54825,2025-01-06
54831,https://github.com/Expensify/App/issues/54831,Deploy Checklist: New Expensify 2025-01-06,54825,https://github.com/Expensify/App/issues/54825,2025-01-06
54833,https://github.com/Expensify/App/issues/54833,Deploy Checklist: New Expensify 2025-01-06,54825,https://github.com/Expensify/App/issues/54825,2025-01-06
54834,https://github.com/Expensify/App/issues/54834,Deploy Checklist: New Expensify 2025-01-06,54825,https://github.com/Expensify/App/issues/54825,2025-01-06
54836,https://github.com/Expensify/App/issues/54836,Deploy Checklist: New Expensify 2025-01-06,54825,https://github.com/Expensify/App/issues/54825,2025-01-06
54838,https://github.com/Expensify/App/issues/54838,Deploy Checklist: New Expensify 2025-01-06,54825,https://github.com/Expensify/App/issues/54825,2025-01-06
54841,https://github.com/Expensify/App/issues/54841,Deploy Checklist: New Expensify 2025-01-06,54825,https://github.com/Expensify/App/issues/54825,2025-01-06
54844,https://github.com/Expensify/App/issues/54844,Deploy Checklist: New Expensify 2025-01-06,54825,https://github.com/Expensify/App/issues/54825,2025-01-06
54845,https://github.com/Expensify/App/issues/54845,Deploy Checklist: New Expensify 2025-01-06,54825,https://github.com/Expensify/App/issues/54825,2025-01-06
54846,https://github.com/Expensify/App/issues/54846,Deploy Checklist: New Expensify 2025-01-06,54825,https://github.com/Expensify/App/issues/54825,2025-01-06
54859,https://github.com/Expensify/App/issues/54859,Deploy Checklist: New Expensify 2025-01-06,54825,https://github.com/Expensify/App/issues/54825,2025-01-06
54861,https://github.com/Expensify/App/issues/54861,Deploy Checklist: New Expensify 2025-01-06,54825,https://github.com/Expensify/App/issues/54825,2025-01-06
54862,https://github.com/Expensify/App/issues/54862,Deploy Checklist: New Expensify 2025-01-06,54825,https://github.com/Expensify/App/issues/54825,2025-01-06
54867,https://github.com/Expensify/App/issues/54867,Deploy Checklist: New Expensify 2025-01-06,54825,https://github.com/Expensify/App/issues/54825,2025-01-06
54870,https://github.com/Expensify/App/issues/54870,Deploy Checklist: New Expensify 2025-01-06,54825,https://github.com/Expensify/App/issues/54825,2025-01-06
54875,https://github.com/Expensify/App/issues/54875,Deploy Checklist: New Expensify 2025-01-06,54825,https://github.com/Expensify/App/issues/54825,2025-01-06
54879,https://github.com/Expensify/App/issues/54879,Deploy Checklist: New Expensify 2025-01-06,54825,https://github.com/Expensify/App/issues/54825,2025-01-06
54884,https://github.com/Expensify/App/issues/54884,Deploy Checklist: New Expensify 2025-01-06,54825,https://github.com/Expensify/App/issues/54825,2025-01-06
54885,https://github.com/Expensify/App/issues/54885,Deploy Checklist: New Expensify 2025-01-06,54825,https://github.com/Expensify/App/issues/54825,2025-01-06
54886,https://github.com/Expensify/App/issues/54886,Deploy Checklist: New Expensify 2025-01-06,54825,https://github.com/Expensify/App/issues/54825,2025-01-06
54887,https://github.com/Expensify/App/issues/54887,Deploy Checklist: New Expensify 2025-01-06,54825,https://github.com/Expensify/App/issues/54825,2025-01-06
54889,https://github.com/Expensify/App/issues/54889,Deploy Checklist: New Expensify 2025-01-06,54825,https://github.com/Expensify/App/issues/54825,2025-01-06
54890,https://github.com/Expensify/App/issues/54890,Deploy Checklist: New Expensify 2025-01-06,54825,https://github.com/Expensify/App/issues/54825,2025-01-06
54892,https://github.com/Expensify/App/issues/54892,Deploy Checklist: New Expensify 2025-01-06,54825,https://github.com/Expensify/App/issues/54825,2025-01-06
54902,https://github.com/Expensify/App/issues/54902,Deploy Checklist: New Expensify 2025-01-06,54825,https://github.com/Expensify/App/issues/54825,2025-01-06
54905,https://github.com/Expensify/App/issues/54905,Deploy Checklist: New Expensify 2025-01-06,54825,https://github.com/Expensify/App/issues/54825,2025-01-06
54480,https://github.com/Expensify/App/issues/54480,Deploy Checklist: New Expensify 2024-12-31,54686,https://github.com/Expensify/App/issues/54686,2024-12-31
54691,https://github.com/Expensify/App/issues/54691,Deploy Checklist: New Expensify 2024-12-31,54686,https://github.com/Expensify/App/issues/54686,2024-12-31
54692,https://github.com/Expensify/App/issues/54692,Deploy Checklist: New Expensify 2024-12-31,54686,https://github.com/Expensify/App/issues/54686,2024-12-31
54693,https://github.com/Expensify/App/issues/54693,Deploy Checklist: New Expensify 2024-12-31,54686,https://github.com/Expensify/App/issues/54686,2024-12-31
54694,https://github.com/Expensify/App/issues/54694,Deploy Checklist: New Expensify 2024-12-31,54686,https://github.com/Expensify/App/issues/54686,2024-12-31
54695,https://github.com/Expensify/App/issues/54695,Deploy Checklist: New Expensify 2024-12-31,54686,https://github.com/Expensify/App/issues/54686,2024-12-31
54696,https://github.com/Expensify/App/issues/54696,Deploy Checklist: New Expensify 2024-12-31,54686,https://github.com/Expensify/App/issues/54686,2024-12-31
54697,https://github.com/Expensify/App/issues/54697,Deploy Checklist: New Expensify 2024-12-31,54686,https://github.com/Expensify/App/issues/54686,2024-12-31
54698,https://github.com/Expensify/App/issues/54698,Deploy Checklist: New Expensify 2024-12-31,54686,https://github.com/Expensify/App/issues/54686,2024-12-31
54699,https://github.com/Expensify/App/issues/54699,Deploy Checklist: New Expensify 2024-12-31,54686,https://github.com/Expensify/App/issues/54686,2024-12-31
54707,https://github.com/Expensify/App/issues/54707,Deploy Checklist: New Expensify 2024-12-31,54686,https://github.com/Expensify/App/issues/54686,2024-12-31
54708,https://github.com/Expensify/App/issues/54708,Deploy Checklist: New Expensify 2024-12-31,54686,https://github.com/Expensify/App/issues/54686,2024-12-31
54709,https://github.com/Expensify/App/issues/54709,Deploy Checklist: New Expensify 2024-12-31,54686,https://github.com/Expensify/App/issues/54686,2024-12-31
54711,https://github.com/Expensify/App/issues/54711,Deploy Checklist: New Expensify 2024-12-31,54686,https://github.com/Expensify/App/issues/54686,2024-12-31
54712,https://github.com/Expensify/App/issues/54712,Deploy Checklist: New Expensify 2024-12-31,54686,https://github.com/Expensify/App/issues/54686,2024-12-31
54713,https://github.com/Expensify/App/issues/54713,Deploy Checklist: New Expensify 2024-12-31,54686,https://github.com/Expensify/App/issues/54686,2024-12-31
54714,https://github.com/Expensify/App/issues/54714,Deploy Checklist: New Expensify 2024-12-31,54686,https://github.com/Expensify/App/issues/54686,2024-12-31
54718,https://github.com/Expensify/App/issues/54718,Deploy Checklist: New Expensify 2024-12-31,54686,https://github.com/Expensify/App/issues/54686,2024-12-31
54720,https://github.com/Expensify/App/issues/54720,Deploy Checklist: New Expensify 2024-12-31,54686,https://github.com/Expensify/App/issues/54686,2024-12-31
54727,https://github.com/Expensify/App/issues/54727,Deploy Checklist: New Expensify 2024-12-31,54686,https://github.com/Expensify/App/issues/54686,2024-12-31
54737,https://github.com/Expensify/App/issues/54737,Deploy Checklist: New Expensify 2024-12-31,54686,https://github.com/Expensify/App/issues/54686,2024-12-31
54738,https://github.com/Expensify/App/issues/54738,Deploy Checklist: New Expensify 2024-12-31,54686,https://github.com/Expensify/App/issues/54686,2024-12-31
54739,https://github.com/Expensify/App/issues/54739,Deploy Checklist: New Expensify 2024-12-31,54686,https://github.com/Expensify/App/issues/54686,2024-12-31
54740,https://github.com/Expensify/App/issues/54740,Deploy Checklist: New Expensify 2024-12-31,54686,https://github.com/Expensify/App/issues/54686,2024-12-31
54741,https://github.com/Expensify/App/issues/54741,Deploy Checklist: New Expensify 2024-12-31,54686,https://github.com/Expensify/App/issues/54686,2024-12-31
54742,https://github.com/Expensify/App/issues/54742,Deploy Checklist: New Expensify 2024-12-31,54686,https://github.com/Expensify/App/issues/54686,2024-12-31
54745,https://github.com/Expensify/App/issues/54745,Deploy Checklist: New Expensify 2024-12-31,54686,https://github.com/Expensify/App/issues/54686,2024-12-31
54746,https://github.com/Expensify/App/issues/54746,Deploy Checklist: New Expensify 2024-12-31,54686,https://github.com/Expensify/App/issues/54686,2024-12-31
54749,https://github.com/Expensify/App/issues/54749,Deploy Checklist: New Expensify 2024-12-31,54686,https://github.com/Expensify/App/issues/54686,2024-12-31
54751,https://github.com/Expensify/App/issues/54751,Deploy Checklist: New Expensify 2024-12-31,54686,https://github.com/Expensify/App/issues/54686,2024-12-31
54752,https://github.com/Expensify/App/issues/54752,Deploy Checklist: New Expensify 2024-12-31,54686,https://github.com/Expensify/App/issues/54686,2024-12-31
54753,https://github.com/Expensify/App/issues/54753,Deploy Checklist: New Expensify 2024-12-31,54686,https://github.com/Expensify/App/issues/54686,2024-12-31
54757,https://github.com/Expensify/App/issues/54757,Deploy Checklist: New Expensify 2024-12-31,54686,https://github.com/Expensify/App/issues/54686,2024-12-31
54762,https://github.com/Expensify/App/issues/54762,Deploy Checklist: New Expensify 2024-12-31,54686,https://github.com/Expensify/App/issues/54686,2024-12-31
54480,https://github.com/Expensify/App/issues/54480,Deploy Checklist: New Expensify 2024-12-26,54591,https://github.com/Expensify/App/issues/54591,2024-12-26
54594,https://github.com/Expensify/App/issues/54594,Deploy Checklist: New Expensify 2024-12-26,54591,https://github.com/Expensify/App/issues/54591,2024-12-26
54595,https://github.com/Expensify/App/issues/54595,Deploy Checklist: New Expensify 2024-12-26,54591,https://github.com/Expensify/App/issues/54591,2024-12-26
54596,https://github.com/Expensify/App/issues/54596,Deploy Checklist: New Expensify 2024-12-26,54591,https://github.com/Expensify/App/issues/54591,2024-12-26
54597,https://github.com/Expensify/App/issues/54597,Deploy Checklist: New Expensify 2024-12-26,54591,https://github.com/Expensify/App/issues/54591,2024-12-26
54598,https://github.com/Expensify/App/issues/54598,Deploy Checklist: New Expensify 2024-12-26,54591,https://github.com/Expensify/App/issues/54591,2024-12-26
54600,https://github.com/Expensify/App/issues/54600,Deploy Checklist: New Expensify 2024-12-26,54591,https://github.com/Expensify/App/issues/54591,2024-12-26
54601,https://github.com/Expensify/App/issues/54601,Deploy Checklist: New Expensify 2024-12-26,54591,https://github.com/Expensify/App/issues/54591,2024-12-26
54604,https://github.com/Expensify/App/issues/54604,Deploy Checklist: New Expensify 2024-12-26,54591,https://github.com/Expensify/App/issues/54591,2024-12-26
54605,https://github.com/Expensify/App/issues/54605,Deploy Checklist: New Expensify 2024-12-26,54591,https://github.com/Expensify/App/issues/54591,2024-12-26
54609,https://github.com/Expensify/App/issues/54609,Deploy Checklist: New Expensify 2024-12-26,54591,https://github.com/Expensify/App/issues/54591,2024-12-26
54615,https://github.com/Expensify/App/issues/54615,Deploy Checklist: New Expensify 2024-12-26,54591,https://github.com/Expensify/App/issues/54591,2024-12-26
54620,https://github.com/Expensify/App/issues/54620,Deploy Checklist: New Expensify 2024-12-26,54591,https://github.com/Expensify/App/issues/54591,2024-12-26
54629,https://github.com/Expensify/App/issues/54629,Deploy Checklist: New Expensify 2024-12-26,54591,https://github.com/Expensify/App/issues/54591,2024-12-26
54632,https://github.com/Expensify/App/issues/54632,Deploy Checklist: New Expensify 2024-12-26,54591,https://github.com/Expensify/App/issues/54591,2024-12-26
54671,https://github.com/Expensify/App/issues/54671,Deploy Checklist: New Expensify 2024-12-26,54591,https://github.com/Expensify/App/issues/54591,2024-12-26
54327,https://github.com/Expensify/App/issues/54327,Deploy Checklist: New Expensify 2024-12-23,54476,https://github.com/Expensify/App/issues/54476,2024-12-23
54480,https://github.com/Expensify/App/issues/54480,Deploy Checklist: New Expensify 2024-12-23,54476,https://github.com/Expensify/App/issues/54476,2024-12-23
54485,https://github.com/Expensify/App/issues/54485,Deploy Checklist: New Expensify 2024-12-23,54476,https://github.com/Expensify/App/issues/54476,2024-12-23
54486,https://github.com/Expensify/App/issues/54486,Deploy Checklist: New Expensify 2024-12-23,54476,https://github.com/Expensify/App/issues/54476,2024-12-23
54487,https://github.com/Expensify/App/issues/54487,Deploy Checklist: New Expensify 2024-12-23,54476,https://github.com/Expensify/App/issues/54476,2024-12-23
54488,https://github.com/Expensify/App/issues/54488,Deploy Checklist: New Expensify 2024-12-23,54476,https://github.com/Expensify/App/issues/54476,2024-12-23
54489,https://github.com/Expensify/App/issues/54489,Deploy Checklist: New Expensify 2024-12-23,54476,https://github.com/Expensify/App/issues/54476,2024-12-23
54493,https://github.com/Expensify/App/issues/54493,Deploy Checklist: New Expensify 2024-12-23,54476,https://github.com/Expensify/App/issues/54476,2024-12-23
54495,https://github.com/Expensify/App/issues/54495,Deploy Checklist: New Expensify 2024-12-23,54476,https://github.com/Expensify/App/issues/54476,2024-12-23
54496,https://github.com/Expensify/App/issues/54496,Deploy Checklist: New Expensify 2024-12-23,54476,https://github.com/Expensify/App/issues/54476,2024-12-23
54497,https://github.com/Expensify/App/issues/54497,Deploy Checklist: New Expensify 2024-12-23,54476,https://github.com/Expensify/App/issues/54476,2024-12-23
54498,https://github.com/Expensify/App/issues/54498,Deploy Checklist: New Expensify 2024-12-23,54476,https://github.com/Expensify/App/issues/54476,2024-12-23
54499,https://github.com/Expensify/App/issues/54499,Deploy Checklist: New Expensify 2024-12-23,54476,https://github.com/Expensify/App/issues/54476,2024-12-23
54500,https://github.com/Expensify/App/issues/54500,Deploy Checklist: New Expensify 2024-12-23,54476,https://github.com/Expensify/App/issues/54476,2024-12-23
54502,https://github.com/Expensify/App/issues/54502,Deploy Checklist: New Expensify 2024-12-23,54476,https://github.com/Expensify/App/issues/54476,2024-12-23
54503,https://github.com/Expensify/App/issues/54503,Deploy Checklist: New Expensify 2024-12-23,54476,https://github.com/Expensify/App/issues/54476,2024-12-23
54504,https://github.com/Expensify/App/issues/54504,Deploy Checklist: New Expensify 2024-12-23,54476,https://github.com/Expensify/App/issues/54476,2024-12-23
54505,https://github.com/Expensify/App/issues/54505,Deploy Checklist: New Expensify 2024-12-23,54476,https://github.com/Expensify/App/issues/54476,2024-12-23
54506,https://github.com/Expensify/App/issues/54506,Deploy Checklist: New Expensify 2024-12-23,54476,https://github.com/Expensify/App/issues/54476,2024-12-23
54508,https://github.com/Expensify/App/issues/54508,Deploy Checklist: New Expensify 2024-12-23,54476,https://github.com/Expensify/App/issues/54476,2024-12-23
54509,https://github.com/Expensify/App/issues/54509,Deploy Checklist: New Expensify 2024-12-23,54476,https://github.com/Expensify/App/issues/54476,2024-12-23
54512,https://github.com/Expensify/App/issues/54512,Deploy Checklist: New Expensify 2024-12-23,54476,https://github.com/Expensify/App/issues/54476,2024-12-23
54513,https://github.com/Expensify/App/issues/54513,Deploy Checklist: New Expensify 2024-12-23,54476,https://github.com/Expensify/App/issues/54476,2024-12-23
54514,https://github.com/Expensify/App/issues/54514,Deploy Checklist: New Expensify 2024-12-23,54476,https://github.com/Expensify/App/issues/54476,2024-12-23
54515,https://github.com/Expensify/App/issues/54515,Deploy Checklist: New Expensify 2024-12-23,54476,https://github.com/Expensify/App/issues/54476,2024-12-23
54517,https://github.com/Expensify/App/issues/54517,Deploy Checklist: New Expensify 2024-12-23,54476,https://github.com/Expensify/App/issues/54476,2024-12-23
54523,https://github.com/Expensify/App/issues/54523,Deploy Checklist: New Expensify 2024-12-23,54476,https://github.com/Expensify/App/issues/54476,2024-12-23
54525,https://github.com/Expensify/App/issues/54525,Deploy Checklist: New Expensify 2024-12-23,54476,https://github.com/Expensify/App/issues/54476,2024-12-23
54529,https://github.com/Expensify/App/issues/54529,Deploy Checklist: New Expensify 2024-12-23,54476,https://github.com/Expensify/App/issues/54476,2024-12-23
54536,https://github.com/Expensify/App/issues/54536,Deploy Checklist: New Expensify 2024-12-23,54476,https://github.com/Expensify/App/issues/54476,2024-12-23
54537,https://github.com/Expensify/App/issues/54537,Deploy Checklist: New Expensify 2024-12-23,54476,https://github.com/Expensify/App/issues/54476,2024-12-23
54540,https://github.com/Expensify/App/issues/54540,Deploy Checklist: New Expensify 2024-12-23,54476,https://github.com/Expensify/App/issues/54476,2024-12-23
54545,https://github.com/Expensify/App/issues/54545,Deploy Checklist: New Expensify 2024-12-23,54476,https://github.com/Expensify/App/issues/54476,2024-12-23
54553,https://github.com/Expensify/App/issues/54553,Deploy Checklist: New Expensify 2024-12-23,54476,https://github.com/Expensify/App/issues/54476,2024-12-23
54559,https://github.com/Expensify/App/issues/54559,Deploy Checklist: New Expensify 2024-12-23,54476,https://github.com/Expensify/App/issues/54476,2024-12-23
54560,https://github.com/Expensify/App/issues/54560,Deploy Checklist: New Expensify 2024-12-23,54476,https://github.com/Expensify/App/issues/54476,2024-12-23
54564,https://github.com/Expensify/App/issues/54564,Deploy Checklist: New Expensify 2024-12-23,54476,https://github.com/Expensify/App/issues/54476,2024-12-23
54301,https://github.com/Expensify/App/issues/54301,Deploy Checklist: New Expensify 2024-12-18,54292,https://github.com/Expensify/App/issues/54292,2024-12-18
54303,https://github.com/Expensify/App/issues/54303,Deploy Checklist: New Expensify 2024-12-18,54292,https://github.com/Expensify/App/issues/54292,2024-12-18
54304,https://github.com/Expensify/App/issues/54304,Deploy Checklist: New Expensify 2024-12-18,54292,https://github.com/Expensify/App/issues/54292,2024-12-18
54322,https://github.com/Expensify/App/issues/54322,Deploy Checklist: New Expensify 2024-12-18,54292,https://github.com/Expensify/App/issues/54292,2024-12-18
54327,https://github.com/Expensify/App/issues/54327,Deploy Checklist: New Expensify 2024-12-18,54292,https://github.com/Expensify/App/issues/54292,2024-12-18
54361,https://github.com/Expensify/App/issues/54361,Deploy Checklist: New Expensify 2024-12-18,54292,https://github.com/Expensify/App/issues/54292,2024-12-18
54365,https://github.com/Expensify/App/issues/54365,Deploy Checklist: New Expensify 2024-12-18,54292,https://github.com/Expensify/App/issues/54292,2024-12-18
54388,https://github.com/Expensify/App/issues/54388,Deploy Checklist: New Expensify 2024-12-18,54292,https://github.com/Expensify/App/issues/54292,2024-12-18
54419,https://github.com/Expensify/App/issues/54419,Deploy Checklist: New Expensify 2024-12-18,54292,https://github.com/Expensify/App/issues/54292,2024-12-18
54453,https://github.com/Expensify/App/issues/54453,Deploy Checklist: New Expensify 2024-12-18,54292,https://github.com/Expensify/App/issues/54292,2024-12-18
54121,https://github.com/Expensify/App/issues/54121,Deploy Checklist: New Expensify 2024-12-13,54111,https://github.com/Expensify/App/issues/54111,2024-12-13
54123,https://github.com/Expensify/App/issues/54123,Deploy Checklist: New Expensify 2024-12-13,54111,https://github.com/Expensify/App/issues/54111,2024-12-13
54127,https://github.com/Expensify/App/issues/54127,Deploy Checklist: New Expensify 2024-12-13,54111,https://github.com/Expensify/App/issues/54111,2024-12-13
54128,https://github.com/Expensify/App/issues/54128,Deploy Checklist: New Expensify 2024-12-13,54111,https://github.com/Expensify/App/issues/54111,2024-12-13
54131,https://github.com/Expensify/App/issues/54131,Deploy Checklist: New Expensify 2024-12-13,54111,https://github.com/Expensify/App/issues/54111,2024-12-13
54153,https://github.com/Expensify/App/issues/54153,Deploy Checklist: New Expensify 2024-12-13,54111,https://github.com/Expensify/App/issues/54111,2024-12-13
54169,https://github.com/Expensify/App/issues/54169,Deploy Checklist: New Expensify 2024-12-13,54111,https://github.com/Expensify/App/issues/54111,2024-12-13
54170,https://github.com/Expensify/App/issues/54170,Deploy Checklist: New Expensify 2024-12-13,54111,https://github.com/Expensify/App/issues/54111,2024-12-13
53986,https://github.com/Expensify/App/issues/53986,Deploy Checklist: New Expensify 2024-12-12,53978,https://github.com/Expensify/App/issues/53978,2024-12-12
53987,https://github.com/Expensify/App/issues/53987,Deploy Checklist: New Expensify 2024-12-12,53978,https://github.com/Expensify/App/issues/53978,2024-12-12
53988,https://github.com/Expensify/App/issues/53988,Deploy Checklist: New Expensify 2024-12-12,53978,https://github.com/Expensify/App/issues/53978,2024-12-12
53989,https://github.com/Expensify/App/issues/53989,Deploy Checklist: New Expensify 2024-12-12,53978,https://github.com/Expensify/App/issues/53978,2024-12-12
53990,https://github.com/Expensify/App/issues/53990,Deploy Checklist: New Expensify 2024-12-12,53978,https://github.com/Expensify/App/issues/53978,2024-12-12
53991,https://github.com/Expensify/App/issues/53991,Deploy Checklist: New Expensify 2024-12-12,53978,https://github.com/Expensify/App/issues/53978,2024-12-12
53992,https://github.com/Expensify/App/issues/53992,Deploy Checklist: New Expensify 2024-12-12,53978,https://github.com/Expensify/App/issues/53978,2024-12-12
53995,https://github.com/Expensify/App/issues/53995,Deploy Checklist: New Expensify 2024-12-12,53978,https://github.com/Expensify/App/issues/53978,2024-12-12
54063,https://github.com/Expensify/App/issues/54063,Deploy Checklist: New Expensify 2024-12-12,53978,https://github.com/Expensify/App/issues/53978,2024-12-12
54066,https://github.com/Expensify/App/issues/54066,Deploy Checklist: New Expensify 2024-12-12,53978,https://github.com/Expensify/App/issues/53978,2024-12-12
53820,https://github.com/Expensify/App/issues/53820,Deploy Checklist: New Expensify 2024-12-10,53889,https://github.com/Expensify/App/issues/53889,2024-12-10
53897,https://github.com/Expensify/App/issues/53897,Deploy Checklist: New Expensify 2024-12-10,53889,https://github.com/Expensify/App/issues/53889,2024-12-10
53899,https://github.com/Expensify/App/issues/53899,Deploy Checklist: New Expensify 2024-12-10,53889,https://github.com/Expensify/App/issues/53889,2024-12-10
53900,https://github.com/Expensify/App/issues/53900,Deploy Checklist: New Expensify 2024-12-10,53889,https://github.com/Expensify/App/issues/53889,2024-12-10
53905,https://github.com/Expensify/App/issues/53905,Deploy Checklist: New Expensify 2024-12-10,53889,https://github.com/Expensify/App/issues/53889,2024-12-10
53765,https://github.com/Expensify/App/issues/53765,Deploy Checklist: New Expensify 2024-12-09,53762,https://github.com/Expensify/App/issues/53762,2024-12-09
53766,https://github.com/Expensify/App/issues/53766,Deploy Checklist: New Expensify 2024-12-09,53762,https://github.com/Expensify/App/issues/53762,2024-12-09
53767,https://github.com/Expensify/App/issues/53767,Deploy Checklist: New Expensify 2024-12-09,53762,https://github.com/Expensify/App/issues/53762,2024-12-09
53768,https://github.com/Expensify/App/issues/53768,Deploy Checklist: New Expensify 2024-12-09,53762,https://github.com/Expensify/App/issues/53762,2024-12-09
53769,https://github.com/Expensify/App/issues/53769,Deploy Checklist: New Expensify 2024-12-09,53762,https://github.com/Expensify/App/issues/53762,2024-12-09
53770,https://github.com/Expensify/App/issues/53770,Deploy Checklist: New Expensify 2024-12-09,53762,https://github.com/Expensify/App/issues/53762,2024-12-09
53771,https://github.com/Expensify/App/issues/53771,Deploy Checklist: New Expensify 2024-12-09,53762,https://github.com/Expensify/App/issues/53762,2024-12-09
53772,https://github.com/Expensify/App/issues/53772,Deploy Checklist: New Expensify 2024-12-09,53762,https://github.com/Expensify/App/issues/53762,2024-12-09
53777,https://github.com/Expensify/App/issues/53777,Deploy Checklist: New Expensify 2024-12-09,53762,https://github.com/Expensify/App/issues/53762,2024-12-09
53780,https://github.com/Expensify/App/issues/53780,Deploy Checklist: New Expensify 2024-12-09,53762,https://github.com/Expensify/App/issues/53762,2024-12-09
53783,https://github.com/Expensify/App/issues/53783,Deploy Checklist: New Expensify 2024-12-09,53762,https://github.com/Expensify/App/issues/53762,2024-12-09
53793,https://github.com/Expensify/App/issues/53793,Deploy Checklist: New Expensify 2024-12-09,53762,https://github.com/Expensify/App/issues/53762,2024-12-09
53819,https://github.com/Expensify/App/issues/53819,Deploy Checklist: New Expensify 2024-12-09,53762,https://github.com/Expensify/App/issues/53762,2024-12-09
53822,https://github.com/Expensify/App/issues/53822,Deploy Checklist: New Expensify 2024-12-09,53762,https://github.com/Expensify/App/issues/53762,2024-12-09
53823,https://github.com/Expensify/App/issues/53823,Deploy Checklist: New Expensify 2024-12-09,53762,https://github.com/Expensify/App/issues/53762,2024-12-09
53833,https://github.com/Expensify/App/issues/53833,Deploy Checklist: New Expensify 2024-12-09,53762,https://github.com/Expensify/App/issues/53762,2024-12-09
53848,https://github.com/Expensify/App/issues/53848,Deploy Checklist: New Expensify 2024-12-09,53762,https://github.com/Expensify/App/issues/53762,2024-12-09
53637,https://github.com/Expensify/App/issues/53637,Deploy Checklist: New Expensify 2024-12-05,53631,https://github.com/Expensify/App/issues/53631,2024-12-05
53645,https://github.com/Expensify/App/issues/53645,Deploy Checklist: New Expensify 2024-12-05,53631,https://github.com/Expensify/App/issues/53631,2024-12-05
53654,https://github.com/Expensify/App/issues/53654,Deploy Checklist: New Expensify 2024-12-05,53631,https://github.com/Expensify/App/issues/53631,2024-12-05
53423,https://github.com/Expensify/App/issues/53423,Deploy Checklist: New Expensify 2024-12-04,53504,https://github.com/Expensify/App/issues/53504,2024-12-04
53522,https://github.com/Expensify/App/issues/53522,Deploy Checklist: New Expensify 2024-12-04,53504,https://github.com/Expensify/App/issues/53504,2024-12-04
53524,https://github.com/Expensify/App/issues/53524,Deploy Checklist: New Expensify 2024-12-04,53504,https://github.com/Expensify/App/issues/53504,2024-12-04
53526,https://github.com/Expensify/App/issues/53526,Deploy Checklist: New Expensify 2024-12-04,53504,https://github.com/Expensify/App/issues/53504,2024-12-04
53528,https://github.com/Expensify/App/issues/53528,Deploy Checklist: New Expensify 2024-12-04,53504,https://github.com/Expensify/App/issues/53504,2024-12-04
53531,https://github.com/Expensify/App/issues/53531,Deploy Checklist: New Expensify 2024-12-04,53504,https://github.com/Expensify/App/issues/53504,2024-12-04
53532,https://github.com/Expensify/App/issues/53532,Deploy Checklist: New Expensify 2024-12-04,53504,https://github.com/Expensify/App/issues/53504,2024-12-04
53565,https://github.com/Expensify/App/issues/53565,Deploy Checklist: New Expensify 2024-12-04,53504,https://github.com/Expensify/App/issues/53504,2024-12-04
53571,https://github.com/Expensify/App/issues/53571,Deploy Checklist: New Expensify 2024-12-04,53504,https://github.com/Expensify/App/issues/53504,2024-12-04
53591,https://github.com/Expensify/App/issues/53591,Deploy Checklist: New Expensify 2024-12-04,53504,https://github.com/Expensify/App/issues/53504,2024-12-04
53606,https://github.com/Expensify/App/issues/53606,Deploy Checklist: New Expensify 2024-12-04,53504,https://github.com/Expensify/App/issues/53504,2024-12-04
53338,https://github.com/Expensify/App/issues/53338,Deploy Checklist: New Expensify 2024-12-02,53406,https://github.com/Expensify/App/issues/53406,2024-12-02
53397,https://github.com/Expensify/App/issues/53397,Deploy Checklist: New Expensify 2024-12-02,53406,https://github.com/Expensify/App/issues/53406,2024-12-02
53423,https://github.com/Expensify/App/issues/53423,Deploy Checklist: New Expensify 2024-12-02,53406,https://github.com/Expensify/App/issues/53406,2024-12-02
53425,https://github.com/Expensify/App/issues/53425,Deploy Checklist: New Expensify 2024-12-02,53406,https://github.com/Expensify/App/issues/53406,2024-12-02
53426,https://github.com/Expensify/App/issues/53426,Deploy Checklist: New Expensify 2024-12-02,53406,https://github.com/Expensify/App/issues/53406,2024-12-02
53427,https://github.com/Expensify/App/issues/53427,Deploy Checklist: New Expensify 2024-12-02,53406,https://github.com/Expensify/App/issues/53406,2024-12-02
53429,https://github.com/Expensify/App/issues/53429,Deploy Checklist: New Expensify 2024-12-02,53406,https://github.com/Expensify/App/issues/53406,2024-12-02
53431,https://github.com/Expensify/App/issues/53431,Deploy Checklist: New Expensify 2024-12-02,53406,https://github.com/Expensify/App/issues/53406,2024-12-02
53443,https://github.com/Expensify/App/issues/53443,Deploy Checklist: New Expensify 2024-12-02,53406,https://github.com/Expensify/App/issues/53406,2024-12-02
53444,https://github.com/Expensify/App/issues/53444,Deploy Checklist: New Expensify 2024-12-02,53406,https://github.com/Expensify/App/issues/53406,2024-12-02
53447,https://github.com/Expensify/App/issues/53447,Deploy Checklist: New Expensify 2024-12-02,53406,https://github.com/Expensify/App/issues/53406,2024-12-02
53456,https://github.com/Expensify/App/issues/53456,Deploy Checklist: New Expensify 2024-12-02,53406,https://github.com/Expensify/App/issues/53406,2024-12-02
53461,https://github.com/Expensify/App/issues/53461,Deploy Checklist: New Expensify 2024-12-02,53406,https://github.com/Expensify/App/issues/53406,2024-12-02
53463,https://github.com/Expensify/App/issues/53463,Deploy Checklist: New Expensify 2024-12-02,53406,https://github.com/Expensify/App/issues/53406,2024-12-02
53468,https://github.com/Expensify/App/issues/53468,Deploy Checklist: New Expensify 2024-12-02,53406,https://github.com/Expensify/App/issues/53406,2024-12-02
53472,https://github.com/Expensify/App/issues/53472,Deploy Checklist: New Expensify 2024-12-02,53406,https://github.com/Expensify/App/issues/53406,2024-12-02
53481,https://github.com/Expensify/App/issues/53481,Deploy Checklist: New Expensify 2024-12-02,53406,https://github.com/Expensify/App/issues/53406,2024-12-02
53291,https://github.com/Expensify/App/issues/53291,Deploy Checklist: New Expensify 2024-11-30,53334,https://github.com/Expensify/App/issues/53334,2024-11-30
53337,https://github.com/Expensify/App/issues/53337,Deploy Checklist: New Expensify 2024-11-30,53334,https://github.com/Expensify/App/issues/53334,2024-11-30
53338,https://github.com/Expensify/App/issues/53338,Deploy Checklist: New Expensify 2024-11-30,53334,https://github.com/Expensify/App/issues/53334,2024-11-30
53342,https://github.com/Expensify/App/issues/53342,Deploy Checklist: New Expensify 2024-11-30,53334,https://github.com/Expensify/App/issues/53334,2024-11-30
53345,https://github.com/Expensify/App/issues/53345,Deploy Checklist: New Expensify 2024-11-30,53334,https://github.com/Expensify/App/issues/53334,2024-11-30
53346,https://github.com/Expensify/App/issues/53346,Deploy Checklist: New Expensify 2024-11-30,53334,https://github.com/Expensify/App/issues/53334,2024-11-30
53347,https://github.com/Expensify/App/issues/53347,Deploy Checklist: New Expensify 2024-11-30,53334,https://github.com/Expensify/App/issues/53334,2024-11-30
53348,https://github.com/Expensify/App/issues/53348,Deploy Checklist: New Expensify 2024-11-30,53334,https://github.com/Expensify/App/issues/53334,2024-11-30
53350,https://github.com/Expensify/App/issues/53350,Deploy Checklist: New Expensify 2024-11-30,53334,https://github.com/Expensify/App/issues/53334,2024-11-30
53351,https://github.com/Expensify/App/issues/53351,Deploy Checklist: New Expensify 2024-11-30,53334,https://github.com/Expensify/App/issues/53334,2024-11-30
53352,https://github.com/Expensify/App/issues/53352,Deploy Checklist: New Expensify 2024-11-30,53334,https://github.com/Expensify/App/issues/53334,2024-11-30
53359,https://github.com/Expensify/App/issues/53359,Deploy Checklist: New Expensify 2024-11-30,53334,https://github.com/Expensify/App/issues/53334,2024-11-30
53360,https://github.com/Expensify/App/issues/53360,Deploy Checklist: New Expensify 2024-11-30,53334,https://github.com/Expensify/App/issues/53334,2024-11-30
53361,https://github.com/Expensify/App/issues/53361,Deploy Checklist: New Expensify 2024-11-30,53334,https://github.com/Expensify/App/issues/53334,2024-11-30
53362,https://github.com/Expensify/App/issues/53362,Deploy Checklist: New Expensify 2024-11-30,53334,https://github.com/Expensify/App/issues/53334,2024-11-30
53375,https://github.com/Expensify/App/issues/53375,Deploy Checklist: New Expensify 2024-11-30,53334,https://github.com/Expensify/App/issues/53334,2024-11-30
53377,https://github.com/Expensify/App/issues/53377,Deploy Checklist: New Expensify 2024-11-30,53334,https://github.com/Expensify/App/issues/53334,2024-11-30
53380,https://github.com/Expensify/App/issues/53380,Deploy Checklist: New Expensify 2024-11-30,53334,https://github.com/Expensify/App/issues/53334,2024-11-30
53395,https://github.com/Expensify/App/issues/53395,Deploy Checklist: New Expensify 2024-11-30,53334,https://github.com/Expensify/App/issues/53334,2024-11-30
53397,https://github.com/Expensify/App/issues/53397,Deploy Checklist: New Expensify 2024-11-30,53334,https://github.com/Expensify/App/issues/53334,2024-11-30
53401,https://github.com/Expensify/App/issues/53401,Deploy Checklist: New Expensify 2024-11-30,53334,https://github.com/Expensify/App/issues/53334,2024-11-30
53247,https://github.com/Expensify/App/issues/53247,Deploy Checklist: New Expensify 2024-11-28,53245,https://github.com/Expensify/App/issues/53245,2024-11-28
53248,https://github.com/Expensify/App/issues/53248,Deploy Checklist: New Expensify 2024-11-28,53245,https://github.com/Expensify/App/issues/53245,2024-11-28
53252,https://github.com/Expensify/App/issues/53252,Deploy Checklist: New Expensify 2024-11-28,53245,https://github.com/Expensify/App/issues/53245,2024-11-28
53254,https://github.com/Expensify/App/issues/53254,Deploy Checklist: New Expensify 2024-11-28,53245,https://github.com/Expensify/App/issues/53245,2024-11-28
53259,https://github.com/Expensify/App/issues/53259,Deploy Checklist: New Expensify 2024-11-28,53245,https://github.com/Expensify/App/issues/53245,2024-11-28
53266,https://github.com/Expensify/App/issues/53266,Deploy Checklist: New Expensify 2024-11-28,53245,https://github.com/Expensify/App/issues/53245,2024-11-28
53274,https://github.com/Expensify/App/issues/53274,Deploy Checklist: New Expensify 2024-11-28,53245,https://github.com/Expensify/App/issues/53245,2024-11-28
53283,https://github.com/Expensify/App/issues/53283,Deploy Checklist: New Expensify 2024-11-28,53245,https://github.com/Expensify/App/issues/53245,2024-11-28
53287,https://github.com/Expensify/App/issues/53287,Deploy Checklist: New Expensify 2024-11-28,53245,https://github.com/Expensify/App/issues/53245,2024-11-28
53289,https://github.com/Expensify/App/issues/53289,Deploy Checklist: New Expensify 2024-11-28,53245,https://github.com/Expensify/App/issues/53245,2024-11-28
53291,https://github.com/Expensify/App/issues/53291,Deploy Checklist: New Expensify 2024-11-28,53245,https://github.com/Expensify/App/issues/53245,2024-11-28
53292,https://github.com/Expensify/App/issues/53292,Deploy Checklist: New Expensify 2024-11-28,53245,https://github.com/Expensify/App/issues/53245,2024-11-28
53301,https://github.com/Expensify/App/issues/53301,Deploy Checklist: New Expensify 2024-11-28,53245,https://github.com/Expensify/App/issues/53245,2024-11-28
53305,https://github.com/Expensify/App/issues/53305,Deploy Checklist: New Expensify 2024-11-28,53245,https://github.com/Expensify/App/issues/53245,2024-11-28
53307,https://github.com/Expensify/App/issues/53307,Deploy Checklist: New Expensify 2024-11-28,53245,https://github.com/Expensify/App/issues/53245,2024-11-28
53308,https://github.com/Expensify/App/issues/53308,Deploy Checklist: New Expensify 2024-11-28,53245,https://github.com/Expensify/App/issues/53245,2024-11-28
53309,https://github.com/Expensify/App/issues/53309,Deploy Checklist: New Expensify 2024-11-28,53245,https://github.com/Expensify/App/issues/53245,2024-11-28
53318,https://github.com/Expensify/App/issues/53318,Deploy Checklist: New Expensify 2024-11-28,53245,https://github.com/Expensify/App/issues/53245,2024-11-28
53150,https://github.com/Expensify/App/issues/53150,Deploy Checklist: New Expensify 2024-11-26,53142,https://github.com/Expensify/App/issues/53142,2024-11-26
53152,https://github.com/Expensify/App/issues/53152,Deploy Checklist: New Expensify 2024-11-26,53142,https://github.com/Expensify/App/issues/53142,2024-11-26
53161,https://github.com/Expensify/App/issues/53161,Deploy Checklist: New Expensify 2024-11-26,53142,https://github.com/Expensify/App/issues/53142,2024-11-26
53163,https://github.com/Expensify/App/issues/53163,Deploy Checklist: New Expensify 2024-11-26,53142,https://github.com/Expensify/App/issues/53142,2024-11-26
53166,https://github.com/Expensify/App/issues/53166,Deploy Checklist: New Expensify 2024-11-26,53142,https://github.com/Expensify/App/issues/53142,2024-11-26
53180,https://github.com/Expensify/App/issues/53180,Deploy Checklist: New Expensify 2024-11-26,53142,https://github.com/Expensify/App/issues/53142,2024-11-26
53181,https://github.com/Expensify/App/issues/53181,Deploy Checklist: New Expensify 2024-11-26,53142,https://github.com/Expensify/App/issues/53142,2024-11-26
53182,https://github.com/Expensify/App/issues/53182,Deploy Checklist: New Expensify 2024-11-26,53142,https://github.com/Expensify/App/issues/53142,2024-11-26
53183,https://github.com/Expensify/App/issues/53183,Deploy Checklist: New Expensify 2024-11-26,53142,https://github.com/Expensify/App/issues/53142,2024-11-26
53184,https://github.com/Expensify/App/issues/53184,Deploy Checklist: New Expensify 2024-11-26,53142,https://github.com/Expensify/App/issues/53142,2024-11-26
53185,https://github.com/Expensify/App/issues/53185,Deploy Checklist: New Expensify 2024-11-26,53142,https://github.com/Expensify/App/issues/53142,2024-11-26
53186,https://github.com/Expensify/App/issues/53186,Deploy Checklist: New Expensify 2024-11-26,53142,https://github.com/Expensify/App/issues/53142,2024-11-26
53188,https://github.com/Expensify/App/issues/53188,Deploy Checklist: New Expensify 2024-11-26,53142,https://github.com/Expensify/App/issues/53142,2024-11-26
53189,https://github.com/Expensify/App/issues/53189,Deploy Checklist: New Expensify 2024-11-26,53142,https://github.com/Expensify/App/issues/53142,2024-11-26
53190,https://github.com/Expensify/App/issues/53190,Deploy Checklist: New Expensify 2024-11-26,53142,https://github.com/Expensify/App/issues/53142,2024-11-26
53192,https://github.com/Expensify/App/issues/53192,Deploy Checklist: New Expensify 2024-11-26,53142,https://github.com/Expensify/App/issues/53142,2024-11-26
53204,https://github.com/Expensify/App/issues/53204,Deploy Checklist: New Expensify 2024-11-26,53142,https://github.com/Expensify/App/issues/53142,2024-11-26
53205,https://github.com/Expensify/App/issues/53205,Deploy Checklist: New Expensify 2024-11-26,53142,https://github.com/Expensify/App/issues/53142,2024-11-26
53207,https://github.com/Expensify/App/issues/53207,Deploy Checklist: New Expensify 2024-11-26,53142,https://github.com/Expensify/App/issues/53142,2024-11-26
53215,https://github.com/Expensify/App/issues/53215,Deploy Checklist: New Expensify 2024-11-26,53142,https://github.com/Expensify/App/issues/53142,2024-11-26
53217,https://github.com/Expensify/App/issues/53217,Deploy Checklist: New Expensify 2024-11-26,53142,https://github.com/Expensify/App/issues/53142,2024-11-26
53221,https://github.com/Expensify/App/issues/53221,Deploy Checklist: New Expensify 2024-11-26,53142,https://github.com/Expensify/App/issues/53142,2024-11-26
52985,https://github.com/Expensify/App/issues/52985,Deploy Checklist: New Expensify 2024-11-22,52978,https://github.com/Expensify/App/issues/52978,2024-11-22
52997,https://github.com/Expensify/App/issues/52997,Deploy Checklist: New Expensify 2024-11-22,52978,https://github.com/Expensify/App/issues/52978,2024-11-22
52998,https://github.com/Expensify/App/issues/52998,Deploy Checklist: New Expensify 2024-11-22,52978,https://github.com/Expensify/App/issues/52978,2024-11-22
52999,https://github.com/Expensify/App/issues/52999,Deploy Checklist: New Expensify 2024-11-22,52978,https://github.com/Expensify/App/issues/52978,2024-11-22
53002,https://github.com/Expensify/App/issues/53002,Deploy Checklist: New Expensify 2024-11-22,52978,https://github.com/Expensify/App/issues/52978,2024-11-22
53009,https://github.com/Expensify/App/issues/53009,Deploy Checklist: New Expensify 2024-11-22,52978,https://github.com/Expensify/App/issues/52978,2024-11-22
53010,https://github.com/Expensify/App/issues/53010,Deploy Checklist: New Expensify 2024-11-22,52978,https://github.com/Expensify/App/issues/52978,2024-11-22
53012,https://github.com/Expensify/App/issues/53012,Deploy Checklist: New Expensify 2024-11-22,52978,https://github.com/Expensify/App/issues/52978,2024-11-22
53013,https://github.com/Expensify/App/issues/53013,Deploy Checklist: New Expensify 2024-11-22,52978,https://github.com/Expensify/App/issues/52978,2024-11-22
53016,https://github.com/Expensify/App/issues/53016,Deploy Checklist: New Expensify 2024-11-22,52978,https://github.com/Expensify/App/issues/52978,2024-11-22
53022,https://github.com/Expensify/App/issues/53022,Deploy Checklist: New Expensify 2024-11-22,52978,https://github.com/Expensify/App/issues/52978,2024-11-22
53023,https://github.com/Expensify/App/issues/53023,Deploy Checklist: New Expensify 2024-11-22,52978,https://github.com/Expensify/App/issues/52978,2024-11-22
53027,https://github.com/Expensify/App/issues/53027,Deploy Checklist: New Expensify 2024-11-22,52978,https://github.com/Expensify/App/issues/52978,2024-11-22
53033,https://github.com/Expensify/App/issues/53033,Deploy Checklist: New Expensify 2024-11-22,52978,https://github.com/Expensify/App/issues/52978,2024-11-22
53040,https://github.com/Expensify/App/issues/53040,Deploy Checklist: New Expensify 2024-11-22,52978,https://github.com/Expensify/App/issues/52978,2024-11-22
53042,https://github.com/Expensify/App/issues/53042,Deploy Checklist: New Expensify 2024-11-22,52978,https://github.com/Expensify/App/issues/52978,2024-11-22
53063,https://github.com/Expensify/App/issues/53063,Deploy Checklist: New Expensify 2024-11-22,52978,https://github.com/Expensify/App/issues/52978,2024-11-22
53099,https://github.com/Expensify/App/issues/53099,Deploy Checklist: New Expensify 2024-11-22,52978,https://github.com/Expensify/App/issues/52978,2024-11-22
53119,https://github.com/Expensify/App/issues/53119,Deploy Checklist: New Expensify 2024-11-22,52978,https://github.com/Expensify/App/issues/52978,2024-11-22
52864,https://github.com/Expensify/App/issues/52864,Deploy Checklist: New Expensify 2024-11-21,52862,https://github.com/Expensify/App/issues/52862,2024-11-21
52866,https://github.com/Expensify/App/issues/52866,Deploy Checklist: New Expensify 2024-11-21,52862,https://github.com/Expensify/App/issues/52862,2024-11-21
52868,https://github.com/Expensify/App/issues/52868,Deploy Checklist: New Expensify 2024-11-21,52862,https://github.com/Expensify/App/issues/52862,2024-11-21
52869,https://github.com/Expensify/App/issues/52869,Deploy Checklist: New Expensify 2024-11-21,52862,https://github.com/Expensify/App/issues/52862,2024-11-21
52870,https://github.com/Expensify/App/issues/52870,Deploy Checklist: New Expensify 2024-11-21,52862,https://github.com/Expensify/App/issues/52862,2024-11-21
52873,https://github.com/Expensify/App/issues/52873,Deploy Checklist: New Expensify 2024-11-21,52862,https://github.com/Expensify/App/issues/52862,2024-11-21
52874,https://github.com/Expensify/App/issues/52874,Deploy Checklist: New Expensify 2024-11-21,52862,https://github.com/Expensify/App/issues/52862,2024-11-21
52875,https://github.com/Expensify/App/issues/52875,Deploy Checklist: New Expensify 2024-11-21,52862,https://github.com/Expensify/App/issues/52862,2024-11-21
52883,https://github.com/Expensify/App/issues/52883,Deploy Checklist: New Expensify 2024-11-21,52862,https://github.com/Expensify/App/issues/52862,2024-11-21
52889,https://github.com/Expensify/App/issues/52889,Deploy Checklist: New Expensify 2024-11-21,52862,https://github.com/Expensify/App/issues/52862,2024-11-21
52891,https://github.com/Expensify/App/issues/52891,Deploy Checklist: New Expensify 2024-11-21,52862,https://github.com/Expensify/App/issues/52862,2024-11-21
52744,https://github.com/Expensify/App/issues/52744,Deploy Checklist: New Expensify 2024-11-19,52733,https://github.com/Expensify/App/issues/52733,2024-11-19
52746,https://github.com/Expensify/App/issues/52746,Deploy Checklist: New Expensify 2024-11-19,52733,https://github.com/Expensify/App/issues/52733,2024-11-19
52747,https://github.com/Expensify/App/issues/52747,Deploy Checklist: New Expensify 2024-11-19,52733,https://github.com/Expensify/App/issues/52733,2024-11-19
52749,https://github.com/Expensify/App/issues/52749,Deploy Checklist: New Expensify 2024-11-19,52733,https://github.com/Expensify/App/issues/52733,2024-11-19
52753,https://github.com/Expensify/App/issues/52753,Deploy Checklist: New Expensify 2024-11-19,52733,https://github.com/Expensify/App/issues/52733,2024-11-19
52755,https://github.com/Expensify/App/issues/52755,Deploy Checklist: New Expensify 2024-11-19,52733,https://github.com/Expensify/App/issues/52733,2024-11-19
52759,https://github.com/Expensify/App/issues/52759,Deploy Checklist: New Expensify 2024-11-19,52733,https://github.com/Expensify/App/issues/52733,2024-11-19
52787,https://github.com/Expensify/App/issues/52787,Deploy Checklist: New Expensify 2024-11-19,52733,https://github.com/Expensify/App/issues/52733,2024-11-19
52816,https://github.com/Expensify/App/issues/52816,Deploy Checklist: New Expensify 2024-11-19,52733,https://github.com/Expensify/App/issues/52733,2024-11-19
52626,https://github.com/Expensify/App/issues/52626,Deploy Checklist: New Expensify 2024-11-15,52618,https://github.com/Expensify/App/issues/52618,2024-11-15
52645,https://github.com/Expensify/App/issues/52645,Deploy Checklist: New Expensify 2024-11-15,52618,https://github.com/Expensify/App/issues/52618,2024-11-15
52663,https://github.com/Expensify/App/issues/52663,Deploy Checklist: New Expensify 2024-11-15,52618,https://github.com/Expensify/App/issues/52618,2024-11-15
52664,https://github.com/Expensify/App/issues/52664,Deploy Checklist: New Expensify 2024-11-15,52618,https://github.com/Expensify/App/issues/52618,2024-11-15
52720,https://github.com/Expensify/App/issues/52720,Deploy Checklist: New Expensify 2024-11-15,52618,https://github.com/Expensify/App/issues/52618,2024-11-15
52531,https://github.com/Expensify/App/issues/52531,Deploy Checklist: New Expensify 2024-11-14,52512,https://github.com/Expensify/App/issues/52512,2024-11-14
52532,https://github.com/Expensify/App/issues/52532,Deploy Checklist: New Expensify 2024-11-14,52512,https://github.com/Expensify/App/issues/52512,2024-11-14
52536,https://github.com/Expensify/App/issues/52536,Deploy Checklist: New Expensify 2024-11-14,52512,https://github.com/Expensify/App/issues/52512,2024-11-14
52542,https://github.com/Expensify/App/issues/52542,Deploy Checklist: New Expensify 2024-11-14,52512,https://github.com/Expensify/App/issues/52512,2024-11-14
52543,https://github.com/Expensify/App/issues/52543,Deploy Checklist: New Expensify 2024-11-14,52512,https://github.com/Expensify/App/issues/52512,2024-11-14
52544,https://github.com/Expensify/App/issues/52544,Deploy Checklist: New Expensify 2024-11-14,52512,https://github.com/Expensify/App/issues/52512,2024-11-14
52557,https://github.com/Expensify/App/issues/52557,Deploy Checklist: New Expensify 2024-11-14,52512,https://github.com/Expensify/App/issues/52512,2024-11-14
52560,https://github.com/Expensify/App/issues/52560,Deploy Checklist: New Expensify 2024-11-14,52512,https://github.com/Expensify/App/issues/52512,2024-11-14
52562,https://github.com/Expensify/App/issues/52562,Deploy Checklist: New Expensify 2024-11-14,52512,https://github.com/Expensify/App/issues/52512,2024-11-14
52566,https://github.com/Expensify/App/issues/52566,Deploy Checklist: New Expensify 2024-11-14,52512,https://github.com/Expensify/App/issues/52512,2024-11-14
52570,https://github.com/Expensify/App/issues/52570,Deploy Checklist: New Expensify 2024-11-14,52512,https://github.com/Expensify/App/issues/52512,2024-11-14
52592,https://github.com/Expensify/App/issues/52592,Deploy Checklist: New Expensify 2024-11-14,52512,https://github.com/Expensify/App/issues/52512,2024-11-14
52453,https://github.com/Expensify/App/issues/52453,Deploy Checklist: New Expensify 2024-11-13,52440,https://github.com/Expensify/App/issues/52440,2024-11-13
52454,https://github.com/Expensify/App/issues/52454,Deploy Checklist: New Expensify 2024-11-13,52440,https://github.com/Expensify/App/issues/52440,2024-11-13
52455,https://github.com/Expensify/App/issues/52455,Deploy Checklist: New Expensify 2024-11-13,52440,https://github.com/Expensify/App/issues/52440,2024-11-13
52456,https://github.com/Expensify/App/issues/52456,Deploy Checklist: New Expensify 2024-11-13,52440,https://github.com/Expensify/App/issues/52440,2024-11-13
52457,https://github.com/Expensify/App/issues/52457,Deploy Checklist: New Expensify 2024-11-13,52440,https://github.com/Expensify/App/issues/52440,2024-11-13
52460,https://github.com/Expensify/App/issues/52460,Deploy Checklist: New Expensify 2024-11-13,52440,https://github.com/Expensify/App/issues/52440,2024-11-13
52484,https://github.com/Expensify/App/issues/52484,Deploy Checklist: New Expensify 2024-11-13,52440,https://github.com/Expensify/App/issues/52440,2024-11-13
52496,https://github.com/Expensify/App/issues/52496,Deploy Checklist: New Expensify 2024-11-13,52440,https://github.com/Expensify/App/issues/52440,2024-11-13
52336,https://github.com/Expensify/App/issues/52336,[HOLD for payment 2024-11-21] Deploy Checklist: New Expensify 2024-11-11,52320,https://github.com/Expensify/App/issues/52320,2024-11-11
52338,https://github.com/Expensify/App/issues/52338,[HOLD for payment 2024-11-21] Deploy Checklist: New Expensify 2024-11-11,52320,https://github.com/Expensify/App/issues/52320,2024-11-11
52339,https://github.com/Expensify/App/issues/52339,[HOLD for payment 2024-11-21] Deploy Checklist: New Expensify 2024-11-11,52320,https://github.com/Expensify/App/issues/52320,2024-11-11
52342,https://github.com/Expensify/App/issues/52342,[HOLD for payment 2024-11-21] Deploy Checklist: New Expensify 2024-11-11,52320,https://github.com/Expensify/App/issues/52320,2024-11-11
52343,https://github.com/Expensify/App/issues/52343,[HOLD for payment 2024-11-21] Deploy Checklist: New Expensify 2024-11-11,52320,https://github.com/Expensify/App/issues/52320,2024-11-11
52360,https://github.com/Expensify/App/issues/52360,[HOLD for payment 2024-11-21] Deploy Checklist: New Expensify 2024-11-11,52320,https://github.com/Expensify/App/issues/52320,2024-11-11
52361,https://github.com/Expensify/App/issues/52361,[HOLD for payment 2024-11-21] Deploy Checklist: New Expensify 2024-11-11,52320,https://github.com/Expensify/App/issues/52320,2024-11-11
52362,https://github.com/Expensify/App/issues/52362,[HOLD for payment 2024-11-21] Deploy Checklist: New Expensify 2024-11-11,52320,https://github.com/Expensify/App/issues/52320,2024-11-11
52364,https://github.com/Expensify/App/issues/52364,[HOLD for payment 2024-11-21] Deploy Checklist: New Expensify 2024-11-11,52320,https://github.com/Expensify/App/issues/52320,2024-11-11
52365,https://github.com/Expensify/App/issues/52365,[HOLD for payment 2024-11-21] Deploy Checklist: New Expensify 2024-11-11,52320,https://github.com/Expensify/App/issues/52320,2024-11-11
52366,https://github.com/Expensify/App/issues/52366,[HOLD for payment 2024-11-21] Deploy Checklist: New Expensify 2024-11-11,52320,https://github.com/Expensify/App/issues/52320,2024-11-11
52367,https://github.com/Expensify/App/issues/52367,[HOLD for payment 2024-11-21] Deploy Checklist: New Expensify 2024-11-11,52320,https://github.com/Expensify/App/issues/52320,2024-11-11
52368,https://github.com/Expensify/App/issues/52368,[HOLD for payment 2024-11-21] Deploy Checklist: New Expensify 2024-11-11,52320,https://github.com/Expensify/App/issues/52320,2024-11-11
52369,https://github.com/Expensify/App/issues/52369,[HOLD for payment 2024-11-21] Deploy Checklist: New Expensify 2024-11-11,52320,https://github.com/Expensify/App/issues/52320,2024-11-11
52370,https://github.com/Expensify/App/issues/52370,[HOLD for payment 2024-11-21] Deploy Checklist: New Expensify 2024-11-11,52320,https://github.com/Expensify/App/issues/52320,2024-11-11
52371,https://github.com/Expensify/App/issues/52371,[HOLD for payment 2024-11-21] Deploy Checklist: New Expensify 2024-11-11,52320,https://github.com/Expensify/App/issues/52320,2024-11-11
52375,https://github.com/Expensify/App/issues/52375,[HOLD for payment 2024-11-21] Deploy Checklist: New Expensify 2024-11-11,52320,https://github.com/Expensify/App/issues/52320,2024-11-11
52377,https://github.com/Expensify/App/issues/52377,[HOLD for payment 2024-11-21] Deploy Checklist: New Expensify 2024-11-11,52320,https://github.com/Expensify/App/issues/52320,2024-11-11
52378,https://github.com/Expensify/App/issues/52378,[HOLD for payment 2024-11-21] Deploy Checklist: New Expensify 2024-11-11,52320,https://github.com/Expensify/App/issues/52320,2024-11-11
52403,https://github.com/Expensify/App/issues/52403,[HOLD for payment 2024-11-21] Deploy Checklist: New Expensify 2024-11-11,52320,https://github.com/Expensify/App/issues/52320,2024-11-11
52404,https://github.com/Expensify/App/issues/52404,[HOLD for payment 2024-11-21] Deploy Checklist: New Expensify 2024-11-11,52320,https://github.com/Expensify/App/issues/52320,2024-11-11
52411,https://github.com/Expensify/App/issues/52411,[HOLD for payment 2024-11-21] Deploy Checklist: New Expensify 2024-11-11,52320,https://github.com/Expensify/App/issues/52320,2024-11-11
52418,https://github.com/Expensify/App/issues/52418,[HOLD for payment 2024-11-21] Deploy Checklist: New Expensify 2024-11-11,52320,https://github.com/Expensify/App/issues/52320,2024-11-11
52096,https://github.com/Expensify/App/issues/52096,Deploy Checklist: New Expensify 2024-11-07,52178,https://github.com/Expensify/App/issues/52178,2024-11-07
52113,https://github.com/Expensify/App/issues/52113,Deploy Checklist: New Expensify 2024-11-07,52178,https://github.com/Expensify/App/issues/52178,2024-11-07
52186,https://github.com/Expensify/App/issues/52186,Deploy Checklist: New Expensify 2024-11-07,52178,https://github.com/Expensify/App/issues/52178,2024-11-07
52189,https://github.com/Expensify/App/issues/52189,Deploy Checklist: New Expensify 2024-11-07,52178,https://github.com/Expensify/App/issues/52178,2024-11-07
52201,https://github.com/Expensify/App/issues/52201,Deploy Checklist: New Expensify 2024-11-07,52178,https://github.com/Expensify/App/issues/52178,2024-11-07
52202,https://github.com/Expensify/App/issues/52202,Deploy Checklist: New Expensify 2024-11-07,52178,https://github.com/Expensify/App/issues/52178,2024-11-07
52203,https://github.com/Expensify/App/issues/52203,Deploy Checklist: New Expensify 2024-11-07,52178,https://github.com/Expensify/App/issues/52178,2024-11-07
52213,https://github.com/Expensify/App/issues/52213,Deploy Checklist: New Expensify 2024-11-07,52178,https://github.com/Expensify/App/issues/52178,2024-11-07
52239,https://github.com/Expensify/App/issues/52239,Deploy Checklist: New Expensify 2024-11-07,52178,https://github.com/Expensify/App/issues/52178,2024-11-07
52240,https://github.com/Expensify/App/issues/52240,Deploy Checklist: New Expensify 2024-11-07,52178,https://github.com/Expensify/App/issues/52178,2024-11-07
52245,https://github.com/Expensify/App/issues/52245,Deploy Checklist: New Expensify 2024-11-07,52178,https://github.com/Expensify/App/issues/52178,2024-11-07
52257,https://github.com/Expensify/App/issues/52257,Deploy Checklist: New Expensify 2024-11-07,52178,https://github.com/Expensify/App/issues/52178,2024-11-07
52259,https://github.com/Expensify/App/issues/52259,Deploy Checklist: New Expensify 2024-11-07,52178,https://github.com/Expensify/App/issues/52178,2024-11-07
52260,https://github.com/Expensify/App/issues/52260,Deploy Checklist: New Expensify 2024-11-07,52178,https://github.com/Expensify/App/issues/52178,2024-11-07
52095,https://github.com/Expensify/App/issues/52095,Deploy Checklist: New Expensify 2024-11-05,52084,https://github.com/Expensify/App/issues/52084,2024-11-05
52096,https://github.com/Expensify/App/issues/52096,Deploy Checklist: New Expensify 2024-11-05,52084,https://github.com/Expensify/App/issues/52084,2024-11-05
52097,https://github.com/Expensify/App/issues/52097,Deploy Checklist: New Expensify 2024-11-05,52084,https://github.com/Expensify/App/issues/52084,2024-11-05
52098,https://github.com/Expensify/App/issues/52098,Deploy Checklist: New Expensify 2024-11-05,52084,https://github.com/Expensify/App/issues/52084,2024-11-05
52099,https://github.com/Expensify/App/issues/52099,Deploy Checklist: New Expensify 2024-11-05,52084,https://github.com/Expensify/App/issues/52084,2024-11-05
52101,https://github.com/Expensify/App/issues/52101,Deploy Checklist: New Expensify 2024-11-05,52084,https://github.com/Expensify/App/issues/52084,2024-11-05
52104,https://github.com/Expensify/App/issues/52104,Deploy Checklist: New Expensify 2024-11-05,52084,https://github.com/Expensify/App/issues/52084,2024-11-05
52106,https://github.com/Expensify/App/issues/52106,Deploy Checklist: New Expensify 2024-11-05,52084,https://github.com/Expensify/App/issues/52084,2024-11-05
52108,https://github.com/Expensify/App/issues/52108,Deploy Checklist: New Expensify 2024-11-05,52084,https://github.com/Expensify/App/issues/52084,2024-11-05
52110,https://github.com/Expensify/App/issues/52110,Deploy Checklist: New Expensify 2024-11-05,52084,https://github.com/Expensify/App/issues/52084,2024-11-05
52111,https://github.com/Expensify/App/issues/52111,Deploy Checklist: New Expensify 2024-11-05,52084,https://github.com/Expensify/App/issues/52084,2024-11-05
52113,https://github.com/Expensify/App/issues/52113,Deploy Checklist: New Expensify 2024-11-05,52084,https://github.com/Expensify/App/issues/52084,2024-11-05
52115,https://github.com/Expensify/App/issues/52115,Deploy Checklist: New Expensify 2024-11-05,52084,https://github.com/Expensify/App/issues/52084,2024-11-05
52122,https://github.com/Expensify/App/issues/52122,Deploy Checklist: New Expensify 2024-11-05,52084,https://github.com/Expensify/App/issues/52084,2024-11-05
52126,https://github.com/Expensify/App/issues/52126,Deploy Checklist: New Expensify 2024-11-05,52084,https://github.com/Expensify/App/issues/52084,2024-11-05
52137,https://github.com/Expensify/App/issues/52137,Deploy Checklist: New Expensify 2024-11-05,52084,https://github.com/Expensify/App/issues/52084,2024-11-05
51871,https://github.com/Expensify/App/issues/51871,Deploy Checklist: New Expensify 2024-11-04,51953,https://github.com/Expensify/App/issues/51953,2024-11-04
51959,https://github.com/Expensify/App/issues/51959,Deploy Checklist: New Expensify 2024-11-04,51953,https://github.com/Expensify/App/issues/51953,2024-11-04
51961,https://github.com/Expensify/App/issues/51961,Deploy Checklist: New Expensify 2024-11-04,51953,https://github.com/Expensify/App/issues/51953,2024-11-04
51963,https://github.com/Expensify/App/issues/51963,Deploy Checklist: New Expensify 2024-11-04,51953,https://github.com/Expensify/App/issues/51953,2024-11-04
51969,https://github.com/Expensify/App/issues/51969,Deploy Checklist: New Expensify 2024-11-04,51953,https://github.com/Expensify/App/issues/51953,2024-11-04
51975,https://github.com/Expensify/App/issues/51975,Deploy Checklist: New Expensify 2024-11-04,51953,https://github.com/Expensify/App/issues/51953,2024-11-04
51980,https://github.com/Expensify/App/issues/51980,Deploy Checklist: New Expensify 2024-11-04,51953,https://github.com/Expensify/App/issues/51953,2024-11-04
51984,https://github.com/Expensify/App/issues/51984,Deploy Checklist: New Expensify 2024-11-04,51953,https://github.com/Expensify/App/issues/51953,2024-11-04
52045,https://github.com/Expensify/App/issues/52045,Deploy Checklist: New Expensify 2024-11-04,51953,https://github.com/Expensify/App/issues/51953,2024-11-04
51784,https://github.com/Expensify/App/issues/51784,Deploy Checklist: New Expensify 2024-10-31,51778,https://github.com/Expensify/App/issues/51778,2024-10-31
51785,https://github.com/Expensify/App/issues/51785,Deploy Checklist: New Expensify 2024-10-31,51778,https://github.com/Expensify/App/issues/51778,2024-10-31
51786,https://github.com/Expensify/App/issues/51786,Deploy Checklist: New Expensify 2024-10-31,51778,https://github.com/Expensify/App/issues/51778,2024-10-31
51788,https://github.com/Expensify/App/issues/51788,Deploy Checklist: New Expensify 2024-10-31,51778,https://github.com/Expensify/App/issues/51778,2024-10-31
51789,https://github.com/Expensify/App/issues/51789,Deploy Checklist: New Expensify 2024-10-31,51778,https://github.com/Expensify/App/issues/51778,2024-10-31
51792,https://github.com/Expensify/App/issues/51792,Deploy Checklist: New Expensify 2024-10-31,51778,https://github.com/Expensify/App/issues/51778,2024-10-31
51797,https://github.com/Expensify/App/issues/51797,Deploy Checklist: New Expensify 2024-10-31,51778,https://github.com/Expensify/App/issues/51778,2024-10-31
51799,https://github.com/Expensify/App/issues/51799,Deploy Checklist: New Expensify 2024-10-31,51778,https://github.com/Expensify/App/issues/51778,2024-10-31
51800,https://github.com/Expensify/App/issues/51800,Deploy Checklist: New Expensify 2024-10-31,51778,https://github.com/Expensify/App/issues/51778,2024-10-31
51801,https://github.com/Expensify/App/issues/51801,Deploy Checklist: New Expensify 2024-10-31,51778,https://github.com/Expensify/App/issues/51778,2024-10-31
51802,https://github.com/Expensify/App/issues/51802,Deploy Checklist: New Expensify 2024-10-31,51778,https://github.com/Expensify/App/issues/51778,2024-10-31
51812,https://github.com/Expensify/App/issues/51812,Deploy Checklist: New Expensify 2024-10-31,51778,https://github.com/Expensify/App/issues/51778,2024-10-31
51813,https://github.com/Expensify/App/issues/51813,Deploy Checklist: New Expensify 2024-10-31,51778,https://github.com/Expensify/App/issues/51778,2024-10-31
51819,https://github.com/Expensify/App/issues/51819,Deploy Checklist: New Expensify 2024-10-31,51778,https://github.com/Expensify/App/issues/51778,2024-10-31
51823,https://github.com/Expensify/App/issues/51823,Deploy Checklist: New Expensify 2024-10-31,51778,https://github.com/Expensify/App/issues/51778,2024-10-31
51853,https://github.com/Expensify/App/issues/51853,Deploy Checklist: New Expensify 2024-10-31,51778,https://github.com/Expensify/App/issues/51778,2024-10-31
51854,https://github.com/Expensify/App/issues/51854,Deploy Checklist: New Expensify 2024-10-31,51778,https://github.com/Expensify/App/issues/51778,2024-10-31
51858,https://github.com/Expensify/App/issues/51858,Deploy Checklist: New Expensify 2024-10-31,51778,https://github.com/Expensify/App/issues/51778,2024-10-31
51860,https://github.com/Expensify/App/issues/51860,Deploy Checklist: New Expensify 2024-10-31,51778,https://github.com/Expensify/App/issues/51778,2024-10-31
51871,https://github.com/Expensify/App/issues/51871,Deploy Checklist: New Expensify 2024-10-31,51778,https://github.com/Expensify/App/issues/51778,2024-10-31
51872,https://github.com/Expensify/App/issues/51872,Deploy Checklist: New Expensify 2024-10-31,51778,https://github.com/Expensify/App/issues/51778,2024-10-31
51883,https://github.com/Expensify/App/issues/51883,Deploy Checklist: New Expensify 2024-10-31,51778,https://github.com/Expensify/App/issues/51778,2024-10-31
51885,https://github.com/Expensify/App/issues/51885,Deploy Checklist: New Expensify 2024-10-31,51778,https://github.com/Expensify/App/issues/51778,2024-10-31
51928,https://github.com/Expensify/App/issues/51928,Deploy Checklist: New Expensify 2024-10-31,51778,https://github.com/Expensify/App/issues/51778,2024-10-31
51584,https://github.com/Expensify/App/issues/51584,Deploy Checklist: New Expensify 2024-10-29,51635,https://github.com/Expensify/App/issues/51635,2024-10-29
51649,https://github.com/Expensify/App/issues/51649,Deploy Checklist: New Expensify 2024-10-29,51635,https://github.com/Expensify/App/issues/51635,2024-10-29
51653,https://github.com/Expensify/App/issues/51653,Deploy Checklist: New Expensify 2024-10-29,51635,https://github.com/Expensify/App/issues/51635,2024-10-29
51654,https://github.com/Expensify/App/issues/51654,Deploy Checklist: New Expensify 2024-10-29,51635,https://github.com/Expensify/App/issues/51635,2024-10-29
51661,https://github.com/Expensify/App/issues/51661,Deploy Checklist: New Expensify 2024-10-29,51635,https://github.com/Expensify/App/issues/51635,2024-10-29
51664,https://github.com/Expensify/App/issues/51664,Deploy Checklist: New Expensify 2024-10-29,51635,https://github.com/Expensify/App/issues/51635,2024-10-29
51682,https://github.com/Expensify/App/issues/51682,Deploy Checklist: New Expensify 2024-10-29,51635,https://github.com/Expensify/App/issues/51635,2024-10-29
51696,https://github.com/Expensify/App/issues/51696,Deploy Checklist: New Expensify 2024-10-29,51635,https://github.com/Expensify/App/issues/51635,2024-10-29
51728,https://github.com/Expensify/App/issues/51728,Deploy Checklist: New Expensify 2024-10-29,51635,https://github.com/Expensify/App/issues/51635,2024-10-29
51776,https://github.com/Expensify/App/issues/51776,Deploy Checklist: New Expensify 2024-10-29,51635,https://github.com/Expensify/App/issues/51635,2024-10-29
51454,https://github.com/Expensify/App/issues/51454,Deploy Checklist: New Expensify 2024-10-25,51448,https://github.com/Expensify/App/issues/51448,2024-10-25
51457,https://github.com/Expensify/App/issues/51457,Deploy Checklist: New Expensify 2024-10-25,51448,https://github.com/Expensify/App/issues/51448,2024-10-25
51463,https://github.com/Expensify/App/issues/51463,Deploy Checklist: New Expensify 2024-10-25,51448,https://github.com/Expensify/App/issues/51448,2024-10-25
51464,https://github.com/Expensify/App/issues/51464,Deploy Checklist: New Expensify 2024-10-25,51448,https://github.com/Expensify/App/issues/51448,2024-10-25
51465,https://github.com/Expensify/App/issues/51465,Deploy Checklist: New Expensify 2024-10-25,51448,https://github.com/Expensify/App/issues/51448,2024-10-25
51471,https://github.com/Expensify/App/issues/51471,Deploy Checklist: New Expensify 2024-10-25,51448,https://github.com/Expensify/App/issues/51448,2024-10-25
51482,https://github.com/Expensify/App/issues/51482,Deploy Checklist: New Expensify 2024-10-25,51448,https://github.com/Expensify/App/issues/51448,2024-10-25
51527,https://github.com/Expensify/App/issues/51527,Deploy Checklist: New Expensify 2024-10-25,51448,https://github.com/Expensify/App/issues/51448,2024-10-25
51543,https://github.com/Expensify/App/issues/51543,Deploy Checklist: New Expensify 2024-10-25,51448,https://github.com/Expensify/App/issues/51448,2024-10-25
51584,https://github.com/Expensify/App/issues/51584,Deploy Checklist: New Expensify 2024-10-25,51448,https://github.com/Expensify/App/issues/51448,2024-10-25
51258,https://github.com/Expensify/App/issues/51258,Deploy Checklist: New Expensify 2024-10-23,51344,https://github.com/Expensify/App/issues/51344,2024-10-23
51274,https://github.com/Expensify/App/issues/51274,Deploy Checklist: New Expensify 2024-10-23,51344,https://github.com/Expensify/App/issues/51344,2024-10-23
51276,https://github.com/Expensify/App/issues/51276,Deploy Checklist: New Expensify 2024-10-23,51344,https://github.com/Expensify/App/issues/51344,2024-10-23
51277,https://github.com/Expensify/App/issues/51277,Deploy Checklist: New Expensify 2024-10-23,51344,https://github.com/Expensify/App/issues/51344,2024-10-23
51362,https://github.com/Expensify/App/issues/51362,Deploy Checklist: New Expensify 2024-10-23,51344,https://github.com/Expensify/App/issues/51344,2024-10-23
51365,https://github.com/Expensify/App/issues/51365,Deploy Checklist: New Expensify 2024-10-23,51344,https://github.com/Expensify/App/issues/51344,2024-10-23
51388,https://github.com/Expensify/App/issues/51388,Deploy Checklist: New Expensify 2024-10-23,51344,https://github.com/Expensify/App/issues/51344,2024-10-23
51397,https://github.com/Expensify/App/issues/51397,Deploy Checklist: New Expensify 2024-10-23,51344,https://github.com/Expensify/App/issues/51344,2024-10-23
51414,https://github.com/Expensify/App/issues/51414,Deploy Checklist: New Expensify 2024-10-23,51344,https://github.com/Expensify/App/issues/51344,2024-10-23
51222,https://github.com/Expensify/App/issues/51222,Deploy Checklist: New Expensify 2024-10-22,51219,https://github.com/Expensify/App/issues/51219,2024-10-22
51235,https://github.com/Expensify/App/issues/51235,Deploy Checklist: New Expensify 2024-10-22,51219,https://github.com/Expensify/App/issues/51219,2024-10-22
51238,https://github.com/Expensify/App/issues/51238,Deploy Checklist: New Expensify 2024-10-22,51219,https://github.com/Expensify/App/issues/51219,2024-10-22
51242,https://github.com/Expensify/App/issues/51242,Deploy Checklist: New Expensify 2024-10-22,51219,https://github.com/Expensify/App/issues/51219,2024-10-22
51249,https://github.com/Expensify/App/issues/51249,Deploy Checklist: New Expensify 2024-10-22,51219,https://github.com/Expensify/App/issues/51219,2024-10-22
51256,https://github.com/Expensify/App/issues/51256,Deploy Checklist: New Expensify 2024-10-22,51219,https://github.com/Expensify/App/issues/51219,2024-10-22
51258,https://github.com/Expensify/App/issues/51258,Deploy Checklist: New Expensify 2024-10-22,51219,https://github.com/Expensify/App/issues/51219,2024-10-22
51262,https://github.com/Expensify/App/issues/51262,Deploy Checklist: New Expensify 2024-10-22,51219,https://github.com/Expensify/App/issues/51219,2024-10-22
51265,https://github.com/Expensify/App/issues/51265,Deploy Checklist: New Expensify 2024-10-22,51219,https://github.com/Expensify/App/issues/51219,2024-10-22
51266,https://github.com/Expensify/App/issues/51266,Deploy Checklist: New Expensify 2024-10-22,51219,https://github.com/Expensify/App/issues/51219,2024-10-22
51270,https://github.com/Expensify/App/issues/51270,Deploy Checklist: New Expensify 2024-10-22,51219,https://github.com/Expensify/App/issues/51219,2024-10-22
51272,https://github.com/Expensify/App/issues/51272,Deploy Checklist: New Expensify 2024-10-22,51219,https://github.com/Expensify/App/issues/51219,2024-10-22
51273,https://github.com/Expensify/App/issues/51273,Deploy Checklist: New Expensify 2024-10-22,51219,https://github.com/Expensify/App/issues/51219,2024-10-22
51274,https://github.com/Expensify/App/issues/51274,Deploy Checklist: New Expensify 2024-10-22,51219,https://github.com/Expensify/App/issues/51219,2024-10-22
51275,https://github.com/Expensify/App/issues/51275,Deploy Checklist: New Expensify 2024-10-22,51219,https://github.com/Expensify/App/issues/51219,2024-10-22
51276,https://github.com/Expensify/App/issues/51276,Deploy Checklist: New Expensify 2024-10-22,51219,https://github.com/Expensify/App/issues/51219,2024-10-22
51277,https://github.com/Expensify/App/issues/51277,Deploy Checklist: New Expensify 2024-10-22,51219,https://github.com/Expensify/App/issues/51219,2024-10-22
51279,https://github.com/Expensify/App/issues/51279,Deploy Checklist: New Expensify 2024-10-22,51219,https://github.com/Expensify/App/issues/51219,2024-10-22
51286,https://github.com/Expensify/App/issues/51286,Deploy Checklist: New Expensify 2024-10-22,51219,https://github.com/Expensify/App/issues/51219,2024-10-22
51292,https://github.com/Expensify/App/issues/51292,Deploy Checklist: New Expensify 2024-10-22,51219,https://github.com/Expensify/App/issues/51219,2024-10-22
51297,https://github.com/Expensify/App/issues/51297,Deploy Checklist: New Expensify 2024-10-22,51219,https://github.com/Expensify/App/issues/51219,2024-10-22
51114,https://github.com/Expensify/App/issues/51114,Deploy Checklist: New Expensify 2024-10-18,51106,https://github.com/Expensify/App/issues/51106,2024-10-18
51115,https://github.com/Expensify/App/issues/51115,Deploy Checklist: New Expensify 2024-10-18,51106,https://github.com/Expensify/App/issues/51106,2024-10-18
51116,https://github.com/Expensify/App/issues/51116,Deploy Checklist: New Expensify 2024-10-18,51106,https://github.com/Expensify/App/issues/51106,2024-10-18
51119,https://github.com/Expensify/App/issues/51119,Deploy Checklist: New Expensify 2024-10-18,51106,https://github.com/Expensify/App/issues/51106,2024-10-18
51121,https://github.com/Expensify/App/issues/51121,Deploy Checklist: New Expensify 2024-10-18,51106,https://github.com/Expensify/App/issues/51106,2024-10-18
51123,https://github.com/Expensify/App/issues/51123,Deploy Checklist: New Expensify 2024-10-18,51106,https://github.com/Expensify/App/issues/51106,2024-10-18
51125,https://github.com/Expensify/App/issues/51125,Deploy Checklist: New Expensify 2024-10-18,51106,https://github.com/Expensify/App/issues/51106,2024-10-18
51131,https://github.com/Expensify/App/issues/51131,Deploy Checklist: New Expensify 2024-10-18,51106,https://github.com/Expensify/App/issues/51106,2024-10-18
51137,https://github.com/Expensify/App/issues/51137,Deploy Checklist: New Expensify 2024-10-18,51106,https://github.com/Expensify/App/issues/51106,2024-10-18
51138,https://github.com/Expensify/App/issues/51138,Deploy Checklist: New Expensify 2024-10-18,51106,https://github.com/Expensify/App/issues/51106,2024-10-18
51139,https://github.com/Expensify/App/issues/51139,Deploy Checklist: New Expensify 2024-10-18,51106,https://github.com/Expensify/App/issues/51106,2024-10-18
51140,https://github.com/Expensify/App/issues/51140,Deploy Checklist: New Expensify 2024-10-18,51106,https://github.com/Expensify/App/issues/51106,2024-10-18
51141,https://github.com/Expensify/App/issues/51141,Deploy Checklist: New Expensify 2024-10-18,51106,https://github.com/Expensify/App/issues/51106,2024-10-18
51142,https://github.com/Expensify/App/issues/51142,Deploy Checklist: New Expensify 2024-10-18,51106,https://github.com/Expensify/App/issues/51106,2024-10-18
51175,https://github.com/Expensify/App/issues/51175,Deploy Checklist: New Expensify 2024-10-18,51106,https://github.com/Expensify/App/issues/51106,2024-10-18
50961,https://github.com/Expensify/App/issues/50961,Deploy Checklist: New Expensify 2024-10-17,50969,https://github.com/Expensify/App/issues/50969,2024-10-17
50973,https://github.com/Expensify/App/issues/50973,Deploy Checklist: New Expensify 2024-10-17,50969,https://github.com/Expensify/App/issues/50969,2024-10-17
50976,https://github.com/Expensify/App/issues/50976,Deploy Checklist: New Expensify 2024-10-17,50969,https://github.com/Expensify/App/issues/50969,2024-10-17
50977,https://github.com/Expensify/App/issues/50977,Deploy Checklist: New Expensify 2024-10-17,50969,https://github.com/Expensify/App/issues/50969,2024-10-17
50978,https://github.com/Expensify/App/issues/50978,Deploy Checklist: New Expensify 2024-10-17,50969,https://github.com/Expensify/App/issues/50969,2024-10-17
50980,https://github.com/Expensify/App/issues/50980,Deploy Checklist: New Expensify 2024-10-17,50969,https://github.com/Expensify/App/issues/50969,2024-10-17
50982,https://github.com/Expensify/App/issues/50982,Deploy Checklist: New Expensify 2024-10-17,50969,https://github.com/Expensify/App/issues/50969,2024-10-17
50984,https://github.com/Expensify/App/issues/50984,Deploy Checklist: New Expensify 2024-10-17,50969,https://github.com/Expensify/App/issues/50969,2024-10-17
50986,https://github.com/Expensify/App/issues/50986,Deploy Checklist: New Expensify 2024-10-17,50969,https://github.com/Expensify/App/issues/50969,2024-10-17
50988,https://github.com/Expensify/App/issues/50988,Deploy Checklist: New Expensify 2024-10-17,50969,https://github.com/Expensify/App/issues/50969,2024-10-17
50989,https://github.com/Expensify/App/issues/50989,Deploy Checklist: New Expensify 2024-10-17,50969,https://github.com/Expensify/App/issues/50969,2024-10-17
50993,https://github.com/Expensify/App/issues/50993,Deploy Checklist: New Expensify 2024-10-17,50969,https://github.com/Expensify/App/issues/50969,2024-10-17
50998,https://github.com/Expensify/App/issues/50998,Deploy Checklist: New Expensify 2024-10-17,50969,https://github.com/Expensify/App/issues/50969,2024-10-17
51002,https://github.com/Expensify/App/issues/51002,Deploy Checklist: New Expensify 2024-10-17,50969,https://github.com/Expensify/App/issues/50969,2024-10-17
51003,https://github.com/Expensify/App/issues/51003,Deploy Checklist: New Expensify 2024-10-17,50969,https://github.com/Expensify/App/issues/50969,2024-10-17
51004,https://github.com/Expensify/App/issues/51004,Deploy Checklist: New Expensify 2024-10-17,50969,https://github.com/Expensify/App/issues/50969,2024-10-17
51005,https://github.com/Expensify/App/issues/51005,Deploy Checklist: New Expensify 2024-10-17,50969,https://github.com/Expensify/App/issues/50969,2024-10-17
51007,https://github.com/Expensify/App/issues/51007,Deploy Checklist: New Expensify 2024-10-17,50969,https://github.com/Expensify/App/issues/50969,2024-10-17
51009,https://github.com/Expensify/App/issues/51009,Deploy Checklist: New Expensify 2024-10-17,50969,https://github.com/Expensify/App/issues/50969,2024-10-17
51010,https://github.com/Expensify/App/issues/51010,Deploy Checklist: New Expensify 2024-10-17,50969,https://github.com/Expensify/App/issues/50969,2024-10-17
51021,https://github.com/Expensify/App/issues/51021,Deploy Checklist: New Expensify 2024-10-17,50969,https://github.com/Expensify/App/issues/50969,2024-10-17
51029,https://github.com/Expensify/App/issues/51029,Deploy Checklist: New Expensify 2024-10-17,50969,https://github.com/Expensify/App/issues/50969,2024-10-17
51042,https://github.com/Expensify/App/issues/51042,Deploy Checklist: New Expensify 2024-10-17,50969,https://github.com/Expensify/App/issues/50969,2024-10-17
51044,https://github.com/Expensify/App/issues/51044,Deploy Checklist: New Expensify 2024-10-17,50969,https://github.com/Expensify/App/issues/50969,2024-10-17
51062,https://github.com/Expensify/App/issues/51062,Deploy Checklist: New Expensify 2024-10-17,50969,https://github.com/Expensify/App/issues/50969,2024-10-17
51077,https://github.com/Expensify/App/issues/51077,Deploy Checklist: New Expensify 2024-10-17,50969,https://github.com/Expensify/App/issues/50969,2024-10-17
51078,https://github.com/Expensify/App/issues/51078,Deploy Checklist: New Expensify 2024-10-17,50969,https://github.com/Expensify/App/issues/50969,2024-10-17
50670,https://github.com/Expensify/App/issues/50670,Deploy Checklist: New Expensify 2024-10-15,50764,https://github.com/Expensify/App/issues/50764,2024-10-15
50722,https://github.com/Expensify/App/issues/50722,Deploy Checklist: New Expensify 2024-10-15,50764,https://github.com/Expensify/App/issues/50764,2024-10-15
50771,https://github.com/Expensify/App/issues/50771,Deploy Checklist: New Expensify 2024-10-15,50764,https://github.com/Expensify/App/issues/50764,2024-10-15
50774,https://github.com/Expensify/App/issues/50774,Deploy Checklist: New Expensify 2024-10-15,50764,https://github.com/Expensify/App/issues/50764,2024-10-15
50777,https://github.com/Expensify/App/issues/50777,Deploy Checklist: New Expensify 2024-10-15,50764,https://github.com/Expensify/App/issues/50764,2024-10-15
50778,https://github.com/Expensify/App/issues/50778,Deploy Checklist: New Expensify 2024-10-15,50764,https://github.com/Expensify/App/issues/50764,2024-10-15
50779,https://github.com/Expensify/App/issues/50779,Deploy Checklist: New Expensify 2024-10-15,50764,https://github.com/Expensify/App/issues/50764,2024-10-15
50826,https://github.com/Expensify/App/issues/50826,Deploy Checklist: New Expensify 2024-10-15,50764,https://github.com/Expensify/App/issues/50764,2024-10-15
50829,https://github.com/Expensify/App/issues/50829,Deploy Checklist: New Expensify 2024-10-15,50764,https://github.com/Expensify/App/issues/50764,2024-10-15
50830,https://github.com/Expensify/App/issues/50830,Deploy Checklist: New Expensify 2024-10-15,50764,https://github.com/Expensify/App/issues/50764,2024-10-15
50872,https://github.com/Expensify/App/issues/50872,Deploy Checklist: New Expensify 2024-10-15,50764,https://github.com/Expensify/App/issues/50764,2024-10-15
50636,https://github.com/Expensify/App/issues/50636,Deploy Checklist: New Expensify 2024-10-10,50603,https://github.com/Expensify/App/issues/50603,2024-10-10
50637,https://github.com/Expensify/App/issues/50637,Deploy Checklist: New Expensify 2024-10-10,50603,https://github.com/Expensify/App/issues/50603,2024-10-10
50648,https://github.com/Expensify/App/issues/50648,Deploy Checklist: New Expensify 2024-10-10,50603,https://github.com/Expensify/App/issues/50603,2024-10-10
50670,https://github.com/Expensify/App/issues/50670,Deploy Checklist: New Expensify 2024-10-10,50603,https://github.com/Expensify/App/issues/50603,2024-10-10
50672,https://github.com/Expensify/App/issues/50672,Deploy Checklist: New Expensify 2024-10-10,50603,https://github.com/Expensify/App/issues/50603,2024-10-10
50682,https://github.com/Expensify/App/issues/50682,Deploy Checklist: New Expensify 2024-10-10,50603,https://github.com/Expensify/App/issues/50603,2024-10-10
50683,https://github.com/Expensify/App/issues/50683,Deploy Checklist: New Expensify 2024-10-10,50603,https://github.com/Expensify/App/issues/50603,2024-10-10
50722,https://github.com/Expensify/App/issues/50722,Deploy Checklist: New Expensify 2024-10-10,50603,https://github.com/Expensify/App/issues/50603,2024-10-10
50758,https://github.com/Expensify/App/issues/50758,Deploy Checklist: New Expensify 2024-10-10,50603,https://github.com/Expensify/App/issues/50603,2024-10-10
50373,https://github.com/Expensify/App/issues/50373,Deploy Checklist: New Expensify 2024-10-09,50518,https://github.com/Expensify/App/issues/50518,2024-10-09
50374,https://github.com/Expensify/App/issues/50374,Deploy Checklist: New Expensify 2024-10-09,50518,https://github.com/Expensify/App/issues/50518,2024-10-09
50381,https://github.com/Expensify/App/issues/50381,Deploy Checklist: New Expensify 2024-10-09,50518,https://github.com/Expensify/App/issues/50518,2024-10-09
50382,https://github.com/Expensify/App/issues/50382,Deploy Checklist: New Expensify 2024-10-09,50518,https://github.com/Expensify/App/issues/50518,2024-10-09
50547,https://github.com/Expensify/App/issues/50547,Deploy Checklist: New Expensify 2024-10-09,50518,https://github.com/Expensify/App/issues/50518,2024-10-09
50548,https://github.com/Expensify/App/issues/50548,Deploy Checklist: New Expensify 2024-10-09,50518,https://github.com/Expensify/App/issues/50518,2024-10-09
50549,https://github.com/Expensify/App/issues/50549,Deploy Checklist: New Expensify 2024-10-09,50518,https://github.com/Expensify/App/issues/50518,2024-10-09
50550,https://github.com/Expensify/App/issues/50550,Deploy Checklist: New Expensify 2024-10-09,50518,https://github.com/Expensify/App/issues/50518,2024-10-09
50553,https://github.com/Expensify/App/issues/50553,Deploy Checklist: New Expensify 2024-10-09,50518,https://github.com/Expensify/App/issues/50518,2024-10-09
50555,https://github.com/Expensify/App/issues/50555,Deploy Checklist: New Expensify 2024-10-09,50518,https://github.com/Expensify/App/issues/50518,2024-10-09
50556,https://github.com/Expensify/App/issues/50556,Deploy Checklist: New Expensify 2024-10-09,50518,https://github.com/Expensify/App/issues/50518,2024-10-09
50560,https://github.com/Expensify/App/issues/50560,Deploy Checklist: New Expensify 2024-10-09,50518,https://github.com/Expensify/App/issues/50518,2024-10-09
50578,https://github.com/Expensify/App/issues/50578,Deploy Checklist: New Expensify 2024-10-09,50518,https://github.com/Expensify/App/issues/50518,2024-10-09
50373,https://github.com/Expensify/App/issues/50373,Deploy Checklist: New Expensify 2024-10-07,50366,https://github.com/Expensify/App/issues/50366,2024-10-07
50374,https://github.com/Expensify/App/issues/50374,Deploy Checklist: New Expensify 2024-10-07,50366,https://github.com/Expensify/App/issues/50366,2024-10-07
50375,https://github.com/Expensify/App/issues/50375,Deploy Checklist: New Expensify 2024-10-07,50366,https://github.com/Expensify/App/issues/50366,2024-10-07
50377,https://github.com/Expensify/App/issues/50377,Deploy Checklist: New Expensify 2024-10-07,50366,https://github.com/Expensify/App/issues/50366,2024-10-07
50379,https://github.com/Expensify/App/issues/50379,Deploy Checklist: New Expensify 2024-10-07,50366,https://github.com/Expensify/App/issues/50366,2024-10-07
50381,https://github.com/Expensify/App/issues/50381,Deploy Checklist: New Expensify 2024-10-07,50366,https://github.com/Expensify/App/issues/50366,2024-10-07
50382,https://github.com/Expensify/App/issues/50382,Deploy Checklist: New Expensify 2024-10-07,50366,https://github.com/Expensify/App/issues/50366,2024-10-07
50385,https://github.com/Expensify/App/issues/50385,Deploy Checklist: New Expensify 2024-10-07,50366,https://github.com/Expensify/App/issues/50366,2024-10-07
50390,https://github.com/Expensify/App/issues/50390,Deploy Checklist: New Expensify 2024-10-07,50366,https://github.com/Expensify/App/issues/50366,2024-10-07
50403,https://github.com/Expensify/App/issues/50403,Deploy Checklist: New Expensify 2024-10-07,50366,https://github.com/Expensify/App/issues/50366,2024-10-07
50422,https://github.com/Expensify/App/issues/50422,Deploy Checklist: New Expensify 2024-10-07,50366,https://github.com/Expensify/App/issues/50366,2024-10-07
50463,https://github.com/Expensify/App/issues/50463,Deploy Checklist: New Expensify 2024-10-07,50366,https://github.com/Expensify/App/issues/50366,2024-10-07
50471,https://github.com/Expensify/App/issues/50471,Deploy Checklist: New Expensify 2024-10-07,50366,https://github.com/Expensify/App/issues/50366,2024-10-07
50517,https://github.com/Expensify/App/issues/50517,Deploy Checklist: New Expensify 2024-10-07,50366,https://github.com/Expensify/App/issues/50366,2024-10-07
50141,https://github.com/Expensify/App/issues/50141,Deploy Checklist: New Expensify 2024-10-04,50274,https://github.com/Expensify/App/issues/50274,2024-10-04
50153,https://github.com/Expensify/App/issues/50153,Deploy Checklist: New Expensify 2024-10-04,50274,https://github.com/Expensify/App/issues/50274,2024-10-04
50212,https://github.com/Expensify/App/issues/50212,Deploy Checklist: New Expensify 2024-10-04,50274,https://github.com/Expensify/App/issues/50274,2024-10-04
50283,https://github.com/Expensify/App/issues/50283,Deploy Checklist: New Expensify 2024-10-04,50274,https://github.com/Expensify/App/issues/50274,2024-10-04
50284,https://github.com/Expensify/App/issues/50284,Deploy Checklist: New Expensify 2024-10-04,50274,https://github.com/Expensify/App/issues/50274,2024-10-04
50286,https://github.com/Expensify/App/issues/50286,Deploy Checklist: New Expensify 2024-10-04,50274,https://github.com/Expensify/App/issues/50274,2024-10-04
50296,https://github.com/Expensify/App/issues/50296,Deploy Checklist: New Expensify 2024-10-04,50274,https://github.com/Expensify/App/issues/50274,2024-10-04
50298,https://github.com/Expensify/App/issues/50298,Deploy Checklist: New Expensify 2024-10-04,50274,https://github.com/Expensify/App/issues/50274,2024-10-04
50299,https://github.com/Expensify/App/issues/50299,Deploy Checklist: New Expensify 2024-10-04,50274,https://github.com/Expensify/App/issues/50274,2024-10-04
50086,https://github.com/Expensify/App/issues/50086,Deploy Checklist: New Expensify 2024-10-03,50125,https://github.com/Expensify/App/issues/50125,2024-10-03
50141,https://github.com/Expensify/App/issues/50141,Deploy Checklist: New Expensify 2024-10-03,50125,https://github.com/Expensify/App/issues/50125,2024-10-03
50149,https://github.com/Expensify/App/issues/50149,Deploy Checklist: New Expensify 2024-10-03,50125,https://github.com/Expensify/App/issues/50125,2024-10-03
50150,https://github.com/Expensify/App/issues/50150,Deploy Checklist: New Expensify 2024-10-03,50125,https://github.com/Expensify/App/issues/50125,2024-10-03
50151,https://github.com/Expensify/App/issues/50151,Deploy Checklist: New Expensify 2024-10-03,50125,https://github.com/Expensify/App/issues/50125,2024-10-03
50153,https://github.com/Expensify/App/issues/50153,Deploy Checklist: New Expensify 2024-10-03,50125,https://github.com/Expensify/App/issues/50125,2024-10-03
50156,https://github.com/Expensify/App/issues/50156,Deploy Checklist: New Expensify 2024-10-03,50125,https://github.com/Expensify/App/issues/50125,2024-10-03
50159,https://github.com/Expensify/App/issues/50159,Deploy Checklist: New Expensify 2024-10-03,50125,https://github.com/Expensify/App/issues/50125,2024-10-03
50166,https://github.com/Expensify/App/issues/50166,Deploy Checklist: New Expensify 2024-10-03,50125,https://github.com/Expensify/App/issues/50125,2024-10-03
50170,https://github.com/Expensify/App/issues/50170,Deploy Checklist: New Expensify 2024-10-03,50125,https://github.com/Expensify/App/issues/50125,2024-10-03
50172,https://github.com/Expensify/App/issues/50172,Deploy Checklist: New Expensify 2024-10-03,50125,https://github.com/Expensify/App/issues/50125,2024-10-03
50176,https://github.com/Expensify/App/issues/50176,Deploy Checklist: New Expensify 2024-10-03,50125,https://github.com/Expensify/App/issues/50125,2024-10-03
50209,https://github.com/Expensify/App/issues/50209,Deploy Checklist: New Expensify 2024-10-03,50125,https://github.com/Expensify/App/issues/50125,2024-10-03
50212,https://github.com/Expensify/App/issues/50212,Deploy Checklist: New Expensify 2024-10-03,50125,https://github.com/Expensify/App/issues/50125,2024-10-03
50213,https://github.com/Expensify/App/issues/50213,Deploy Checklist: New Expensify 2024-10-03,50125,https://github.com/Expensify/App/issues/50125,2024-10-03
50214,https://github.com/Expensify/App/issues/50214,Deploy Checklist: New Expensify 2024-10-03,50125,https://github.com/Expensify/App/issues/50125,2024-10-03
50246,https://github.com/Expensify/App/issues/50246,Deploy Checklist: New Expensify 2024-10-03,50125,https://github.com/Expensify/App/issues/50125,2024-10-03
49977,https://github.com/Expensify/App/issues/49977,Deploy Checklist: New Expensify 2024-10-02,50030,https://github.com/Expensify/App/issues/50030,2024-10-02
50046,https://github.com/Expensify/App/issues/50046,Deploy Checklist: New Expensify 2024-10-02,50030,https://github.com/Expensify/App/issues/50030,2024-10-02
50048,https://github.com/Expensify/App/issues/50048,Deploy Checklist: New Expensify 2024-10-02,50030,https://github.com/Expensify/App/issues/50030,2024-10-02
50051,https://github.com/Expensify/App/issues/50051,Deploy Checklist: New Expensify 2024-10-02,50030,https://github.com/Expensify/App/issues/50030,2024-10-02
50056,https://github.com/Expensify/App/issues/50056,Deploy Checklist: New Expensify 2024-10-02,50030,https://github.com/Expensify/App/issues/50030,2024-10-02
50069,https://github.com/Expensify/App/issues/50069,Deploy Checklist: New Expensify 2024-10-02,50030,https://github.com/Expensify/App/issues/50030,2024-10-02
50077,https://github.com/Expensify/App/issues/50077,Deploy Checklist: New Expensify 2024-10-02,50030,https://github.com/Expensify/App/issues/50030,2024-10-02
50081,https://github.com/Expensify/App/issues/50081,Deploy Checklist: New Expensify 2024-10-02,50030,https://github.com/Expensify/App/issues/50030,2024-10-02
50083,https://github.com/Expensify/App/issues/50083,Deploy Checklist: New Expensify 2024-10-02,50030,https://github.com/Expensify/App/issues/50030,2024-10-02
50085,https://github.com/Expensify/App/issues/50085,Deploy Checklist: New Expensify 2024-10-02,50030,https://github.com/Expensify/App/issues/50030,2024-10-02
50086,https://github.com/Expensify/App/issues/50086,Deploy Checklist: New Expensify 2024-10-02,50030,https://github.com/Expensify/App/issues/50030,2024-10-02
50087,https://github.com/Expensify/App/issues/50087,Deploy Checklist: New Expensify 2024-10-02,50030,https://github.com/Expensify/App/issues/50030,2024-10-02
50090,https://github.com/Expensify/App/issues/50090,Deploy Checklist: New Expensify 2024-10-02,50030,https://github.com/Expensify/App/issues/50030,2024-10-02
50104,https://github.com/Expensify/App/issues/50104,Deploy Checklist: New Expensify 2024-10-02,50030,https://github.com/Expensify/App/issues/50030,2024-10-02
49973,https://github.com/Expensify/App/issues/49973,Deploy Checklist: New Expensify 2024-09-30,49960,https://github.com/Expensify/App/issues/49960,2024-09-30
49977,https://github.com/Expensify/App/issues/49977,Deploy Checklist: New Expensify 2024-09-30,49960,https://github.com/Expensify/App/issues/49960,2024-09-30
49979,https://github.com/Expensify/App/issues/49979,Deploy Checklist: New Expensify 2024-09-30,49960,https://github.com/Expensify/App/issues/49960,2024-09-30
49980,https://github.com/Expensify/App/issues/49980,Deploy Checklist: New Expensify 2024-09-30,49960,https://github.com/Expensify/App/issues/49960,2024-09-30
49981,https://github.com/Expensify/App/issues/49981,Deploy Checklist: New Expensify 2024-09-30,49960,https://github.com/Expensify/App/issues/49960,2024-09-30
49983,https://github.com/Expensify/App/issues/49983,Deploy Checklist: New Expensify 2024-09-30,49960,https://github.com/Expensify/App/issues/49960,2024-09-30
49990,https://github.com/Expensify/App/issues/49990,Deploy Checklist: New Expensify 2024-09-30,49960,https://github.com/Expensify/App/issues/49960,2024-09-30
49997,https://github.com/Expensify/App/issues/49997,Deploy Checklist: New Expensify 2024-09-30,49960,https://github.com/Expensify/App/issues/49960,2024-09-30
50000,https://github.com/Expensify/App/issues/50000,Deploy Checklist: New Expensify 2024-09-30,49960,https://github.com/Expensify/App/issues/49960,2024-09-30
50004,https://github.com/Expensify/App/issues/50004,Deploy Checklist: New Expensify 2024-09-30,49960,https://github.com/Expensify/App/issues/49960,2024-09-30
49514,https://github.com/Expensify/App/issues/49514,Deploy Checklist: New Expensify 2024-09-27,49855,https://github.com/Expensify/App/issues/49855,2024-09-27
49739,https://github.com/Expensify/App/issues/49739,Deploy Checklist: New Expensify 2024-09-27,49855,https://github.com/Expensify/App/issues/49855,2024-09-27
49798,https://github.com/Expensify/App/issues/49798,Deploy Checklist: New Expensify 2024-09-27,49855,https://github.com/Expensify/App/issues/49855,2024-09-27
49868,https://github.com/Expensify/App/issues/49868,Deploy Checklist: New Expensify 2024-09-27,49855,https://github.com/Expensify/App/issues/49855,2024-09-27
49869,https://github.com/Expensify/App/issues/49869,Deploy Checklist: New Expensify 2024-09-27,49855,https://github.com/Expensify/App/issues/49855,2024-09-27
49870,https://github.com/Expensify/App/issues/49870,Deploy Checklist: New Expensify 2024-09-27,49855,https://github.com/Expensify/App/issues/49855,2024-09-27
49872,https://github.com/Expensify/App/issues/49872,Deploy Checklist: New Expensify 2024-09-27,49855,https://github.com/Expensify/App/issues/49855,2024-09-27
49873,https://github.com/Expensify/App/issues/49873,Deploy Checklist: New Expensify 2024-09-27,49855,https://github.com/Expensify/App/issues/49855,2024-09-27
49880,https://github.com/Expensify/App/issues/49880,Deploy Checklist: New Expensify 2024-09-27,49855,https://github.com/Expensify/App/issues/49855,2024-09-27
49881,https://github.com/Expensify/App/issues/49881,Deploy Checklist: New Expensify 2024-09-27,49855,https://github.com/Expensify/App/issues/49855,2024-09-27
49883,https://github.com/Expensify/App/issues/49883,Deploy Checklist: New Expensify 2024-09-27,49855,https://github.com/Expensify/App/issues/49855,2024-09-27
49884,https://github.com/Expensify/App/issues/49884,Deploy Checklist: New Expensify 2024-09-27,49855,https://github.com/Expensify/App/issues/49855,2024-09-27
49885,https://github.com/Expensify/App/issues/49885,Deploy Checklist: New Expensify 2024-09-27,49855,https://github.com/Expensify/App/issues/49855,2024-09-27
49887,https://github.com/Expensify/App/issues/49887,Deploy Checklist: New Expensify 2024-09-27,49855,https://github.com/Expensify/App/issues/49855,2024-09-27
49888,https://github.com/Expensify/App/issues/49888,Deploy Checklist: New Expensify 2024-09-27,49855,https://github.com/Expensify/App/issues/49855,2024-09-27
49889,https://github.com/Expensify/App/issues/49889,Deploy Checklist: New Expensify 2024-09-27,49855,https://github.com/Expensify/App/issues/49855,2024-09-27
49890,https://github.com/Expensify/App/issues/49890,Deploy Checklist: New Expensify 2024-09-27,49855,https://github.com/Expensify/App/issues/49855,2024-09-27
49892,https://github.com/Expensify/App/issues/49892,Deploy Checklist: New Expensify 2024-09-27,49855,https://github.com/Expensify/App/issues/49855,2024-09-27
49899,https://github.com/Expensify/App/issues/49899,Deploy Checklist: New Expensify 2024-09-27,49855,https://github.com/Expensify/App/issues/49855,2024-09-27
49900,https://github.com/Expensify/App/issues/49900,Deploy Checklist: New Expensify 2024-09-27,49855,https://github.com/Expensify/App/issues/49855,2024-09-27
49901,https://github.com/Expensify/App/issues/49901,Deploy Checklist: New Expensify 2024-09-27,49855,https://github.com/Expensify/App/issues/49855,2024-09-27
49902,https://github.com/Expensify/App/issues/49902,Deploy Checklist: New Expensify 2024-09-27,49855,https://github.com/Expensify/App/issues/49855,2024-09-27
49923,https://github.com/Expensify/App/issues/49923,Deploy Checklist: New Expensify 2024-09-27,49855,https://github.com/Expensify/App/issues/49855,2024-09-27
49927,https://github.com/Expensify/App/issues/49927,Deploy Checklist: New Expensify 2024-09-27,49855,https://github.com/Expensify/App/issues/49855,2024-09-27
49944,https://github.com/Expensify/App/issues/49944,Deploy Checklist: New Expensify 2024-09-27,49855,https://github.com/Expensify/App/issues/49855,2024-09-27
49514,https://github.com/Expensify/App/issues/49514,Deploy Checklist: New Expensify 2024-09-24,49662,https://github.com/Expensify/App/issues/49662,2024-09-24
49738,https://github.com/Expensify/App/issues/49738,Deploy Checklist: New Expensify 2024-09-24,49662,https://github.com/Expensify/App/issues/49662,2024-09-24
49739,https://github.com/Expensify/App/issues/49739,Deploy Checklist: New Expensify 2024-09-24,49662,https://github.com/Expensify/App/issues/49662,2024-09-24
49741,https://github.com/Expensify/App/issues/49741,Deploy Checklist: New Expensify 2024-09-24,49662,https://github.com/Expensify/App/issues/49662,2024-09-24
49744,https://github.com/Expensify/App/issues/49744,Deploy Checklist: New Expensify 2024-09-24,49662,https://github.com/Expensify/App/issues/49662,2024-09-24
49746,https://github.com/Expensify/App/issues/49746,Deploy Checklist: New Expensify 2024-09-24,49662,https://github.com/Expensify/App/issues/49662,2024-09-24
49749,https://github.com/Expensify/App/issues/49749,Deploy Checklist: New Expensify 2024-09-24,49662,https://github.com/Expensify/App/issues/49662,2024-09-24
49751,https://github.com/Expensify/App/issues/49751,Deploy Checklist: New Expensify 2024-09-24,49662,https://github.com/Expensify/App/issues/49662,2024-09-24
49758,https://github.com/Expensify/App/issues/49758,Deploy Checklist: New Expensify 2024-09-24,49662,https://github.com/Expensify/App/issues/49662,2024-09-24
49797,https://github.com/Expensify/App/issues/49797,Deploy Checklist: New Expensify 2024-09-24,49662,https://github.com/Expensify/App/issues/49662,2024-09-24
49798,https://github.com/Expensify/App/issues/49798,Deploy Checklist: New Expensify 2024-09-24,49662,https://github.com/Expensify/App/issues/49662,2024-09-24
49514,https://github.com/Expensify/App/issues/49514,Deploy Checklist: New Expensify 2024-09-19,49505,https://github.com/Expensify/App/issues/49505,2024-09-19
49520,https://github.com/Expensify/App/issues/49520,Deploy Checklist: New Expensify 2024-09-19,49505,https://github.com/Expensify/App/issues/49505,2024-09-19
49522,https://github.com/Expensify/App/issues/49522,Deploy Checklist: New Expensify 2024-09-19,49505,https://github.com/Expensify/App/issues/49505,2024-09-19
49537,https://github.com/Expensify/App/issues/49537,Deploy Checklist: New Expensify 2024-09-19,49505,https://github.com/Expensify/App/issues/49505,2024-09-19
49543,https://github.com/Expensify/App/issues/49543,Deploy Checklist: New Expensify 2024-09-19,49505,https://github.com/Expensify/App/issues/49505,2024-09-19
49570,https://github.com/Expensify/App/issues/49570,Deploy Checklist: New Expensify 2024-09-19,49505,https://github.com/Expensify/App/issues/49505,2024-09-19
49368,https://github.com/Expensify/App/issues/49368,Deploy Checklist: New Expensify 2024-09-18,49427,https://github.com/Expensify/App/issues/49427,2024-09-18
49443,https://github.com/Expensify/App/issues/49443,Deploy Checklist: New Expensify 2024-09-18,49427,https://github.com/Expensify/App/issues/49427,2024-09-18
49447,https://github.com/Expensify/App/issues/49447,Deploy Checklist: New Expensify 2024-09-18,49427,https://github.com/Expensify/App/issues/49427,2024-09-18
49459,https://github.com/Expensify/App/issues/49459,Deploy Checklist: New Expensify 2024-09-18,49427,https://github.com/Expensify/App/issues/49427,2024-09-18
49461,https://github.com/Expensify/App/issues/49461,Deploy Checklist: New Expensify 2024-09-18,49427,https://github.com/Expensify/App/issues/49427,2024-09-18
49466,https://github.com/Expensify/App/issues/49466,Deploy Checklist: New Expensify 2024-09-18,49427,https://github.com/Expensify/App/issues/49427,2024-09-18
49483,https://github.com/Expensify/App/issues/49483,Deploy Checklist: New Expensify 2024-09-18,49427,https://github.com/Expensify/App/issues/49427,2024-09-18
49484,https://github.com/Expensify/App/issues/49484,Deploy Checklist: New Expensify 2024-09-18,49427,https://github.com/Expensify/App/issues/49427,2024-09-18
49485,https://github.com/Expensify/App/issues/49485,Deploy Checklist: New Expensify 2024-09-18,49427,https://github.com/Expensify/App/issues/49427,2024-09-18
49368,https://github.com/Expensify/App/issues/49368,Deploy Checklist: New Expensify 2024-09-17,49356,https://github.com/Expensify/App/issues/49356,2024-09-17
49371,https://github.com/Expensify/App/issues/49371,Deploy Checklist: New Expensify 2024-09-17,49356,https://github.com/Expensify/App/issues/49356,2024-09-17
49372,https://github.com/Expensify/App/issues/49372,Deploy Checklist: New Expensify 2024-09-17,49356,https://github.com/Expensify/App/issues/49356,2024-09-17
49374,https://github.com/Expensify/App/issues/49374,Deploy Checklist: New Expensify 2024-09-17,49356,https://github.com/Expensify/App/issues/49356,2024-09-17
49378,https://github.com/Expensify/App/issues/49378,Deploy Checklist: New Expensify 2024-09-17,49356,https://github.com/Expensify/App/issues/49356,2024-09-17
49383,https://github.com/Expensify/App/issues/49383,Deploy Checklist: New Expensify 2024-09-17,49356,https://github.com/Expensify/App/issues/49356,2024-09-17
49386,https://github.com/Expensify/App/issues/49386,Deploy Checklist: New Expensify 2024-09-17,49356,https://github.com/Expensify/App/issues/49356,2024-09-17
49392,https://github.com/Expensify/App/issues/49392,Deploy Checklist: New Expensify 2024-09-17,49356,https://github.com/Expensify/App/issues/49356,2024-09-17
49331,https://github.com/Expensify/App/issues/49331,Deploy Checklist: New Expensify 2024-09-16,49287,https://github.com/Expensify/App/issues/49287,2024-09-16
49349,https://github.com/Expensify/App/issues/49349,Deploy Checklist: New Expensify 2024-09-16,49287,https://github.com/Expensify/App/issues/49287,2024-09-16
49204,https://github.com/Expensify/App/issues/49204,Deploy Checklist: New Expensify 2024-09-13,49195,https://github.com/Expensify/App/issues/49195,2024-09-13
49205,https://github.com/Expensify/App/issues/49205,Deploy Checklist: New Expensify 2024-09-13,49195,https://github.com/Expensify/App/issues/49195,2024-09-13
49206,https://github.com/Expensify/App/issues/49206,Deploy Checklist: New Expensify 2024-09-13,49195,https://github.com/Expensify/App/issues/49195,2024-09-13
49207,https://github.com/Expensify/App/issues/49207,Deploy Checklist: New Expensify 2024-09-13,49195,https://github.com/Expensify/App/issues/49195,2024-09-13
49208,https://github.com/Expensify/App/issues/49208,Deploy Checklist: New Expensify 2024-09-13,49195,https://github.com/Expensify/App/issues/49195,2024-09-13
49210,https://github.com/Expensify/App/issues/49210,Deploy Checklist: New Expensify 2024-09-13,49195,https://github.com/Expensify/App/issues/49195,2024-09-13
49211,https://github.com/Expensify/App/issues/49211,Deploy Checklist: New Expensify 2024-09-13,49195,https://github.com/Expensify/App/issues/49195,2024-09-13
49212,https://github.com/Expensify/App/issues/49212,Deploy Checklist: New Expensify 2024-09-13,49195,https://github.com/Expensify/App/issues/49195,2024-09-13
49213,https://github.com/Expensify/App/issues/49213,Deploy Checklist: New Expensify 2024-09-13,49195,https://github.com/Expensify/App/issues/49195,2024-09-13
49215,https://github.com/Expensify/App/issues/49215,Deploy Checklist: New Expensify 2024-09-13,49195,https://github.com/Expensify/App/issues/49195,2024-09-13
49216,https://github.com/Expensify/App/issues/49216,Deploy Checklist: New Expensify 2024-09-13,49195,https://github.com/Expensify/App/issues/49195,2024-09-13
49217,https://github.com/Expensify/App/issues/49217,Deploy Checklist: New Expensify 2024-09-13,49195,https://github.com/Expensify/App/issues/49195,2024-09-13
49218,https://github.com/Expensify/App/issues/49218,Deploy Checklist: New Expensify 2024-09-13,49195,https://github.com/Expensify/App/issues/49195,2024-09-13
49219,https://github.com/Expensify/App/issues/49219,Deploy Checklist: New Expensify 2024-09-13,49195,https://github.com/Expensify/App/issues/49195,2024-09-13
49223,https://github.com/Expensify/App/issues/49223,Deploy Checklist: New Expensify 2024-09-13,49195,https://github.com/Expensify/App/issues/49195,2024-09-13
49227,https://github.com/Expensify/App/issues/49227,Deploy Checklist: New Expensify 2024-09-13,49195,https://github.com/Expensify/App/issues/49195,2024-09-13
49249,https://github.com/Expensify/App/issues/49249,Deploy Checklist: New Expensify 2024-09-13,49195,https://github.com/Expensify/App/issues/49195,2024-09-13
49257,https://github.com/Expensify/App/issues/49257,Deploy Checklist: New Expensify 2024-09-13,49195,https://github.com/Expensify/App/issues/49195,2024-09-13
49278,https://github.com/Expensify/App/issues/49278,Deploy Checklist: New Expensify 2024-09-13,49195,https://github.com/Expensify/App/issues/49195,2024-09-13
49282,https://github.com/Expensify/App/issues/49282,Deploy Checklist: New Expensify 2024-09-13,49195,https://github.com/Expensify/App/issues/49195,2024-09-13
49147,https://github.com/Expensify/App/issues/49147,Deploy Checklist: New Expensify 2024-09-12,49139,https://github.com/Expensify/App/issues/49139,2024-09-12
49149,https://github.com/Expensify/App/issues/49149,Deploy Checklist: New Expensify 2024-09-12,49139,https://github.com/Expensify/App/issues/49139,2024-09-12
49156,https://github.com/Expensify/App/issues/49156,Deploy Checklist: New Expensify 2024-09-12,49139,https://github.com/Expensify/App/issues/49139,2024-09-12
49157,https://github.com/Expensify/App/issues/49157,Deploy Checklist: New Expensify 2024-09-12,49139,https://github.com/Expensify/App/issues/49139,2024-09-12
49045,https://github.com/Expensify/App/issues/49045,Deploy Checklist: New Expensify 2024-09-11,49025,https://github.com/Expensify/App/issues/49025,2024-09-11
49046,https://github.com/Expensify/App/issues/49046,Deploy Checklist: New Expensify 2024-09-11,49025,https://github.com/Expensify/App/issues/49025,2024-09-11
49047,https://github.com/Expensify/App/issues/49047,Deploy Checklist: New Expensify 2024-09-11,49025,https://github.com/Expensify/App/issues/49025,2024-09-11
49048,https://github.com/Expensify/App/issues/49048,Deploy Checklist: New Expensify 2024-09-11,49025,https://github.com/Expensify/App/issues/49025,2024-09-11
49050,https://github.com/Expensify/App/issues/49050,Deploy Checklist: New Expensify 2024-09-11,49025,https://github.com/Expensify/App/issues/49025,2024-09-11
49052,https://github.com/Expensify/App/issues/49052,Deploy Checklist: New Expensify 2024-09-11,49025,https://github.com/Expensify/App/issues/49025,2024-09-11
49055,https://github.com/Expensify/App/issues/49055,Deploy Checklist: New Expensify 2024-09-11,49025,https://github.com/Expensify/App/issues/49025,2024-09-11
49057,https://github.com/Expensify/App/issues/49057,Deploy Checklist: New Expensify 2024-09-11,49025,https://github.com/Expensify/App/issues/49025,2024-09-11
49066,https://github.com/Expensify/App/issues/49066,Deploy Checklist: New Expensify 2024-09-11,49025,https://github.com/Expensify/App/issues/49025,2024-09-11
49091,https://github.com/Expensify/App/issues/49091,Deploy Checklist: New Expensify 2024-09-11,49025,https://github.com/Expensify/App/issues/49025,2024-09-11
49093,https://github.com/Expensify/App/issues/49093,Deploy Checklist: New Expensify 2024-09-11,49025,https://github.com/Expensify/App/issues/49025,2024-09-11
49094,https://github.com/Expensify/App/issues/49094,Deploy Checklist: New Expensify 2024-09-11,49025,https://github.com/Expensify/App/issues/49025,2024-09-11
49097,https://github.com/Expensify/App/issues/49097,Deploy Checklist: New Expensify 2024-09-11,49025,https://github.com/Expensify/App/issues/49025,2024-09-11
49100,https://github.com/Expensify/App/issues/49100,Deploy Checklist: New Expensify 2024-09-11,49025,https://github.com/Expensify/App/issues/49025,2024-09-11
48960,https://github.com/Expensify/App/issues/48960,Deploy Checklist: New Expensify 2024-09-11,48954,https://github.com/Expensify/App/issues/48954,2024-09-11
48964,https://github.com/Expensify/App/issues/48964,Deploy Checklist: New Expensify 2024-09-11,48954,https://github.com/Expensify/App/issues/48954,2024-09-11
48965,https://github.com/Expensify/App/issues/48965,Deploy Checklist: New Expensify 2024-09-11,48954,https://github.com/Expensify/App/issues/48954,2024-09-11
48966,https://github.com/Expensify/App/issues/48966,Deploy Checklist: New Expensify 2024-09-11,48954,https://github.com/Expensify/App/issues/48954,2024-09-11
48967,https://github.com/Expensify/App/issues/48967,Deploy Checklist: New Expensify 2024-09-11,48954,https://github.com/Expensify/App/issues/48954,2024-09-11
48969,https://github.com/Expensify/App/issues/48969,Deploy Checklist: New Expensify 2024-09-11,48954,https://github.com/Expensify/App/issues/48954,2024-09-11
48971,https://github.com/Expensify/App/issues/48971,Deploy Checklist: New Expensify 2024-09-11,48954,https://github.com/Expensify/App/issues/48954,2024-09-11
48985,https://github.com/Expensify/App/issues/48985,Deploy Checklist: New Expensify 2024-09-11,48954,https://github.com/Expensify/App/issues/48954,2024-09-11
49009,https://github.com/Expensify/App/issues/49009,Deploy Checklist: New Expensify 2024-09-11,48954,https://github.com/Expensify/App/issues/48954,2024-09-11
49022,https://github.com/Expensify/App/issues/49022,Deploy Checklist: New Expensify 2024-09-11,48954,https://github.com/Expensify/App/issues/48954,2024-09-11
48799,https://github.com/Expensify/App/issues/48799,Deploy Checklist: New Expensify 2024-09-09,48791,https://github.com/Expensify/App/issues/48791,2024-09-09
48801,https://github.com/Expensify/App/issues/48801,Deploy Checklist: New Expensify 2024-09-09,48791,https://github.com/Expensify/App/issues/48791,2024-09-09
48803,https://github.com/Expensify/App/issues/48803,Deploy Checklist: New Expensify 2024-09-09,48791,https://github.com/Expensify/App/issues/48791,2024-09-09
48808,https://github.com/Expensify/App/issues/48808,Deploy Checklist: New Expensify 2024-09-09,48791,https://github.com/Expensify/App/issues/48791,2024-09-09
48810,https://github.com/Expensify/App/issues/48810,Deploy Checklist: New Expensify 2024-09-09,48791,https://github.com/Expensify/App/issues/48791,2024-09-09
48817,https://github.com/Expensify/App/issues/48817,Deploy Checklist: New Expensify 2024-09-09,48791,https://github.com/Expensify/App/issues/48791,2024-09-09
48821,https://github.com/Expensify/App/issues/48821,Deploy Checklist: New Expensify 2024-09-09,48791,https://github.com/Expensify/App/issues/48791,2024-09-09
48831,https://github.com/Expensify/App/issues/48831,Deploy Checklist: New Expensify 2024-09-09,48791,https://github.com/Expensify/App/issues/48791,2024-09-09
48833,https://github.com/Expensify/App/issues/48833,Deploy Checklist: New Expensify 2024-09-09,48791,https://github.com/Expensify/App/issues/48791,2024-09-09
48834,https://github.com/Expensify/App/issues/48834,Deploy Checklist: New Expensify 2024-09-09,48791,https://github.com/Expensify/App/issues/48791,2024-09-09
48835,https://github.com/Expensify/App/issues/48835,Deploy Checklist: New Expensify 2024-09-09,48791,https://github.com/Expensify/App/issues/48791,2024-09-09
48847,https://github.com/Expensify/App/issues/48847,Deploy Checklist: New Expensify 2024-09-09,48791,https://github.com/Expensify/App/issues/48791,2024-09-09
48864,https://github.com/Expensify/App/issues/48864,Deploy Checklist: New Expensify 2024-09-09,48791,https://github.com/Expensify/App/issues/48791,2024-09-09
48865,https://github.com/Expensify/App/issues/48865,Deploy Checklist: New Expensify 2024-09-09,48791,https://github.com/Expensify/App/issues/48791,2024-09-09
48866,https://github.com/Expensify/App/issues/48866,Deploy Checklist: New Expensify 2024-09-09,48791,https://github.com/Expensify/App/issues/48791,2024-09-09
48867,https://github.com/Expensify/App/issues/48867,Deploy Checklist: New Expensify 2024-09-09,48791,https://github.com/Expensify/App/issues/48791,2024-09-09
48868,https://github.com/Expensify/App/issues/48868,Deploy Checklist: New Expensify 2024-09-09,48791,https://github.com/Expensify/App/issues/48791,2024-09-09
48869,https://github.com/Expensify/App/issues/48869,Deploy Checklist: New Expensify 2024-09-09,48791,https://github.com/Expensify/App/issues/48791,2024-09-09
48873,https://github.com/Expensify/App/issues/48873,Deploy Checklist: New Expensify 2024-09-09,48791,https://github.com/Expensify/App/issues/48791,2024-09-09
48875,https://github.com/Expensify/App/issues/48875,Deploy Checklist: New Expensify 2024-09-09,48791,https://github.com/Expensify/App/issues/48791,2024-09-09
48879,https://github.com/Expensify/App/issues/48879,Deploy Checklist: New Expensify 2024-09-09,48791,https://github.com/Expensify/App/issues/48791,2024-09-09
48882,https://github.com/Expensify/App/issues/48882,Deploy Checklist: New Expensify 2024-09-09,48791,https://github.com/Expensify/App/issues/48791,2024-09-09
48883,https://github.com/Expensify/App/issues/48883,Deploy Checklist: New Expensify 2024-09-09,48791,https://github.com/Expensify/App/issues/48791,2024-09-09
48886,https://github.com/Expensify/App/issues/48886,Deploy Checklist: New Expensify 2024-09-09,48791,https://github.com/Expensify/App/issues/48791,2024-09-09
48894,https://github.com/Expensify/App/issues/48894,Deploy Checklist: New Expensify 2024-09-09,48791,https://github.com/Expensify/App/issues/48791,2024-09-09
48902,https://github.com/Expensify/App/issues/48902,Deploy Checklist: New Expensify 2024-09-09,48791,https://github.com/Expensify/App/issues/48791,2024-09-09
48910,https://github.com/Expensify/App/issues/48910,Deploy Checklist: New Expensify 2024-09-09,48791,https://github.com/Expensify/App/issues/48791,2024-09-09
48916,https://github.com/Expensify/App/issues/48916,Deploy Checklist: New Expensify 2024-09-09,48791,https://github.com/Expensify/App/issues/48791,2024-09-09
48674,https://github.com/Expensify/App/issues/48674,Deploy Checklist: New Expensify 2024-09-05,48664,https://github.com/Expensify/App/issues/48664,2024-09-05
48675,https://github.com/Expensify/App/issues/48675,Deploy Checklist: New Expensify 2024-09-05,48664,https://github.com/Expensify/App/issues/48664,2024-09-05
48676,https://github.com/Expensify/App/issues/48676,Deploy Checklist: New Expensify 2024-09-05,48664,https://github.com/Expensify/App/issues/48664,2024-09-05
48677,https://github.com/Expensify/App/issues/48677,Deploy Checklist: New Expensify 2024-09-05,48664,https://github.com/Expensify/App/issues/48664,2024-09-05
48678,https://github.com/Expensify/App/issues/48678,Deploy Checklist: New Expensify 2024-09-05,48664,https://github.com/Expensify/App/issues/48664,2024-09-05
48682,https://github.com/Expensify/App/issues/48682,Deploy Checklist: New Expensify 2024-09-05,48664,https://github.com/Expensify/App/issues/48664,2024-09-05
48686,https://github.com/Expensify/App/issues/48686,Deploy Checklist: New Expensify 2024-09-05,48664,https://github.com/Expensify/App/issues/48664,2024-09-05
48690,https://github.com/Expensify/App/issues/48690,Deploy Checklist: New Expensify 2024-09-05,48664,https://github.com/Expensify/App/issues/48664,2024-09-05
48724,https://github.com/Expensify/App/issues/48724,Deploy Checklist: New Expensify 2024-09-05,48664,https://github.com/Expensify/App/issues/48664,2024-09-05
48741,https://github.com/Expensify/App/issues/48741,Deploy Checklist: New Expensify 2024-09-05,48664,https://github.com/Expensify/App/issues/48664,2024-09-05
48763,https://github.com/Expensify/App/issues/48763,Deploy Checklist: New Expensify 2024-09-05,48664,https://github.com/Expensify/App/issues/48664,2024-09-05
48528,https://github.com/Expensify/App/issues/48528,Deploy Checklist: New Expensify 2024-09-03,48515,https://github.com/Expensify/App/issues/48515,2024-09-03
48530,https://github.com/Expensify/App/issues/48530,Deploy Checklist: New Expensify 2024-09-03,48515,https://github.com/Expensify/App/issues/48515,2024-09-03
48531,https://github.com/Expensify/App/issues/48531,Deploy Checklist: New Expensify 2024-09-03,48515,https://github.com/Expensify/App/issues/48515,2024-09-03
48533,https://github.com/Expensify/App/issues/48533,Deploy Checklist: New Expensify 2024-09-03,48515,https://github.com/Expensify/App/issues/48515,2024-09-03
48535,https://github.com/Expensify/App/issues/48535,Deploy Checklist: New Expensify 2024-09-03,48515,https://github.com/Expensify/App/issues/48515,2024-09-03
48536,https://github.com/Expensify/App/issues/48536,Deploy Checklist: New Expensify 2024-09-03,48515,https://github.com/Expensify/App/issues/48515,2024-09-03
48540,https://github.com/Expensify/App/issues/48540,Deploy Checklist: New Expensify 2024-09-03,48515,https://github.com/Expensify/App/issues/48515,2024-09-03
48542,https://github.com/Expensify/App/issues/48542,Deploy Checklist: New Expensify 2024-09-03,48515,https://github.com/Expensify/App/issues/48515,2024-09-03
48543,https://github.com/Expensify/App/issues/48543,Deploy Checklist: New Expensify 2024-09-03,48515,https://github.com/Expensify/App/issues/48515,2024-09-03
48544,https://github.com/Expensify/App/issues/48544,Deploy Checklist: New Expensify 2024-09-03,48515,https://github.com/Expensify/App/issues/48515,2024-09-03
48548,https://github.com/Expensify/App/issues/48548,Deploy Checklist: New Expensify 2024-09-03,48515,https://github.com/Expensify/App/issues/48515,2024-09-03
48549,https://github.com/Expensify/App/issues/48549,Deploy Checklist: New Expensify 2024-09-03,48515,https://github.com/Expensify/App/issues/48515,2024-09-03
48550,https://github.com/Expensify/App/issues/48550,Deploy Checklist: New Expensify 2024-09-03,48515,https://github.com/Expensify/App/issues/48515,2024-09-03
48554,https://github.com/Expensify/App/issues/48554,Deploy Checklist: New Expensify 2024-09-03,48515,https://github.com/Expensify/App/issues/48515,2024-09-03
48560,https://github.com/Expensify/App/issues/48560,Deploy Checklist: New Expensify 2024-09-03,48515,https://github.com/Expensify/App/issues/48515,2024-09-03
48563,https://github.com/Expensify/App/issues/48563,Deploy Checklist: New Expensify 2024-09-03,48515,https://github.com/Expensify/App/issues/48515,2024-09-03
48565,https://github.com/Expensify/App/issues/48565,Deploy Checklist: New Expensify 2024-09-03,48515,https://github.com/Expensify/App/issues/48515,2024-09-03
48580,https://github.com/Expensify/App/issues/48580,Deploy Checklist: New Expensify 2024-09-03,48515,https://github.com/Expensify/App/issues/48515,2024-09-03
48587,https://github.com/Expensify/App/issues/48587,Deploy Checklist: New Expensify 2024-09-03,48515,https://github.com/Expensify/App/issues/48515,2024-09-03
48644,https://github.com/Expensify/App/issues/48644,Deploy Checklist: New Expensify 2024-09-03,48515,https://github.com/Expensify/App/issues/48515,2024-09-03
48659,https://github.com/Expensify/App/issues/48659,Deploy Checklist: New Expensify 2024-09-03,48515,https://github.com/Expensify/App/issues/48515,2024-09-03
48447,https://github.com/Expensify/App/issues/48447,Deploy Checklist: New Expensify 2024-09-02,48438,https://github.com/Expensify/App/issues/48438,2024-09-02
48450,https://github.com/Expensify/App/issues/48450,Deploy Checklist: New Expensify 2024-09-02,48438,https://github.com/Expensify/App/issues/48438,2024-09-02
48452,https://github.com/Expensify/App/issues/48452,Deploy Checklist: New Expensify 2024-09-02,48438,https://github.com/Expensify/App/issues/48438,2024-09-02
48459,https://github.com/Expensify/App/issues/48459,Deploy Checklist: New Expensify 2024-09-02,48438,https://github.com/Expensify/App/issues/48438,2024-09-02
48460,https://github.com/Expensify/App/issues/48460,Deploy Checklist: New Expensify 2024-09-02,48438,https://github.com/Expensify/App/issues/48438,2024-09-02
48461,https://github.com/Expensify/App/issues/48461,Deploy Checklist: New Expensify 2024-09-02,48438,https://github.com/Expensify/App/issues/48438,2024-09-02
48463,https://github.com/Expensify/App/issues/48463,Deploy Checklist: New Expensify 2024-09-02,48438,https://github.com/Expensify/App/issues/48438,2024-09-02
48498,https://github.com/Expensify/App/issues/48498,Deploy Checklist: New Expensify 2024-09-02,48438,https://github.com/Expensify/App/issues/48438,2024-09-02
48501,https://github.com/Expensify/App/issues/48501,Deploy Checklist: New Expensify 2024-09-02,48438,https://github.com/Expensify/App/issues/48438,2024-09-02
48366,https://github.com/Expensify/App/issues/48366,Deploy Checklist: New Expensify 2024-08-30,48360,https://github.com/Expensify/App/issues/48360,2024-08-30
48369,https://github.com/Expensify/App/issues/48369,Deploy Checklist: New Expensify 2024-08-30,48360,https://github.com/Expensify/App/issues/48360,2024-08-30
48376,https://github.com/Expensify/App/issues/48376,Deploy Checklist: New Expensify 2024-08-30,48360,https://github.com/Expensify/App/issues/48360,2024-08-30
48378,https://github.com/Expensify/App/issues/48378,Deploy Checklist: New Expensify 2024-08-30,48360,https://github.com/Expensify/App/issues/48360,2024-08-30
48118,https://github.com/Expensify/App/issues/48118,Deploy Checklist: New Expensify 2024-08-28,48221,https://github.com/Expensify/App/issues/48221,2024-08-28
48159,https://github.com/Expensify/App/issues/48159,Deploy Checklist: New Expensify 2024-08-28,48221,https://github.com/Expensify/App/issues/48221,2024-08-28
48190,https://github.com/Expensify/App/issues/48190,Deploy Checklist: New Expensify 2024-08-28,48221,https://github.com/Expensify/App/issues/48221,2024-08-28
48195,https://github.com/Expensify/App/issues/48195,Deploy Checklist: New Expensify 2024-08-28,48221,https://github.com/Expensify/App/issues/48221,2024-08-28
48197,https://github.com/Expensify/App/issues/48197,Deploy Checklist: New Expensify 2024-08-28,48221,https://github.com/Expensify/App/issues/48221,2024-08-28
48199,https://github.com/Expensify/App/issues/48199,Deploy Checklist: New Expensify 2024-08-28,48221,https://github.com/Expensify/App/issues/48221,2024-08-28
48240,https://github.com/Expensify/App/issues/48240,Deploy Checklist: New Expensify 2024-08-28,48221,https://github.com/Expensify/App/issues/48221,2024-08-28
48242,https://github.com/Expensify/App/issues/48242,Deploy Checklist: New Expensify 2024-08-28,48221,https://github.com/Expensify/App/issues/48221,2024-08-28
48244,https://github.com/Expensify/App/issues/48244,Deploy Checklist: New Expensify 2024-08-28,48221,https://github.com/Expensify/App/issues/48221,2024-08-28
48245,https://github.com/Expensify/App/issues/48245,Deploy Checklist: New Expensify 2024-08-28,48221,https://github.com/Expensify/App/issues/48221,2024-08-28
48246,https://github.com/Expensify/App/issues/48246,Deploy Checklist: New Expensify 2024-08-28,48221,https://github.com/Expensify/App/issues/48221,2024-08-28
48247,https://github.com/Expensify/App/issues/48247,Deploy Checklist: New Expensify 2024-08-28,48221,https://github.com/Expensify/App/issues/48221,2024-08-28
48248,https://github.com/Expensify/App/issues/48248,Deploy Checklist: New Expensify 2024-08-28,48221,https://github.com/Expensify/App/issues/48221,2024-08-28
48249,https://github.com/Expensify/App/issues/48249,Deploy Checklist: New Expensify 2024-08-28,48221,https://github.com/Expensify/App/issues/48221,2024-08-28
48250,https://github.com/Expensify/App/issues/48250,Deploy Checklist: New Expensify 2024-08-28,48221,https://github.com/Expensify/App/issues/48221,2024-08-28
48252,https://github.com/Expensify/App/issues/48252,Deploy Checklist: New Expensify 2024-08-28,48221,https://github.com/Expensify/App/issues/48221,2024-08-28
48253,https://github.com/Expensify/App/issues/48253,Deploy Checklist: New Expensify 2024-08-28,48221,https://github.com/Expensify/App/issues/48221,2024-08-28
48254,https://github.com/Expensify/App/issues/48254,Deploy Checklist: New Expensify 2024-08-28,48221,https://github.com/Expensify/App/issues/48221,2024-08-28
48259,https://github.com/Expensify/App/issues/48259,Deploy Checklist: New Expensify 2024-08-28,48221,https://github.com/Expensify/App/issues/48221,2024-08-28
48261,https://github.com/Expensify/App/issues/48261,Deploy Checklist: New Expensify 2024-08-28,48221,https://github.com/Expensify/App/issues/48221,2024-08-28
48262,https://github.com/Expensify/App/issues/48262,Deploy Checklist: New Expensify 2024-08-28,48221,https://github.com/Expensify/App/issues/48221,2024-08-28
48263,https://github.com/Expensify/App/issues/48263,Deploy Checklist: New Expensify 2024-08-28,48221,https://github.com/Expensify/App/issues/48221,2024-08-28
48266,https://github.com/Expensify/App/issues/48266,Deploy Checklist: New Expensify 2024-08-28,48221,https://github.com/Expensify/App/issues/48221,2024-08-28
48284,https://github.com/Expensify/App/issues/48284,Deploy Checklist: New Expensify 2024-08-28,48221,https://github.com/Expensify/App/issues/48221,2024-08-28
48296,https://github.com/Expensify/App/issues/48296,Deploy Checklist: New Expensify 2024-08-28,48221,https://github.com/Expensify/App/issues/48221,2024-08-28
48298,https://github.com/Expensify/App/issues/48298,Deploy Checklist: New Expensify 2024-08-28,48221,https://github.com/Expensify/App/issues/48221,2024-08-28
48356,https://github.com/Expensify/App/issues/48356,Deploy Checklist: New Expensify 2024-08-28,48221,https://github.com/Expensify/App/issues/48221,2024-08-28
48049,https://github.com/Expensify/App/issues/48049,Deploy Checklist: New Expensify 2024-08-26,48035,https://github.com/Expensify/App/issues/48035,2024-08-26
48050,https://github.com/Expensify/App/issues/48050,Deploy Checklist: New Expensify 2024-08-26,48035,https://github.com/Expensify/App/issues/48035,2024-08-26
48051,https://github.com/Expensify/App/issues/48051,Deploy Checklist: New Expensify 2024-08-26,48035,https://github.com/Expensify/App/issues/48035,2024-08-26
48052,https://github.com/Expensify/App/issues/48052,Deploy Checklist: New Expensify 2024-08-26,48035,https://github.com/Expensify/App/issues/48035,2024-08-26
48054,https://github.com/Expensify/App/issues/48054,Deploy Checklist: New Expensify 2024-08-26,48035,https://github.com/Expensify/App/issues/48035,2024-08-26
48058,https://github.com/Expensify/App/issues/48058,Deploy Checklist: New Expensify 2024-08-26,48035,https://github.com/Expensify/App/issues/48035,2024-08-26
48059,https://github.com/Expensify/App/issues/48059,Deploy Checklist: New Expensify 2024-08-26,48035,https://github.com/Expensify/App/issues/48035,2024-08-26
48061,https://github.com/Expensify/App/issues/48061,Deploy Checklist: New Expensify 2024-08-26,48035,https://github.com/Expensify/App/issues/48035,2024-08-26
48063,https://github.com/Expensify/App/issues/48063,Deploy Checklist: New Expensify 2024-08-26,48035,https://github.com/Expensify/App/issues/48035,2024-08-26
48069,https://github.com/Expensify/App/issues/48069,Deploy Checklist: New Expensify 2024-08-26,48035,https://github.com/Expensify/App/issues/48035,2024-08-26
48070,https://github.com/Expensify/App/issues/48070,Deploy Checklist: New Expensify 2024-08-26,48035,https://github.com/Expensify/App/issues/48035,2024-08-26
48072,https://github.com/Expensify/App/issues/48072,Deploy Checklist: New Expensify 2024-08-26,48035,https://github.com/Expensify/App/issues/48035,2024-08-26
48076,https://github.com/Expensify/App/issues/48076,Deploy Checklist: New Expensify 2024-08-26,48035,https://github.com/Expensify/App/issues/48035,2024-08-26
48083,https://github.com/Expensify/App/issues/48083,Deploy Checklist: New Expensify 2024-08-26,48035,https://github.com/Expensify/App/issues/48035,2024-08-26
48084,https://github.com/Expensify/App/issues/48084,Deploy Checklist: New Expensify 2024-08-26,48035,https://github.com/Expensify/App/issues/48035,2024-08-26
48088,https://github.com/Expensify/App/issues/48088,Deploy Checklist: New Expensify 2024-08-26,48035,https://github.com/Expensify/App/issues/48035,2024-08-26
48089,https://github.com/Expensify/App/issues/48089,Deploy Checklist: New Expensify 2024-08-26,48035,https://github.com/Expensify/App/issues/48035,2024-08-26
48100,https://github.com/Expensify/App/issues/48100,Deploy Checklist: New Expensify 2024-08-26,48035,https://github.com/Expensify/App/issues/48035,2024-08-26
48103,https://github.com/Expensify/App/issues/48103,Deploy Checklist: New Expensify 2024-08-26,48035,https://github.com/Expensify/App/issues/48035,2024-08-26
48106,https://github.com/Expensify/App/issues/48106,Deploy Checklist: New Expensify 2024-08-26,48035,https://github.com/Expensify/App/issues/48035,2024-08-26
48118,https://github.com/Expensify/App/issues/48118,Deploy Checklist: New Expensify 2024-08-26,48035,https://github.com/Expensify/App/issues/48035,2024-08-26
48120,https://github.com/Expensify/App/issues/48120,Deploy Checklist: New Expensify 2024-08-26,48035,https://github.com/Expensify/App/issues/48035,2024-08-26
48122,https://github.com/Expensify/App/issues/48122,Deploy Checklist: New Expensify 2024-08-26,48035,https://github.com/Expensify/App/issues/48035,2024-08-26
48152,https://github.com/Expensify/App/issues/48152,Deploy Checklist: New Expensify 2024-08-26,48035,https://github.com/Expensify/App/issues/48035,2024-08-26
48157,https://github.com/Expensify/App/issues/48157,Deploy Checklist: New Expensify 2024-08-26,48035,https://github.com/Expensify/App/issues/48035,2024-08-26
48161,https://github.com/Expensify/App/issues/48161,Deploy Checklist: New Expensify 2024-08-26,48035,https://github.com/Expensify/App/issues/48035,2024-08-26
48167,https://github.com/Expensify/App/issues/48167,Deploy Checklist: New Expensify 2024-08-26,48035,https://github.com/Expensify/App/issues/48035,2024-08-26
48170,https://github.com/Expensify/App/issues/48170,Deploy Checklist: New Expensify 2024-08-26,48035,https://github.com/Expensify/App/issues/48035,2024-08-26
48190,https://github.com/Expensify/App/issues/48190,Deploy Checklist: New Expensify 2024-08-26,48035,https://github.com/Expensify/App/issues/48035,2024-08-26
48195,https://github.com/Expensify/App/issues/48195,Deploy Checklist: New Expensify 2024-08-26,48035,https://github.com/Expensify/App/issues/48035,2024-08-26
48199,https://github.com/Expensify/App/issues/48199,Deploy Checklist: New Expensify 2024-08-26,48035,https://github.com/Expensify/App/issues/48035,2024-08-26
47876,https://github.com/Expensify/App/issues/47876,Deploy Checklist: New Expensify 2024-08-22,47873,https://github.com/Expensify/App/issues/47873,2024-08-22
47878,https://github.com/Expensify/App/issues/47878,Deploy Checklist: New Expensify 2024-08-22,47873,https://github.com/Expensify/App/issues/47873,2024-08-22
47879,https://github.com/Expensify/App/issues/47879,Deploy Checklist: New Expensify 2024-08-22,47873,https://github.com/Expensify/App/issues/47873,2024-08-22
47896,https://github.com/Expensify/App/issues/47896,Deploy Checklist: New Expensify 2024-08-22,47873,https://github.com/Expensify/App/issues/47873,2024-08-22
47897,https://github.com/Expensify/App/issues/47897,Deploy Checklist: New Expensify 2024-08-22,47873,https://github.com/Expensify/App/issues/47873,2024-08-22
47903,https://github.com/Expensify/App/issues/47903,Deploy Checklist: New Expensify 2024-08-22,47873,https://github.com/Expensify/App/issues/47873,2024-08-22
47914,https://github.com/Expensify/App/issues/47914,Deploy Checklist: New Expensify 2024-08-22,47873,https://github.com/Expensify/App/issues/47873,2024-08-22
47915,https://github.com/Expensify/App/issues/47915,Deploy Checklist: New Expensify 2024-08-22,47873,https://github.com/Expensify/App/issues/47873,2024-08-22
47925,https://github.com/Expensify/App/issues/47925,Deploy Checklist: New Expensify 2024-08-22,47873,https://github.com/Expensify/App/issues/47873,2024-08-22
47972,https://github.com/Expensify/App/issues/47972,Deploy Checklist: New Expensify 2024-08-22,47873,https://github.com/Expensify/App/issues/47873,2024-08-22
47814,https://github.com/Expensify/App/issues/47814,Deploy Checklist: New Expensify 2024-08-20,47760,https://github.com/Expensify/App/issues/47760,2024-08-20
47855,https://github.com/Expensify/App/issues/47855,Deploy Checklist: New Expensify 2024-08-20,47760,https://github.com/Expensify/App/issues/47760,2024-08-20
47652,https://github.com/Expensify/App/issues/47652,Deploy Checklist: New Expensify 2024-08-19,47639,https://github.com/Expensify/App/issues/47639,2024-08-19
47656,https://github.com/Expensify/App/issues/47656,Deploy Checklist: New Expensify 2024-08-19,47639,https://github.com/Expensify/App/issues/47639,2024-08-19
47659,https://github.com/Expensify/App/issues/47659,Deploy Checklist: New Expensify 2024-08-19,47639,https://github.com/Expensify/App/issues/47639,2024-08-19
47662,https://github.com/Expensify/App/issues/47662,Deploy Checklist: New Expensify 2024-08-19,47639,https://github.com/Expensify/App/issues/47639,2024-08-19
47670,https://github.com/Expensify/App/issues/47670,Deploy Checklist: New Expensify 2024-08-19,47639,https://github.com/Expensify/App/issues/47639,2024-08-19
47671,https://github.com/Expensify/App/issues/47671,Deploy Checklist: New Expensify 2024-08-19,47639,https://github.com/Expensify/App/issues/47639,2024-08-19
47672,https://github.com/Expensify/App/issues/47672,Deploy Checklist: New Expensify 2024-08-19,47639,https://github.com/Expensify/App/issues/47639,2024-08-19
47674,https://github.com/Expensify/App/issues/47674,Deploy Checklist: New Expensify 2024-08-19,47639,https://github.com/Expensify/App/issues/47639,2024-08-19
47679,https://github.com/Expensify/App/issues/47679,Deploy Checklist: New Expensify 2024-08-19,47639,https://github.com/Expensify/App/issues/47639,2024-08-19
47680,https://github.com/Expensify/App/issues/47680,Deploy Checklist: New Expensify 2024-08-19,47639,https://github.com/Expensify/App/issues/47639,2024-08-19
47684,https://github.com/Expensify/App/issues/47684,Deploy Checklist: New Expensify 2024-08-19,47639,https://github.com/Expensify/App/issues/47639,2024-08-19
47717,https://github.com/Expensify/App/issues/47717,Deploy Checklist: New Expensify 2024-08-19,47639,https://github.com/Expensify/App/issues/47639,2024-08-19
47741,https://github.com/Expensify/App/issues/47741,Deploy Checklist: New Expensify 2024-08-19,47639,https://github.com/Expensify/App/issues/47639,2024-08-19
47746,https://github.com/Expensify/App/issues/47746,Deploy Checklist: New Expensify 2024-08-19,47639,https://github.com/Expensify/App/issues/47639,2024-08-19
47752,https://github.com/Expensify/App/issues/47752,Deploy Checklist: New Expensify 2024-08-19,47639,https://github.com/Expensify/App/issues/47639,2024-08-19
47524,https://github.com/Expensify/App/issues/47524,Deploy Checklist: New Expensify 2024-08-15,47512,https://github.com/Expensify/App/issues/47512,2024-08-15
47525,https://github.com/Expensify/App/issues/47525,Deploy Checklist: New Expensify 2024-08-15,47512,https://github.com/Expensify/App/issues/47512,2024-08-15
47537,https://github.com/Expensify/App/issues/47537,Deploy Checklist: New Expensify 2024-08-15,47512,https://github.com/Expensify/App/issues/47512,2024-08-15
47538,https://github.com/Expensify/App/issues/47538,Deploy Checklist: New Expensify 2024-08-15,47512,https://github.com/Expensify/App/issues/47512,2024-08-15
47551,https://github.com/Expensify/App/issues/47551,Deploy Checklist: New Expensify 2024-08-15,47512,https://github.com/Expensify/App/issues/47512,2024-08-15
47553,https://github.com/Expensify/App/issues/47553,Deploy Checklist: New Expensify 2024-08-15,47512,https://github.com/Expensify/App/issues/47512,2024-08-15
47557,https://github.com/Expensify/App/issues/47557,Deploy Checklist: New Expensify 2024-08-15,47512,https://github.com/Expensify/App/issues/47512,2024-08-15
47562,https://github.com/Expensify/App/issues/47562,Deploy Checklist: New Expensify 2024-08-15,47512,https://github.com/Expensify/App/issues/47512,2024-08-15
47601,https://github.com/Expensify/App/issues/47601,Deploy Checklist: New Expensify 2024-08-15,47512,https://github.com/Expensify/App/issues/47512,2024-08-15
47374,https://github.com/Expensify/App/issues/47374,Deploy Checklist: New Expensify 2024-08-13,47356,https://github.com/Expensify/App/issues/47356,2024-08-13
47375,https://github.com/Expensify/App/issues/47375,Deploy Checklist: New Expensify 2024-08-13,47356,https://github.com/Expensify/App/issues/47356,2024-08-13
47380,https://github.com/Expensify/App/issues/47380,Deploy Checklist: New Expensify 2024-08-13,47356,https://github.com/Expensify/App/issues/47356,2024-08-13
47381,https://github.com/Expensify/App/issues/47381,Deploy Checklist: New Expensify 2024-08-13,47356,https://github.com/Expensify/App/issues/47356,2024-08-13
47383,https://github.com/Expensify/App/issues/47383,Deploy Checklist: New Expensify 2024-08-13,47356,https://github.com/Expensify/App/issues/47356,2024-08-13
47399,https://github.com/Expensify/App/issues/47399,Deploy Checklist: New Expensify 2024-08-13,47356,https://github.com/Expensify/App/issues/47356,2024-08-13
47400,https://github.com/Expensify/App/issues/47400,Deploy Checklist: New Expensify 2024-08-13,47356,https://github.com/Expensify/App/issues/47356,2024-08-13
47405,https://github.com/Expensify/App/issues/47405,Deploy Checklist: New Expensify 2024-08-13,47356,https://github.com/Expensify/App/issues/47356,2024-08-13
47422,https://github.com/Expensify/App/issues/47422,Deploy Checklist: New Expensify 2024-08-13,47356,https://github.com/Expensify/App/issues/47356,2024-08-13
47438,https://github.com/Expensify/App/issues/47438,Deploy Checklist: New Expensify 2024-08-13,47356,https://github.com/Expensify/App/issues/47356,2024-08-13
47448,https://github.com/Expensify/App/issues/47448,Deploy Checklist: New Expensify 2024-08-13,47356,https://github.com/Expensify/App/issues/47356,2024-08-13
47455,https://github.com/Expensify/App/issues/47455,Deploy Checklist: New Expensify 2024-08-13,47356,https://github.com/Expensify/App/issues/47356,2024-08-13
47458,https://github.com/Expensify/App/issues/47458,Deploy Checklist: New Expensify 2024-08-13,47356,https://github.com/Expensify/App/issues/47356,2024-08-13
47460,https://github.com/Expensify/App/issues/47460,Deploy Checklist: New Expensify 2024-08-13,47356,https://github.com/Expensify/App/issues/47356,2024-08-13
47481,https://github.com/Expensify/App/issues/47481,Deploy Checklist: New Expensify 2024-08-13,47356,https://github.com/Expensify/App/issues/47356,2024-08-13
47499,https://github.com/Expensify/App/issues/47499,Deploy Checklist: New Expensify 2024-08-13,47356,https://github.com/Expensify/App/issues/47356,2024-08-13
47050,https://github.com/Expensify/App/issues/47050,Deploy Checklist: New Expensify 2024-08-12,47219,https://github.com/Expensify/App/issues/47219,2024-08-12
47159,https://github.com/Expensify/App/issues/47159,Deploy Checklist: New Expensify 2024-08-12,47219,https://github.com/Expensify/App/issues/47219,2024-08-12
47225,https://github.com/Expensify/App/issues/47225,Deploy Checklist: New Expensify 2024-08-12,47219,https://github.com/Expensify/App/issues/47219,2024-08-12
47227,https://github.com/Expensify/App/issues/47227,Deploy Checklist: New Expensify 2024-08-12,47219,https://github.com/Expensify/App/issues/47219,2024-08-12
47230,https://github.com/Expensify/App/issues/47230,Deploy Checklist: New Expensify 2024-08-12,47219,https://github.com/Expensify/App/issues/47219,2024-08-12
47240,https://github.com/Expensify/App/issues/47240,Deploy Checklist: New Expensify 2024-08-12,47219,https://github.com/Expensify/App/issues/47219,2024-08-12
47241,https://github.com/Expensify/App/issues/47241,Deploy Checklist: New Expensify 2024-08-12,47219,https://github.com/Expensify/App/issues/47219,2024-08-12
47242,https://github.com/Expensify/App/issues/47242,Deploy Checklist: New Expensify 2024-08-12,47219,https://github.com/Expensify/App/issues/47219,2024-08-12
47246,https://github.com/Expensify/App/issues/47246,Deploy Checklist: New Expensify 2024-08-12,47219,https://github.com/Expensify/App/issues/47219,2024-08-12
47248,https://github.com/Expensify/App/issues/47248,Deploy Checklist: New Expensify 2024-08-12,47219,https://github.com/Expensify/App/issues/47219,2024-08-12
47251,https://github.com/Expensify/App/issues/47251,Deploy Checklist: New Expensify 2024-08-12,47219,https://github.com/Expensify/App/issues/47219,2024-08-12
47252,https://github.com/Expensify/App/issues/47252,Deploy Checklist: New Expensify 2024-08-12,47219,https://github.com/Expensify/App/issues/47219,2024-08-12
47263,https://github.com/Expensify/App/issues/47263,Deploy Checklist: New Expensify 2024-08-12,47219,https://github.com/Expensify/App/issues/47219,2024-08-12
47264,https://github.com/Expensify/App/issues/47264,Deploy Checklist: New Expensify 2024-08-12,47219,https://github.com/Expensify/App/issues/47219,2024-08-12
47265,https://github.com/Expensify/App/issues/47265,Deploy Checklist: New Expensify 2024-08-12,47219,https://github.com/Expensify/App/issues/47219,2024-08-12
47301,https://github.com/Expensify/App/issues/47301,Deploy Checklist: New Expensify 2024-08-12,47219,https://github.com/Expensify/App/issues/47219,2024-08-12
47020,https://github.com/Expensify/App/issues/47020,Deploy Checklist: New Expensify 2024-08-07,47006,https://github.com/Expensify/App/issues/47006,2024-08-07
47021,https://github.com/Expensify/App/issues/47021,Deploy Checklist: New Expensify 2024-08-07,47006,https://github.com/Expensify/App/issues/47006,2024-08-07
47022,https://github.com/Expensify/App/issues/47022,Deploy Checklist: New Expensify 2024-08-07,47006,https://github.com/Expensify/App/issues/47006,2024-08-07
47023,https://github.com/Expensify/App/issues/47023,Deploy Checklist: New Expensify 2024-08-07,47006,https://github.com/Expensify/App/issues/47006,2024-08-07
47039,https://github.com/Expensify/App/issues/47039,Deploy Checklist: New Expensify 2024-08-07,47006,https://github.com/Expensify/App/issues/47006,2024-08-07
47042,https://github.com/Expensify/App/issues/47042,Deploy Checklist: New Expensify 2024-08-07,47006,https://github.com/Expensify/App/issues/47006,2024-08-07
47046,https://github.com/Expensify/App/issues/47046,Deploy Checklist: New Expensify 2024-08-07,47006,https://github.com/Expensify/App/issues/47006,2024-08-07
47048,https://github.com/Expensify/App/issues/47048,Deploy Checklist: New Expensify 2024-08-07,47006,https://github.com/Expensify/App/issues/47006,2024-08-07
47049,https://github.com/Expensify/App/issues/47049,Deploy Checklist: New Expensify 2024-08-07,47006,https://github.com/Expensify/App/issues/47006,2024-08-07
47050,https://github.com/Expensify/App/issues/47050,Deploy Checklist: New Expensify 2024-08-07,47006,https://github.com/Expensify/App/issues/47006,2024-08-07
47053,https://github.com/Expensify/App/issues/47053,Deploy Checklist: New Expensify 2024-08-07,47006,https://github.com/Expensify/App/issues/47006,2024-08-07
47054,https://github.com/Expensify/App/issues/47054,Deploy Checklist: New Expensify 2024-08-07,47006,https://github.com/Expensify/App/issues/47006,2024-08-07
47055,https://github.com/Expensify/App/issues/47055,Deploy Checklist: New Expensify 2024-08-07,47006,https://github.com/Expensify/App/issues/47006,2024-08-07
47058,https://github.com/Expensify/App/issues/47058,Deploy Checklist: New Expensify 2024-08-07,47006,https://github.com/Expensify/App/issues/47006,2024-08-07
47062,https://github.com/Expensify/App/issues/47062,Deploy Checklist: New Expensify 2024-08-07,47006,https://github.com/Expensify/App/issues/47006,2024-08-07
47065,https://github.com/Expensify/App/issues/47065,Deploy Checklist: New Expensify 2024-08-07,47006,https://github.com/Expensify/App/issues/47006,2024-08-07
47066,https://github.com/Expensify/App/issues/47066,Deploy Checklist: New Expensify 2024-08-07,47006,https://github.com/Expensify/App/issues/47006,2024-08-07
47078,https://github.com/Expensify/App/issues/47078,Deploy Checklist: New Expensify 2024-08-07,47006,https://github.com/Expensify/App/issues/47006,2024-08-07
47088,https://github.com/Expensify/App/issues/47088,Deploy Checklist: New Expensify 2024-08-07,47006,https://github.com/Expensify/App/issues/47006,2024-08-07
47100,https://github.com/Expensify/App/issues/47100,Deploy Checklist: New Expensify 2024-08-07,47006,https://github.com/Expensify/App/issues/47006,2024-08-07
47134,https://github.com/Expensify/App/issues/47134,Deploy Checklist: New Expensify 2024-08-07,47006,https://github.com/Expensify/App/issues/47006,2024-08-07
47146,https://github.com/Expensify/App/issues/47146,Deploy Checklist: New Expensify 2024-08-07,47006,https://github.com/Expensify/App/issues/47006,2024-08-07
47157,https://github.com/Expensify/App/issues/47157,Deploy Checklist: New Expensify 2024-08-07,47006,https://github.com/Expensify/App/issues/47006,2024-08-07
47159,https://github.com/Expensify/App/issues/47159,Deploy Checklist: New Expensify 2024-08-07,47006,https://github.com/Expensify/App/issues/47006,2024-08-07
47170,https://github.com/Expensify/App/issues/47170,Deploy Checklist: New Expensify 2024-08-07,47006,https://github.com/Expensify/App/issues/47006,2024-08-07
47187,https://github.com/Expensify/App/issues/47187,Deploy Checklist: New Expensify 2024-08-07,47006,https://github.com/Expensify/App/issues/47006,2024-08-07
47189,https://github.com/Expensify/App/issues/47189,Deploy Checklist: New Expensify 2024-08-07,47006,https://github.com/Expensify/App/issues/47006,2024-08-07
46871,https://github.com/Expensify/App/issues/46871,Deploy Checklist: New Expensify 2024-08-06,46849,https://github.com/Expensify/App/issues/46849,2024-08-06
46872,https://github.com/Expensify/App/issues/46872,Deploy Checklist: New Expensify 2024-08-06,46849,https://github.com/Expensify/App/issues/46849,2024-08-06
46873,https://github.com/Expensify/App/issues/46873,Deploy Checklist: New Expensify 2024-08-06,46849,https://github.com/Expensify/App/issues/46849,2024-08-06
46874,https://github.com/Expensify/App/issues/46874,Deploy Checklist: New Expensify 2024-08-06,46849,https://github.com/Expensify/App/issues/46849,2024-08-06
46875,https://github.com/Expensify/App/issues/46875,Deploy Checklist: New Expensify 2024-08-06,46849,https://github.com/Expensify/App/issues/46849,2024-08-06
46877,https://github.com/Expensify/App/issues/46877,Deploy Checklist: New Expensify 2024-08-06,46849,https://github.com/Expensify/App/issues/46849,2024-08-06
46880,https://github.com/Expensify/App/issues/46880,Deploy Checklist: New Expensify 2024-08-06,46849,https://github.com/Expensify/App/issues/46849,2024-08-06
46882,https://github.com/Expensify/App/issues/46882,Deploy Checklist: New Expensify 2024-08-06,46849,https://github.com/Expensify/App/issues/46849,2024-08-06
46884,https://github.com/Expensify/App/issues/46884,Deploy Checklist: New Expensify 2024-08-06,46849,https://github.com/Expensify/App/issues/46849,2024-08-06
46895,https://github.com/Expensify/App/issues/46895,Deploy Checklist: New Expensify 2024-08-06,46849,https://github.com/Expensify/App/issues/46849,2024-08-06
46909,https://github.com/Expensify/App/issues/46909,Deploy Checklist: New Expensify 2024-08-06,46849,https://github.com/Expensify/App/issues/46849,2024-08-06
46929,https://github.com/Expensify/App/issues/46929,Deploy Checklist: New Expensify 2024-08-06,46849,https://github.com/Expensify/App/issues/46849,2024-08-06
46949,https://github.com/Expensify/App/issues/46949,Deploy Checklist: New Expensify 2024-08-06,46849,https://github.com/Expensify/App/issues/46849,2024-08-06
46952,https://github.com/Expensify/App/issues/46952,Deploy Checklist: New Expensify 2024-08-06,46849,https://github.com/Expensify/App/issues/46849,2024-08-06
46954,https://github.com/Expensify/App/issues/46954,Deploy Checklist: New Expensify 2024-08-06,46849,https://github.com/Expensify/App/issues/46849,2024-08-06
46957,https://github.com/Expensify/App/issues/46957,Deploy Checklist: New Expensify 2024-08-06,46849,https://github.com/Expensify/App/issues/46849,2024-08-06
46963,https://github.com/Expensify/App/issues/46963,Deploy Checklist: New Expensify 2024-08-06,46849,https://github.com/Expensify/App/issues/46849,2024-08-06
46971,https://github.com/Expensify/App/issues/46971,Deploy Checklist: New Expensify 2024-08-06,46849,https://github.com/Expensify/App/issues/46849,2024-08-06
46972,https://github.com/Expensify/App/issues/46972,Deploy Checklist: New Expensify 2024-08-06,46849,https://github.com/Expensify/App/issues/46849,2024-08-06
46987,https://github.com/Expensify/App/issues/46987,Deploy Checklist: New Expensify 2024-08-06,46849,https://github.com/Expensify/App/issues/46849,2024-08-06
46718,https://github.com/Expensify/App/issues/46718,Deploy Checklist: New Expensify 2024-08-02,46687,https://github.com/Expensify/App/issues/46687,2024-08-02
46720,https://github.com/Expensify/App/issues/46720,Deploy Checklist: New Expensify 2024-08-02,46687,https://github.com/Expensify/App/issues/46687,2024-08-02
46723,https://github.com/Expensify/App/issues/46723,Deploy Checklist: New Expensify 2024-08-02,46687,https://github.com/Expensify/App/issues/46687,2024-08-02
46727,https://github.com/Expensify/App/issues/46727,Deploy Checklist: New Expensify 2024-08-02,46687,https://github.com/Expensify/App/issues/46687,2024-08-02
46731,https://github.com/Expensify/App/issues/46731,Deploy Checklist: New Expensify 2024-08-02,46687,https://github.com/Expensify/App/issues/46687,2024-08-02
46743,https://github.com/Expensify/App/issues/46743,Deploy Checklist: New Expensify 2024-08-02,46687,https://github.com/Expensify/App/issues/46687,2024-08-02
46744,https://github.com/Expensify/App/issues/46744,Deploy Checklist: New Expensify 2024-08-02,46687,https://github.com/Expensify/App/issues/46687,2024-08-02
46745,https://github.com/Expensify/App/issues/46745,Deploy Checklist: New Expensify 2024-08-02,46687,https://github.com/Expensify/App/issues/46687,2024-08-02
46746,https://github.com/Expensify/App/issues/46746,Deploy Checklist: New Expensify 2024-08-02,46687,https://github.com/Expensify/App/issues/46687,2024-08-02
46764,https://github.com/Expensify/App/issues/46764,Deploy Checklist: New Expensify 2024-08-02,46687,https://github.com/Expensify/App/issues/46687,2024-08-02
46805,https://github.com/Expensify/App/issues/46805,Deploy Checklist: New Expensify 2024-08-02,46687,https://github.com/Expensify/App/issues/46687,2024-08-02
46806,https://github.com/Expensify/App/issues/46806,Deploy Checklist: New Expensify 2024-08-02,46687,https://github.com/Expensify/App/issues/46687,2024-08-02
46614,https://github.com/Expensify/App/issues/46614,Deploy Checklist: New Expensify 2024-07-31,46607,https://github.com/Expensify/App/issues/46607,2024-07-31
46615,https://github.com/Expensify/App/issues/46615,Deploy Checklist: New Expensify 2024-07-31,46607,https://github.com/Expensify/App/issues/46607,2024-07-31
46616,https://github.com/Expensify/App/issues/46616,Deploy Checklist: New Expensify 2024-07-31,46607,https://github.com/Expensify/App/issues/46607,2024-07-31
46618,https://github.com/Expensify/App/issues/46618,Deploy Checklist: New Expensify 2024-07-31,46607,https://github.com/Expensify/App/issues/46607,2024-07-31
46619,https://github.com/Expensify/App/issues/46619,Deploy Checklist: New Expensify 2024-07-31,46607,https://github.com/Expensify/App/issues/46607,2024-07-31
46620,https://github.com/Expensify/App/issues/46620,Deploy Checklist: New Expensify 2024-07-31,46607,https://github.com/Expensify/App/issues/46607,2024-07-31
46621,https://github.com/Expensify/App/issues/46621,Deploy Checklist: New Expensify 2024-07-31,46607,https://github.com/Expensify/App/issues/46607,2024-07-31
46622,https://github.com/Expensify/App/issues/46622,Deploy Checklist: New Expensify 2024-07-31,46607,https://github.com/Expensify/App/issues/46607,2024-07-31
46644,https://github.com/Expensify/App/issues/46644,Deploy Checklist: New Expensify 2024-07-31,46607,https://github.com/Expensify/App/issues/46607,2024-07-31
46647,https://github.com/Expensify/App/issues/46647,Deploy Checklist: New Expensify 2024-07-31,46607,https://github.com/Expensify/App/issues/46607,2024-07-31
46650,https://github.com/Expensify/App/issues/46650,Deploy Checklist: New Expensify 2024-07-31,46607,https://github.com/Expensify/App/issues/46607,2024-07-31
46651,https://github.com/Expensify/App/issues/46651,Deploy Checklist: New Expensify 2024-07-31,46607,https://github.com/Expensify/App/issues/46607,2024-07-31
46652,https://github.com/Expensify/App/issues/46652,Deploy Checklist: New Expensify 2024-07-31,46607,https://github.com/Expensify/App/issues/46607,2024-07-31
46657,https://github.com/Expensify/App/issues/46657,Deploy Checklist: New Expensify 2024-07-31,46607,https://github.com/Expensify/App/issues/46607,2024-07-31
46658,https://github.com/Expensify/App/issues/46658,Deploy Checklist: New Expensify 2024-07-31,46607,https://github.com/Expensify/App/issues/46607,2024-07-31
46663,https://github.com/Expensify/App/issues/46663,Deploy Checklist: New Expensify 2024-07-31,46607,https://github.com/Expensify/App/issues/46607,2024-07-31
46673,https://github.com/Expensify/App/issues/46673,Deploy Checklist: New Expensify 2024-07-31,46607,https://github.com/Expensify/App/issues/46607,2024-07-31
46685,https://github.com/Expensify/App/issues/46685,Deploy Checklist: New Expensify 2024-07-31,46607,https://github.com/Expensify/App/issues/46607,2024-07-31
46443,https://github.com/Expensify/App/issues/46443,Deploy Checklist: New Expensify 2024-07-29,46436,https://github.com/Expensify/App/issues/46436,2024-07-29
46444,https://github.com/Expensify/App/issues/46444,Deploy Checklist: New Expensify 2024-07-29,46436,https://github.com/Expensify/App/issues/46436,2024-07-29
46445,https://github.com/Expensify/App/issues/46445,Deploy Checklist: New Expensify 2024-07-29,46436,https://github.com/Expensify/App/issues/46436,2024-07-29
46447,https://github.com/Expensify/App/issues/46447,Deploy Checklist: New Expensify 2024-07-29,46436,https://github.com/Expensify/App/issues/46436,2024-07-29
46448,https://github.com/Expensify/App/issues/46448,Deploy Checklist: New Expensify 2024-07-29,46436,https://github.com/Expensify/App/issues/46436,2024-07-29
46449,https://github.com/Expensify/App/issues/46449,Deploy Checklist: New Expensify 2024-07-29,46436,https://github.com/Expensify/App/issues/46436,2024-07-29
46450,https://github.com/Expensify/App/issues/46450,Deploy Checklist: New Expensify 2024-07-29,46436,https://github.com/Expensify/App/issues/46436,2024-07-29
46451,https://github.com/Expensify/App/issues/46451,Deploy Checklist: New Expensify 2024-07-29,46436,https://github.com/Expensify/App/issues/46436,2024-07-29
46453,https://github.com/Expensify/App/issues/46453,Deploy Checklist: New Expensify 2024-07-29,46436,https://github.com/Expensify/App/issues/46436,2024-07-29
46454,https://github.com/Expensify/App/issues/46454,Deploy Checklist: New Expensify 2024-07-29,46436,https://github.com/Expensify/App/issues/46436,2024-07-29
46486,https://github.com/Expensify/App/issues/46486,Deploy Checklist: New Expensify 2024-07-29,46436,https://github.com/Expensify/App/issues/46436,2024-07-29
46488,https://github.com/Expensify/App/issues/46488,Deploy Checklist: New Expensify 2024-07-29,46436,https://github.com/Expensify/App/issues/46436,2024-07-29
46489,https://github.com/Expensify/App/issues/46489,Deploy Checklist: New Expensify 2024-07-29,46436,https://github.com/Expensify/App/issues/46436,2024-07-29
46490,https://github.com/Expensify/App/issues/46490,Deploy Checklist: New Expensify 2024-07-29,46436,https://github.com/Expensify/App/issues/46436,2024-07-29
46493,https://github.com/Expensify/App/issues/46493,Deploy Checklist: New Expensify 2024-07-29,46436,https://github.com/Expensify/App/issues/46436,2024-07-29
46495,https://github.com/Expensify/App/issues/46495,Deploy Checklist: New Expensify 2024-07-29,46436,https://github.com/Expensify/App/issues/46436,2024-07-29
46501,https://github.com/Expensify/App/issues/46501,Deploy Checklist: New Expensify 2024-07-29,46436,https://github.com/Expensify/App/issues/46436,2024-07-29
46293,https://github.com/Expensify/App/issues/46293,Deploy Checklist: New Expensify 2024-07-26,46264,https://github.com/Expensify/App/issues/46264,2024-07-26
46300,https://github.com/Expensify/App/issues/46300,Deploy Checklist: New Expensify 2024-07-26,46264,https://github.com/Expensify/App/issues/46264,2024-07-26
46305,https://github.com/Expensify/App/issues/46305,Deploy Checklist: New Expensify 2024-07-26,46264,https://github.com/Expensify/App/issues/46264,2024-07-26
46307,https://github.com/Expensify/App/issues/46307,Deploy Checklist: New Expensify 2024-07-26,46264,https://github.com/Expensify/App/issues/46264,2024-07-26
46309,https://github.com/Expensify/App/issues/46309,Deploy Checklist: New Expensify 2024-07-26,46264,https://github.com/Expensify/App/issues/46264,2024-07-26
46310,https://github.com/Expensify/App/issues/46310,Deploy Checklist: New Expensify 2024-07-26,46264,https://github.com/Expensify/App/issues/46264,2024-07-26
46368,https://github.com/Expensify/App/issues/46368,Deploy Checklist: New Expensify 2024-07-26,46264,https://github.com/Expensify/App/issues/46264,2024-07-26
46403,https://github.com/Expensify/App/issues/46403,Deploy Checklist: New Expensify 2024-07-26,46264,https://github.com/Expensify/App/issues/46264,2024-07-26
46404,https://github.com/Expensify/App/issues/46404,Deploy Checklist: New Expensify 2024-07-26,46264,https://github.com/Expensify/App/issues/46264,2024-07-26
46179,https://github.com/Expensify/App/issues/46179,Deploy Checklist: New Expensify 2024-07-25,46161,https://github.com/Expensify/App/issues/46161,2024-07-25
46180,https://github.com/Expensify/App/issues/46180,Deploy Checklist: New Expensify 2024-07-25,46161,https://github.com/Expensify/App/issues/46161,2024-07-25
46181,https://github.com/Expensify/App/issues/46181,Deploy Checklist: New Expensify 2024-07-25,46161,https://github.com/Expensify/App/issues/46161,2024-07-25
46182,https://github.com/Expensify/App/issues/46182,Deploy Checklist: New Expensify 2024-07-25,46161,https://github.com/Expensify/App/issues/46161,2024-07-25
46183,https://github.com/Expensify/App/issues/46183,Deploy Checklist: New Expensify 2024-07-25,46161,https://github.com/Expensify/App/issues/46161,2024-07-25
46209,https://github.com/Expensify/App/issues/46209,Deploy Checklist: New Expensify 2024-07-25,46161,https://github.com/Expensify/App/issues/46161,2024-07-25
46210,https://github.com/Expensify/App/issues/46210,Deploy Checklist: New Expensify 2024-07-25,46161,https://github.com/Expensify/App/issues/46161,2024-07-25
46215,https://github.com/Expensify/App/issues/46215,Deploy Checklist: New Expensify 2024-07-25,46161,https://github.com/Expensify/App/issues/46161,2024-07-25
46223,https://github.com/Expensify/App/issues/46223,Deploy Checklist: New Expensify 2024-07-25,46161,https://github.com/Expensify/App/issues/46161,2024-07-25
46004,https://github.com/Expensify/App/issues/46004,Deploy Checklist: New Expensify 2024-07-23,45991,https://github.com/Expensify/App/issues/45991,2024-07-23
46007,https://github.com/Expensify/App/issues/46007,Deploy Checklist: New Expensify 2024-07-23,45991,https://github.com/Expensify/App/issues/45991,2024-07-23
46024,https://github.com/Expensify/App/issues/46024,Deploy Checklist: New Expensify 2024-07-23,45991,https://github.com/Expensify/App/issues/45991,2024-07-23
46026,https://github.com/Expensify/App/issues/46026,Deploy Checklist: New Expensify 2024-07-23,45991,https://github.com/Expensify/App/issues/45991,2024-07-23
46039,https://github.com/Expensify/App/issues/46039,Deploy Checklist: New Expensify 2024-07-23,45991,https://github.com/Expensify/App/issues/45991,2024-07-23
46045,https://github.com/Expensify/App/issues/46045,Deploy Checklist: New Expensify 2024-07-23,45991,https://github.com/Expensify/App/issues/45991,2024-07-23
46048,https://github.com/Expensify/App/issues/46048,Deploy Checklist: New Expensify 2024-07-23,45991,https://github.com/Expensify/App/issues/45991,2024-07-23
46053,https://github.com/Expensify/App/issues/46053,Deploy Checklist: New Expensify 2024-07-23,45991,https://github.com/Expensify/App/issues/45991,2024-07-23
46055,https://github.com/Expensify/App/issues/46055,Deploy Checklist: New Expensify 2024-07-23,45991,https://github.com/Expensify/App/issues/45991,2024-07-23
46061,https://github.com/Expensify/App/issues/46061,Deploy Checklist: New Expensify 2024-07-23,45991,https://github.com/Expensify/App/issues/45991,2024-07-23
46063,https://github.com/Expensify/App/issues/46063,Deploy Checklist: New Expensify 2024-07-23,45991,https://github.com/Expensify/App/issues/45991,2024-07-23
46075,https://github.com/Expensify/App/issues/46075,Deploy Checklist: New Expensify 2024-07-23,45991,https://github.com/Expensify/App/issues/45991,2024-07-23
46078,https://github.com/Expensify/App/issues/46078,Deploy Checklist: New Expensify 2024-07-23,45991,https://github.com/Expensify/App/issues/45991,2024-07-23
46083,https://github.com/Expensify/App/issues/46083,Deploy Checklist: New Expensify 2024-07-23,45991,https://github.com/Expensify/App/issues/45991,2024-07-23
46084,https://github.com/Expensify/App/issues/46084,Deploy Checklist: New Expensify 2024-07-23,45991,https://github.com/Expensify/App/issues/45991,2024-07-23
46085,https://github.com/Expensify/App/issues/46085,Deploy Checklist: New Expensify 2024-07-23,45991,https://github.com/Expensify/App/issues/45991,2024-07-23
46097,https://github.com/Expensify/App/issues/46097,Deploy Checklist: New Expensify 2024-07-23,45991,https://github.com/Expensify/App/issues/45991,2024-07-23
46098,https://github.com/Expensify/App/issues/46098,Deploy Checklist: New Expensify 2024-07-23,45991,https://github.com/Expensify/App/issues/45991,2024-07-23
46101,https://github.com/Expensify/App/issues/46101,Deploy Checklist: New Expensify 2024-07-23,45991,https://github.com/Expensify/App/issues/45991,2024-07-23
46108,https://github.com/Expensify/App/issues/46108,Deploy Checklist: New Expensify 2024-07-23,45991,https://github.com/Expensify/App/issues/45991,2024-07-23
46109,https://github.com/Expensify/App/issues/46109,Deploy Checklist: New Expensify 2024-07-23,45991,https://github.com/Expensify/App/issues/45991,2024-07-23
46110,https://github.com/Expensify/App/issues/46110,Deploy Checklist: New Expensify 2024-07-23,45991,https://github.com/Expensify/App/issues/45991,2024-07-23
46138,https://github.com/Expensify/App/issues/46138,Deploy Checklist: New Expensify 2024-07-23,45991,https://github.com/Expensify/App/issues/45991,2024-07-23
45740,https://github.com/Expensify/App/issues/45740,Deploy Checklist: New Expensify 2024-07-19,45794,https://github.com/Expensify/App/issues/45794,2024-07-19
45814,https://github.com/Expensify/App/issues/45814,Deploy Checklist: New Expensify 2024-07-19,45794,https://github.com/Expensify/App/issues/45794,2024-07-19
45815,https://github.com/Expensify/App/issues/45815,Deploy Checklist: New Expensify 2024-07-19,45794,https://github.com/Expensify/App/issues/45794,2024-07-19
45822,https://github.com/Expensify/App/issues/45822,Deploy Checklist: New Expensify 2024-07-19,45794,https://github.com/Expensify/App/issues/45794,2024-07-19
45824,https://github.com/Expensify/App/issues/45824,Deploy Checklist: New Expensify 2024-07-19,45794,https://github.com/Expensify/App/issues/45794,2024-07-19
45826,https://github.com/Expensify/App/issues/45826,Deploy Checklist: New Expensify 2024-07-19,45794,https://github.com/Expensify/App/issues/45794,2024-07-19
45827,https://github.com/Expensify/App/issues/45827,Deploy Checklist: New Expensify 2024-07-19,45794,https://github.com/Expensify/App/issues/45794,2024-07-19
45828,https://github.com/Expensify/App/issues/45828,Deploy Checklist: New Expensify 2024-07-19,45794,https://github.com/Expensify/App/issues/45794,2024-07-19
45829,https://github.com/Expensify/App/issues/45829,Deploy Checklist: New Expensify 2024-07-19,45794,https://github.com/Expensify/App/issues/45794,2024-07-19
45830,https://github.com/Expensify/App/issues/45830,Deploy Checklist: New Expensify 2024-07-19,45794,https://github.com/Expensify/App/issues/45794,2024-07-19
45831,https://github.com/Expensify/App/issues/45831,Deploy Checklist: New Expensify 2024-07-19,45794,https://github.com/Expensify/App/issues/45794,2024-07-19
45832,https://github.com/Expensify/App/issues/45832,Deploy Checklist: New Expensify 2024-07-19,45794,https://github.com/Expensify/App/issues/45794,2024-07-19
45833,https://github.com/Expensify/App/issues/45833,Deploy Checklist: New Expensify 2024-07-19,45794,https://github.com/Expensify/App/issues/45794,2024-07-19
45834,https://github.com/Expensify/App/issues/45834,Deploy Checklist: New Expensify 2024-07-19,45794,https://github.com/Expensify/App/issues/45794,2024-07-19
45835,https://github.com/Expensify/App/issues/45835,Deploy Checklist: New Expensify 2024-07-19,45794,https://github.com/Expensify/App/issues/45794,2024-07-19
45838,https://github.com/Expensify/App/issues/45838,Deploy Checklist: New Expensify 2024-07-19,45794,https://github.com/Expensify/App/issues/45794,2024-07-19
45842,https://github.com/Expensify/App/issues/45842,Deploy Checklist: New Expensify 2024-07-19,45794,https://github.com/Expensify/App/issues/45794,2024-07-19
45843,https://github.com/Expensify/App/issues/45843,Deploy Checklist: New Expensify 2024-07-19,45794,https://github.com/Expensify/App/issues/45794,2024-07-19
45847,https://github.com/Expensify/App/issues/45847,Deploy Checklist: New Expensify 2024-07-19,45794,https://github.com/Expensify/App/issues/45794,2024-07-19
45857,https://github.com/Expensify/App/issues/45857,Deploy Checklist: New Expensify 2024-07-19,45794,https://github.com/Expensify/App/issues/45794,2024-07-19
45858,https://github.com/Expensify/App/issues/45858,Deploy Checklist: New Expensify 2024-07-19,45794,https://github.com/Expensify/App/issues/45794,2024-07-19
45861,https://github.com/Expensify/App/issues/45861,Deploy Checklist: New Expensify 2024-07-19,45794,https://github.com/Expensify/App/issues/45794,2024-07-19
45864,https://github.com/Expensify/App/issues/45864,Deploy Checklist: New Expensify 2024-07-19,45794,https://github.com/Expensify/App/issues/45794,2024-07-19
45865,https://github.com/Expensify/App/issues/45865,Deploy Checklist: New Expensify 2024-07-19,45794,https://github.com/Expensify/App/issues/45794,2024-07-19
45881,https://github.com/Expensify/App/issues/45881,Deploy Checklist: New Expensify 2024-07-19,45794,https://github.com/Expensify/App/issues/45794,2024-07-19
45882,https://github.com/Expensify/App/issues/45882,Deploy Checklist: New Expensify 2024-07-19,45794,https://github.com/Expensify/App/issues/45794,2024-07-19
45899,https://github.com/Expensify/App/issues/45899,Deploy Checklist: New Expensify 2024-07-19,45794,https://github.com/Expensify/App/issues/45794,2024-07-19
45906,https://github.com/Expensify/App/issues/45906,Deploy Checklist: New Expensify 2024-07-19,45794,https://github.com/Expensify/App/issues/45794,2024-07-19
45910,https://github.com/Expensify/App/issues/45910,Deploy Checklist: New Expensify 2024-07-19,45794,https://github.com/Expensify/App/issues/45794,2024-07-19
45917,https://github.com/Expensify/App/issues/45917,Deploy Checklist: New Expensify 2024-07-19,45794,https://github.com/Expensify/App/issues/45794,2024-07-19
45960,https://github.com/Expensify/App/issues/45960,Deploy Checklist: New Expensify 2024-07-19,45794,https://github.com/Expensify/App/issues/45794,2024-07-19
45962,https://github.com/Expensify/App/issues/45962,Deploy Checklist: New Expensify 2024-07-19,45794,https://github.com/Expensify/App/issues/45794,2024-07-19
45966,https://github.com/Expensify/App/issues/45966,Deploy Checklist: New Expensify 2024-07-19,45794,https://github.com/Expensify/App/issues/45794,2024-07-19
45967,https://github.com/Expensify/App/issues/45967,Deploy Checklist: New Expensify 2024-07-19,45794,https://github.com/Expensify/App/issues/45794,2024-07-19
45682,https://github.com/Expensify/App/issues/45682,Deploy Checklist: New Expensify 2024-07-18,45680,https://github.com/Expensify/App/issues/45680,2024-07-18
45684,https://github.com/Expensify/App/issues/45684,Deploy Checklist: New Expensify 2024-07-18,45680,https://github.com/Expensify/App/issues/45680,2024-07-18
45689,https://github.com/Expensify/App/issues/45689,Deploy Checklist: New Expensify 2024-07-18,45680,https://github.com/Expensify/App/issues/45680,2024-07-18
45693,https://github.com/Expensify/App/issues/45693,Deploy Checklist: New Expensify 2024-07-18,45680,https://github.com/Expensify/App/issues/45680,2024-07-18
45704,https://github.com/Expensify/App/issues/45704,Deploy Checklist: New Expensify 2024-07-18,45680,https://github.com/Expensify/App/issues/45680,2024-07-18
45724,https://github.com/Expensify/App/issues/45724,Deploy Checklist: New Expensify 2024-07-18,45680,https://github.com/Expensify/App/issues/45680,2024-07-18
45740,https://github.com/Expensify/App/issues/45740,Deploy Checklist: New Expensify 2024-07-18,45680,https://github.com/Expensify/App/issues/45680,2024-07-18
45770,https://github.com/Expensify/App/issues/45770,Deploy Checklist: New Expensify 2024-07-18,45680,https://github.com/Expensify/App/issues/45680,2024-07-18
44199,https://github.com/Expensify/App/issues/44199,Deploy Checklist: New Expensify 2024-07-17,45538,https://github.com/Expensify/App/issues/45538,2024-07-17
45561,https://github.com/Expensify/App/issues/45561,Deploy Checklist: New Expensify 2024-07-17,45538,https://github.com/Expensify/App/issues/45538,2024-07-17
45565,https://github.com/Expensify/App/issues/45565,Deploy Checklist: New Expensify 2024-07-17,45538,https://github.com/Expensify/App/issues/45538,2024-07-17
45566,https://github.com/Expensify/App/issues/45566,Deploy Checklist: New Expensify 2024-07-17,45538,https://github.com/Expensify/App/issues/45538,2024-07-17
45569,https://github.com/Expensify/App/issues/45569,Deploy Checklist: New Expensify 2024-07-17,45538,https://github.com/Expensify/App/issues/45538,2024-07-17
45607,https://github.com/Expensify/App/issues/45607,Deploy Checklist: New Expensify 2024-07-17,45538,https://github.com/Expensify/App/issues/45538,2024-07-17
45609,https://github.com/Expensify/App/issues/45609,Deploy Checklist: New Expensify 2024-07-17,45538,https://github.com/Expensify/App/issues/45538,2024-07-17
45610,https://github.com/Expensify/App/issues/45610,Deploy Checklist: New Expensify 2024-07-17,45538,https://github.com/Expensify/App/issues/45538,2024-07-17
45624,https://github.com/Expensify/App/issues/45624,Deploy Checklist: New Expensify 2024-07-17,45538,https://github.com/Expensify/App/issues/45538,2024-07-17
45634,https://github.com/Expensify/App/issues/45634,Deploy Checklist: New Expensify 2024-07-17,45538,https://github.com/Expensify/App/issues/45538,2024-07-17
45657,https://github.com/Expensify/App/issues/45657,Deploy Checklist: New Expensify 2024-07-17,45538,https://github.com/Expensify/App/issues/45538,2024-07-17
45669,https://github.com/Expensify/App/issues/45669,Deploy Checklist: New Expensify 2024-07-17,45538,https://github.com/Expensify/App/issues/45538,2024-07-17
45152,https://github.com/Expensify/App/issues/45152,Deploy Checklist: New Expensify 2024-07-15,45421,https://github.com/Expensify/App/issues/45421,2024-07-15
45162,https://github.com/Expensify/App/issues/45162,Deploy Checklist: New Expensify 2024-07-15,45421,https://github.com/Expensify/App/issues/45421,2024-07-15
45429,https://github.com/Expensify/App/issues/45429,Deploy Checklist: New Expensify 2024-07-15,45421,https://github.com/Expensify/App/issues/45421,2024-07-15
45431,https://github.com/Expensify/App/issues/45431,Deploy Checklist: New Expensify 2024-07-15,45421,https://github.com/Expensify/App/issues/45421,2024-07-15
45434,https://github.com/Expensify/App/issues/45434,Deploy Checklist: New Expensify 2024-07-15,45421,https://github.com/Expensify/App/issues/45421,2024-07-15
45435,https://github.com/Expensify/App/issues/45435,Deploy Checklist: New Expensify 2024-07-15,45421,https://github.com/Expensify/App/issues/45421,2024-07-15
45442,https://github.com/Expensify/App/issues/45442,Deploy Checklist: New Expensify 2024-07-15,45421,https://github.com/Expensify/App/issues/45421,2024-07-15
45443,https://github.com/Expensify/App/issues/45443,Deploy Checklist: New Expensify 2024-07-15,45421,https://github.com/Expensify/App/issues/45421,2024-07-15
45444,https://github.com/Expensify/App/issues/45444,Deploy Checklist: New Expensify 2024-07-15,45421,https://github.com/Expensify/App/issues/45421,2024-07-15
45445,https://github.com/Expensify/App/issues/45445,Deploy Checklist: New Expensify 2024-07-15,45421,https://github.com/Expensify/App/issues/45421,2024-07-15
45446,https://github.com/Expensify/App/issues/45446,Deploy Checklist: New Expensify 2024-07-15,45421,https://github.com/Expensify/App/issues/45421,2024-07-15
45447,https://github.com/Expensify/App/issues/45447,Deploy Checklist: New Expensify 2024-07-15,45421,https://github.com/Expensify/App/issues/45421,2024-07-15
45455,https://github.com/Expensify/App/issues/45455,Deploy Checklist: New Expensify 2024-07-15,45421,https://github.com/Expensify/App/issues/45421,2024-07-15
45457,https://github.com/Expensify/App/issues/45457,Deploy Checklist: New Expensify 2024-07-15,45421,https://github.com/Expensify/App/issues/45421,2024-07-15
45458,https://github.com/Expensify/App/issues/45458,Deploy Checklist: New Expensify 2024-07-15,45421,https://github.com/Expensify/App/issues/45421,2024-07-15
45461,https://github.com/Expensify/App/issues/45461,Deploy Checklist: New Expensify 2024-07-15,45421,https://github.com/Expensify/App/issues/45421,2024-07-15
45466,https://github.com/Expensify/App/issues/45466,Deploy Checklist: New Expensify 2024-07-15,45421,https://github.com/Expensify/App/issues/45421,2024-07-15
45467,https://github.com/Expensify/App/issues/45467,Deploy Checklist: New Expensify 2024-07-15,45421,https://github.com/Expensify/App/issues/45421,2024-07-15
45472,https://github.com/Expensify/App/issues/45472,Deploy Checklist: New Expensify 2024-07-15,45421,https://github.com/Expensify/App/issues/45421,2024-07-15
45478,https://github.com/Expensify/App/issues/45478,Deploy Checklist: New Expensify 2024-07-15,45421,https://github.com/Expensify/App/issues/45421,2024-07-15
45486,https://github.com/Expensify/App/issues/45486,Deploy Checklist: New Expensify 2024-07-15,45421,https://github.com/Expensify/App/issues/45421,2024-07-15
45492,https://github.com/Expensify/App/issues/45492,Deploy Checklist: New Expensify 2024-07-15,45421,https://github.com/Expensify/App/issues/45421,2024-07-15
45505,https://github.com/Expensify/App/issues/45505,Deploy Checklist: New Expensify 2024-07-15,45421,https://github.com/Expensify/App/issues/45421,2024-07-15
45506,https://github.com/Expensify/App/issues/45506,Deploy Checklist: New Expensify 2024-07-15,45421,https://github.com/Expensify/App/issues/45421,2024-07-15
45514,https://github.com/Expensify/App/issues/45514,Deploy Checklist: New Expensify 2024-07-15,45421,https://github.com/Expensify/App/issues/45421,2024-07-15
45516,https://github.com/Expensify/App/issues/45516,Deploy Checklist: New Expensify 2024-07-15,45421,https://github.com/Expensify/App/issues/45421,2024-07-15
45517,https://github.com/Expensify/App/issues/45517,Deploy Checklist: New Expensify 2024-07-15,45421,https://github.com/Expensify/App/issues/45421,2024-07-15
45518,https://github.com/Expensify/App/issues/45518,Deploy Checklist: New Expensify 2024-07-15,45421,https://github.com/Expensify/App/issues/45421,2024-07-15
45519,https://github.com/Expensify/App/issues/45519,Deploy Checklist: New Expensify 2024-07-15,45421,https://github.com/Expensify/App/issues/45421,2024-07-15
45521,https://github.com/Expensify/App/issues/45521,Deploy Checklist: New Expensify 2024-07-15,45421,https://github.com/Expensify/App/issues/45421,2024-07-15
44959,https://github.com/Expensify/App/issues/44959,Deploy Checklist: New Expensify 2024-07-10,45144,https://github.com/Expensify/App/issues/45144,2024-07-10
45152,https://github.com/Expensify/App/issues/45152,Deploy Checklist: New Expensify 2024-07-10,45144,https://github.com/Expensify/App/issues/45144,2024-07-10
45154,https://github.com/Expensify/App/issues/45154,Deploy Checklist: New Expensify 2024-07-10,45144,https://github.com/Expensify/App/issues/45144,2024-07-10
45157,https://github.com/Expensify/App/issues/45157,Deploy Checklist: New Expensify 2024-07-10,45144,https://github.com/Expensify/App/issues/45144,2024-07-10
45159,https://github.com/Expensify/App/issues/45159,Deploy Checklist: New Expensify 2024-07-10,45144,https://github.com/Expensify/App/issues/45144,2024-07-10
45162,https://github.com/Expensify/App/issues/45162,Deploy Checklist: New Expensify 2024-07-10,45144,https://github.com/Expensify/App/issues/45144,2024-07-10
45163,https://github.com/Expensify/App/issues/45163,Deploy Checklist: New Expensify 2024-07-10,45144,https://github.com/Expensify/App/issues/45144,2024-07-10
45164,https://github.com/Expensify/App/issues/45164,Deploy Checklist: New Expensify 2024-07-10,45144,https://github.com/Expensify/App/issues/45144,2024-07-10
45180,https://github.com/Expensify/App/issues/45180,Deploy Checklist: New Expensify 2024-07-10,45144,https://github.com/Expensify/App/issues/45144,2024-07-10
45191,https://github.com/Expensify/App/issues/45191,Deploy Checklist: New Expensify 2024-07-10,45144,https://github.com/Expensify/App/issues/45144,2024-07-10
45192,https://github.com/Expensify/App/issues/45192,Deploy Checklist: New Expensify 2024-07-10,45144,https://github.com/Expensify/App/issues/45144,2024-07-10
45193,https://github.com/Expensify/App/issues/45193,Deploy Checklist: New Expensify 2024-07-10,45144,https://github.com/Expensify/App/issues/45144,2024-07-10
45196,https://github.com/Expensify/App/issues/45196,Deploy Checklist: New Expensify 2024-07-10,45144,https://github.com/Expensify/App/issues/45144,2024-07-10
45206,https://github.com/Expensify/App/issues/45206,Deploy Checklist: New Expensify 2024-07-10,45144,https://github.com/Expensify/App/issues/45144,2024-07-10
45212,https://github.com/Expensify/App/issues/45212,Deploy Checklist: New Expensify 2024-07-10,45144,https://github.com/Expensify/App/issues/45144,2024-07-10
45213,https://github.com/Expensify/App/issues/45213,Deploy Checklist: New Expensify 2024-07-10,45144,https://github.com/Expensify/App/issues/45144,2024-07-10
45225,https://github.com/Expensify/App/issues/45225,Deploy Checklist: New Expensify 2024-07-10,45144,https://github.com/Expensify/App/issues/45144,2024-07-10
45226,https://github.com/Expensify/App/issues/45226,Deploy Checklist: New Expensify 2024-07-10,45144,https://github.com/Expensify/App/issues/45144,2024-07-10
45229,https://github.com/Expensify/App/issues/45229,Deploy Checklist: New Expensify 2024-07-10,45144,https://github.com/Expensify/App/issues/45144,2024-07-10
45241,https://github.com/Expensify/App/issues/45241,Deploy Checklist: New Expensify 2024-07-10,45144,https://github.com/Expensify/App/issues/45144,2024-07-10
45243,https://github.com/Expensify/App/issues/45243,Deploy Checklist: New Expensify 2024-07-10,45144,https://github.com/Expensify/App/issues/45144,2024-07-10
45245,https://github.com/Expensify/App/issues/45245,Deploy Checklist: New Expensify 2024-07-10,45144,https://github.com/Expensify/App/issues/45144,2024-07-10
45254,https://github.com/Expensify/App/issues/45254,Deploy Checklist: New Expensify 2024-07-10,45144,https://github.com/Expensify/App/issues/45144,2024-07-10
45268,https://github.com/Expensify/App/issues/45268,Deploy Checklist: New Expensify 2024-07-10,45144,https://github.com/Expensify/App/issues/45144,2024-07-10
45269,https://github.com/Expensify/App/issues/45269,Deploy Checklist: New Expensify 2024-07-10,45144,https://github.com/Expensify/App/issues/45144,2024-07-10
45270,https://github.com/Expensify/App/issues/45270,Deploy Checklist: New Expensify 2024-07-10,45144,https://github.com/Expensify/App/issues/45144,2024-07-10
45272,https://github.com/Expensify/App/issues/45272,Deploy Checklist: New Expensify 2024-07-10,45144,https://github.com/Expensify/App/issues/45144,2024-07-10
45274,https://github.com/Expensify/App/issues/45274,Deploy Checklist: New Expensify 2024-07-10,45144,https://github.com/Expensify/App/issues/45144,2024-07-10
45284,https://github.com/Expensify/App/issues/45284,Deploy Checklist: New Expensify 2024-07-10,45144,https://github.com/Expensify/App/issues/45144,2024-07-10
45336,https://github.com/Expensify/App/issues/45336,Deploy Checklist: New Expensify 2024-07-10,45144,https://github.com/Expensify/App/issues/45144,2024-07-10
45345,https://github.com/Expensify/App/issues/45345,Deploy Checklist: New Expensify 2024-07-10,45144,https://github.com/Expensify/App/issues/45144,2024-07-10
44801,https://github.com/Expensify/App/issues/44801,Deploy Checklist: New Expensify 2024-07-08,44947,https://github.com/Expensify/App/issues/44947,2024-07-08
44818,https://github.com/Expensify/App/issues/44818,Deploy Checklist: New Expensify 2024-07-08,44947,https://github.com/Expensify/App/issues/44947,2024-07-08
44949,https://github.com/Expensify/App/issues/44949,Deploy Checklist: New Expensify 2024-07-08,44947,https://github.com/Expensify/App/issues/44947,2024-07-08
44957,https://github.com/Expensify/App/issues/44957,Deploy Checklist: New Expensify 2024-07-08,44947,https://github.com/Expensify/App/issues/44947,2024-07-08
44959,https://github.com/Expensify/App/issues/44959,Deploy Checklist: New Expensify 2024-07-08,44947,https://github.com/Expensify/App/issues/44947,2024-07-08
44960,https://github.com/Expensify/App/issues/44960,Deploy Checklist: New Expensify 2024-07-08,44947,https://github.com/Expensify/App/issues/44947,2024-07-08
44962,https://github.com/Expensify/App/issues/44962,Deploy Checklist: New Expensify 2024-07-08,44947,https://github.com/Expensify/App/issues/44947,2024-07-08
44963,https://github.com/Expensify/App/issues/44963,Deploy Checklist: New Expensify 2024-07-08,44947,https://github.com/Expensify/App/issues/44947,2024-07-08
44964,https://github.com/Expensify/App/issues/44964,Deploy Checklist: New Expensify 2024-07-08,44947,https://github.com/Expensify/App/issues/44947,2024-07-08
44965,https://github.com/Expensify/App/issues/44965,Deploy Checklist: New Expensify 2024-07-08,44947,https://github.com/Expensify/App/issues/44947,2024-07-08
44966,https://github.com/Expensify/App/issues/44966,Deploy Checklist: New Expensify 2024-07-08,44947,https://github.com/Expensify/App/issues/44947,2024-07-08
44969,https://github.com/Expensify/App/issues/44969,Deploy Checklist: New Expensify 2024-07-08,44947,https://github.com/Expensify/App/issues/44947,2024-07-08
44971,https://github.com/Expensify/App/issues/44971,Deploy Checklist: New Expensify 2024-07-08,44947,https://github.com/Expensify/App/issues/44947,2024-07-08
44974,https://github.com/Expensify/App/issues/44974,Deploy Checklist: New Expensify 2024-07-08,44947,https://github.com/Expensify/App/issues/44947,2024-07-08
44975,https://github.com/Expensify/App/issues/44975,Deploy Checklist: New Expensify 2024-07-08,44947,https://github.com/Expensify/App/issues/44947,2024-07-08
44977,https://github.com/Expensify/App/issues/44977,Deploy Checklist: New Expensify 2024-07-08,44947,https://github.com/Expensify/App/issues/44947,2024-07-08
44983,https://github.com/Expensify/App/issues/44983,Deploy Checklist: New Expensify 2024-07-08,44947,https://github.com/Expensify/App/issues/44947,2024-07-08
44991,https://github.com/Expensify/App/issues/44991,Deploy Checklist: New Expensify 2024-07-08,44947,https://github.com/Expensify/App/issues/44947,2024-07-08
44992,https://github.com/Expensify/App/issues/44992,Deploy Checklist: New Expensify 2024-07-08,44947,https://github.com/Expensify/App/issues/44947,2024-07-08
45001,https://github.com/Expensify/App/issues/45001,Deploy Checklist: New Expensify 2024-07-08,44947,https://github.com/Expensify/App/issues/44947,2024-07-08
45009,https://github.com/Expensify/App/issues/45009,Deploy Checklist: New Expensify 2024-07-08,44947,https://github.com/Expensify/App/issues/44947,2024-07-08
45010,https://github.com/Expensify/App/issues/45010,Deploy Checklist: New Expensify 2024-07-08,44947,https://github.com/Expensify/App/issues/44947,2024-07-08
45013,https://github.com/Expensify/App/issues/45013,Deploy Checklist: New Expensify 2024-07-08,44947,https://github.com/Expensify/App/issues/44947,2024-07-08
45056,https://github.com/Expensify/App/issues/45056,Deploy Checklist: New Expensify 2024-07-08,44947,https://github.com/Expensify/App/issues/44947,2024-07-08
45060,https://github.com/Expensify/App/issues/45060,Deploy Checklist: New Expensify 2024-07-08,44947,https://github.com/Expensify/App/issues/44947,2024-07-08
45062,https://github.com/Expensify/App/issues/45062,Deploy Checklist: New Expensify 2024-07-08,44947,https://github.com/Expensify/App/issues/44947,2024-07-08
45077,https://github.com/Expensify/App/issues/45077,Deploy Checklist: New Expensify 2024-07-08,44947,https://github.com/Expensify/App/issues/44947,2024-07-08
45078,https://github.com/Expensify/App/issues/45078,Deploy Checklist: New Expensify 2024-07-08,44947,https://github.com/Expensify/App/issues/44947,2024-07-08
45141,https://github.com/Expensify/App/issues/45141,Deploy Checklist: New Expensify 2024-07-08,44947,https://github.com/Expensify/App/issues/44947,2024-07-08
44601,https://github.com/Expensify/App/issues/44601,Deploy Checklist: New Expensify 2024-07-03,44782,https://github.com/Expensify/App/issues/44782,2024-07-03
44619,https://github.com/Expensify/App/issues/44619,Deploy Checklist: New Expensify 2024-07-03,44782,https://github.com/Expensify/App/issues/44782,2024-07-03
44796,https://github.com/Expensify/App/issues/44796,Deploy Checklist: New Expensify 2024-07-03,44782,https://github.com/Expensify/App/issues/44782,2024-07-03
44797,https://github.com/Expensify/App/issues/44797,Deploy Checklist: New Expensify 2024-07-03,44782,https://github.com/Expensify/App/issues/44782,2024-07-03
44798,https://github.com/Expensify/App/issues/44798,Deploy Checklist: New Expensify 2024-07-03,44782,https://github.com/Expensify/App/issues/44782,2024-07-03
44799,https://github.com/Expensify/App/issues/44799,Deploy Checklist: New Expensify 2024-07-03,44782,https://github.com/Expensify/App/issues/44782,2024-07-03
44800,https://github.com/Expensify/App/issues/44800,Deploy Checklist: New Expensify 2024-07-03,44782,https://github.com/Expensify/App/issues/44782,2024-07-03
44801,https://github.com/Expensify/App/issues/44801,Deploy Checklist: New Expensify 2024-07-03,44782,https://github.com/Expensify/App/issues/44782,2024-07-03
44802,https://github.com/Expensify/App/issues/44802,Deploy Checklist: New Expensify 2024-07-03,44782,https://github.com/Expensify/App/issues/44782,2024-07-03
44803,https://github.com/Expensify/App/issues/44803,Deploy Checklist: New Expensify 2024-07-03,44782,https://github.com/Expensify/App/issues/44782,2024-07-03
44804,https://github.com/Expensify/App/issues/44804,Deploy Checklist: New Expensify 2024-07-03,44782,https://github.com/Expensify/App/issues/44782,2024-07-03
44805,https://github.com/Expensify/App/issues/44805,Deploy Checklist: New Expensify 2024-07-03,44782,https://github.com/Expensify/App/issues/44782,2024-07-03
44806,https://github.com/Expensify/App/issues/44806,Deploy Checklist: New Expensify 2024-07-03,44782,https://github.com/Expensify/App/issues/44782,2024-07-03
44811,https://github.com/Expensify/App/issues/44811,Deploy Checklist: New Expensify 2024-07-03,44782,https://github.com/Expensify/App/issues/44782,2024-07-03
44812,https://github.com/Expensify/App/issues/44812,Deploy Checklist: New Expensify 2024-07-03,44782,https://github.com/Expensify/App/issues/44782,2024-07-03
44813,https://github.com/Expensify/App/issues/44813,Deploy Checklist: New Expensify 2024-07-03,44782,https://github.com/Expensify/App/issues/44782,2024-07-03
44815,https://github.com/Expensify/App/issues/44815,Deploy Checklist: New Expensify 2024-07-03,44782,https://github.com/Expensify/App/issues/44782,2024-07-03
44816,https://github.com/Expensify/App/issues/44816,Deploy Checklist: New Expensify 2024-07-03,44782,https://github.com/Expensify/App/issues/44782,2024-07-03
44817,https://github.com/Expensify/App/issues/44817,Deploy Checklist: New Expensify 2024-07-03,44782,https://github.com/Expensify/App/issues/44782,2024-07-03
44818,https://github.com/Expensify/App/issues/44818,Deploy Checklist: New Expensify 2024-07-03,44782,https://github.com/Expensify/App/issues/44782,2024-07-03
44826,https://github.com/Expensify/App/issues/44826,Deploy Checklist: New Expensify 2024-07-03,44782,https://github.com/Expensify/App/issues/44782,2024-07-03
44831,https://github.com/Expensify/App/issues/44831,Deploy Checklist: New Expensify 2024-07-03,44782,https://github.com/Expensify/App/issues/44782,2024-07-03
44834,https://github.com/Expensify/App/issues/44834,Deploy Checklist: New Expensify 2024-07-03,44782,https://github.com/Expensify/App/issues/44782,2024-07-03
44841,https://github.com/Expensify/App/issues/44841,Deploy Checklist: New Expensify 2024-07-03,44782,https://github.com/Expensify/App/issues/44782,2024-07-03
44843,https://github.com/Expensify/App/issues/44843,Deploy Checklist: New Expensify 2024-07-03,44782,https://github.com/Expensify/App/issues/44782,2024-07-03
44868,https://github.com/Expensify/App/issues/44868,Deploy Checklist: New Expensify 2024-07-03,44782,https://github.com/Expensify/App/issues/44782,2024-07-03
44869,https://github.com/Expensify/App/issues/44869,Deploy Checklist: New Expensify 2024-07-03,44782,https://github.com/Expensify/App/issues/44782,2024-07-03
44871,https://github.com/Expensify/App/issues/44871,Deploy Checklist: New Expensify 2024-07-03,44782,https://github.com/Expensify/App/issues/44782,2024-07-03
44885,https://github.com/Expensify/App/issues/44885,Deploy Checklist: New Expensify 2024-07-03,44782,https://github.com/Expensify/App/issues/44782,2024-07-03
44886,https://github.com/Expensify/App/issues/44886,Deploy Checklist: New Expensify 2024-07-03,44782,https://github.com/Expensify/App/issues/44782,2024-07-03
44927,https://github.com/Expensify/App/issues/44927,Deploy Checklist: New Expensify 2024-07-03,44782,https://github.com/Expensify/App/issues/44782,2024-07-03
44442,https://github.com/Expensify/App/issues/44442,Deploy Checklist: New Expensify 2024-06-27,44575,https://github.com/Expensify/App/issues/44575,2024-06-27
44583,https://github.com/Expensify/App/issues/44583,Deploy Checklist: New Expensify 2024-06-27,44575,https://github.com/Expensify/App/issues/44575,2024-06-27
44585,https://github.com/Expensify/App/issues/44585,Deploy Checklist: New Expensify 2024-06-27,44575,https://github.com/Expensify/App/issues/44575,2024-06-27
44586,https://github.com/Expensify/App/issues/44586,Deploy Checklist: New Expensify 2024-06-27,44575,https://github.com/Expensify/App/issues/44575,2024-06-27
44587,https://github.com/Expensify/App/issues/44587,Deploy Checklist: New Expensify 2024-06-27,44575,https://github.com/Expensify/App/issues/44575,2024-06-27
44588,https://github.com/Expensify/App/issues/44588,Deploy Checklist: New Expensify 2024-06-27,44575,https://github.com/Expensify/App/issues/44575,2024-06-27
44590,https://github.com/Expensify/App/issues/44590,Deploy Checklist: New Expensify 2024-06-27,44575,https://github.com/Expensify/App/issues/44575,2024-06-27
44591,https://github.com/Expensify/App/issues/44591,Deploy Checklist: New Expensify 2024-06-27,44575,https://github.com/Expensify/App/issues/44575,2024-06-27
44596,https://github.com/Expensify/App/issues/44596,Deploy Checklist: New Expensify 2024-06-27,44575,https://github.com/Expensify/App/issues/44575,2024-06-27
44599,https://github.com/Expensify/App/issues/44599,Deploy Checklist: New Expensify 2024-06-27,44575,https://github.com/Expensify/App/issues/44575,2024-06-27
44600,https://github.com/Expensify/App/issues/44600,Deploy Checklist: New Expensify 2024-06-27,44575,https://github.com/Expensify/App/issues/44575,2024-06-27
44601,https://github.com/Expensify/App/issues/44601,Deploy Checklist: New Expensify 2024-06-27,44575,https://github.com/Expensify/App/issues/44575,2024-06-27
44603,https://github.com/Expensify/App/issues/44603,Deploy Checklist: New Expensify 2024-06-27,44575,https://github.com/Expensify/App/issues/44575,2024-06-27
44604,https://github.com/Expensify/App/issues/44604,Deploy Checklist: New Expensify 2024-06-27,44575,https://github.com/Expensify/App/issues/44575,2024-06-27
44617,https://github.com/Expensify/App/issues/44617,Deploy Checklist: New Expensify 2024-06-27,44575,https://github.com/Expensify/App/issues/44575,2024-06-27
44619,https://github.com/Expensify/App/issues/44619,Deploy Checklist: New Expensify 2024-06-27,44575,https://github.com/Expensify/App/issues/44575,2024-06-27
44625,https://github.com/Expensify/App/issues/44625,Deploy Checklist: New Expensify 2024-06-27,44575,https://github.com/Expensify/App/issues/44575,2024-06-27
44631,https://github.com/Expensify/App/issues/44631,Deploy Checklist: New Expensify 2024-06-27,44575,https://github.com/Expensify/App/issues/44575,2024-06-27
44636,https://github.com/Expensify/App/issues/44636,Deploy Checklist: New Expensify 2024-06-27,44575,https://github.com/Expensify/App/issues/44575,2024-06-27
44680,https://github.com/Expensify/App/issues/44680,Deploy Checklist: New Expensify 2024-06-27,44575,https://github.com/Expensify/App/issues/44575,2024-06-27
44765,https://github.com/Expensify/App/issues/44765,Deploy Checklist: New Expensify 2024-06-27,44575,https://github.com/Expensify/App/issues/44575,2024-06-27
44193,https://github.com/Expensify/App/issues/44193,Deploy Checklist: New Expensify 2024-06-25,44406,https://github.com/Expensify/App/issues/44406,2024-06-25
44410,https://github.com/Expensify/App/issues/44410,Deploy Checklist: New Expensify 2024-06-25,44406,https://github.com/Expensify/App/issues/44406,2024-06-25
44419,https://github.com/Expensify/App/issues/44419,Deploy Checklist: New Expensify 2024-06-25,44406,https://github.com/Expensify/App/issues/44406,2024-06-25
44420,https://github.com/Expensify/App/issues/44420,Deploy Checklist: New Expensify 2024-06-25,44406,https://github.com/Expensify/App/issues/44406,2024-06-25
44421,https://github.com/Expensify/App/issues/44421,Deploy Checklist: New Expensify 2024-06-25,44406,https://github.com/Expensify/App/issues/44406,2024-06-25
44422,https://github.com/Expensify/App/issues/44422,Deploy Checklist: New Expensify 2024-06-25,44406,https://github.com/Expensify/App/issues/44406,2024-06-25
44423,https://github.com/Expensify/App/issues/44423,Deploy Checklist: New Expensify 2024-06-25,44406,https://github.com/Expensify/App/issues/44406,2024-06-25
44430,https://github.com/Expensify/App/issues/44430,Deploy Checklist: New Expensify 2024-06-25,44406,https://github.com/Expensify/App/issues/44406,2024-06-25
44431,https://github.com/Expensify/App/issues/44431,Deploy Checklist: New Expensify 2024-06-25,44406,https://github.com/Expensify/App/issues/44406,2024-06-25
44433,https://github.com/Expensify/App/issues/44433,Deploy Checklist: New Expensify 2024-06-25,44406,https://github.com/Expensify/App/issues/44406,2024-06-25
44434,https://github.com/Expensify/App/issues/44434,Deploy Checklist: New Expensify 2024-06-25,44406,https://github.com/Expensify/App/issues/44406,2024-06-25
44436,https://github.com/Expensify/App/issues/44436,Deploy Checklist: New Expensify 2024-06-25,44406,https://github.com/Expensify/App/issues/44406,2024-06-25
44437,https://github.com/Expensify/App/issues/44437,Deploy Checklist: New Expensify 2024-06-25,44406,https://github.com/Expensify/App/issues/44406,2024-06-25
44440,https://github.com/Expensify/App/issues/44440,Deploy Checklist: New Expensify 2024-06-25,44406,https://github.com/Expensify/App/issues/44406,2024-06-25
44442,https://github.com/Expensify/App/issues/44442,Deploy Checklist: New Expensify 2024-06-25,44406,https://github.com/Expensify/App/issues/44406,2024-06-25
44443,https://github.com/Expensify/App/issues/44443,Deploy Checklist: New Expensify 2024-06-25,44406,https://github.com/Expensify/App/issues/44406,2024-06-25
44450,https://github.com/Expensify/App/issues/44450,Deploy Checklist: New Expensify 2024-06-25,44406,https://github.com/Expensify/App/issues/44406,2024-06-25
44454,https://github.com/Expensify/App/issues/44454,Deploy Checklist: New Expensify 2024-06-25,44406,https://github.com/Expensify/App/issues/44406,2024-06-25
44462,https://github.com/Expensify/App/issues/44462,Deploy Checklist: New Expensify 2024-06-25,44406,https://github.com/Expensify/App/issues/44406,2024-06-25
44470,https://github.com/Expensify/App/issues/44470,Deploy Checklist: New Expensify 2024-06-25,44406,https://github.com/Expensify/App/issues/44406,2024-06-25
44498,https://github.com/Expensify/App/issues/44498,Deploy Checklist: New Expensify 2024-06-25,44406,https://github.com/Expensify/App/issues/44406,2024-06-25
44535,https://github.com/Expensify/App/issues/44535,Deploy Checklist: New Expensify 2024-06-25,44406,https://github.com/Expensify/App/issues/44406,2024-06-25
44074,https://github.com/Expensify/App/issues/44074,Deploy Checklist: New Expensify 2024-06-21,44186,https://github.com/Expensify/App/issues/44186,2024-06-21
44192,https://github.com/Expensify/App/issues/44192,Deploy Checklist: New Expensify 2024-06-21,44186,https://github.com/Expensify/App/issues/44186,2024-06-21
44193,https://github.com/Expensify/App/issues/44193,Deploy Checklist: New Expensify 2024-06-21,44186,https://github.com/Expensify/App/issues/44186,2024-06-21
44194,https://github.com/Expensify/App/issues/44194,Deploy Checklist: New Expensify 2024-06-21,44186,https://github.com/Expensify/App/issues/44186,2024-06-21
44195,https://github.com/Expensify/App/issues/44195,Deploy Checklist: New Expensify 2024-06-21,44186,https://github.com/Expensify/App/issues/44186,2024-06-21
44196,https://github.com/Expensify/App/issues/44196,Deploy Checklist: New Expensify 2024-06-21,44186,https://github.com/Expensify/App/issues/44186,2024-06-21
44197,https://github.com/Expensify/App/issues/44197,Deploy Checklist: New Expensify 2024-06-21,44186,https://github.com/Expensify/App/issues/44186,2024-06-21
44198,https://github.com/Expensify/App/issues/44198,Deploy Checklist: New Expensify 2024-06-21,44186,https://github.com/Expensify/App/issues/44186,2024-06-21
44199,https://github.com/Expensify/App/issues/44199,Deploy Checklist: New Expensify 2024-06-21,44186,https://github.com/Expensify/App/issues/44186,2024-06-21
44200,https://github.com/Expensify/App/issues/44200,Deploy Checklist: New Expensify 2024-06-21,44186,https://github.com/Expensify/App/issues/44186,2024-06-21
44201,https://github.com/Expensify/App/issues/44201,Deploy Checklist: New Expensify 2024-06-21,44186,https://github.com/Expensify/App/issues/44186,2024-06-21
44202,https://github.com/Expensify/App/issues/44202,Deploy Checklist: New Expensify 2024-06-21,44186,https://github.com/Expensify/App/issues/44186,2024-06-21
44203,https://github.com/Expensify/App/issues/44203,Deploy Checklist: New Expensify 2024-06-21,44186,https://github.com/Expensify/App/issues/44186,2024-06-21
44204,https://github.com/Expensify/App/issues/44204,Deploy Checklist: New Expensify 2024-06-21,44186,https://github.com/Expensify/App/issues/44186,2024-06-21
44205,https://github.com/Expensify/App/issues/44205,Deploy Checklist: New Expensify 2024-06-21,44186,https://github.com/Expensify/App/issues/44186,2024-06-21
44207,https://github.com/Expensify/App/issues/44207,Deploy Checklist: New Expensify 2024-06-21,44186,https://github.com/Expensify/App/issues/44186,2024-06-21
44208,https://github.com/Expensify/App/issues/44208,Deploy Checklist: New Expensify 2024-06-21,44186,https://github.com/Expensify/App/issues/44186,2024-06-21
44210,https://github.com/Expensify/App/issues/44210,Deploy Checklist: New Expensify 2024-06-21,44186,https://github.com/Expensify/App/issues/44186,2024-06-21
44211,https://github.com/Expensify/App/issues/44211,Deploy Checklist: New Expensify 2024-06-21,44186,https://github.com/Expensify/App/issues/44186,2024-06-21
44212,https://github.com/Expensify/App/issues/44212,Deploy Checklist: New Expensify 2024-06-21,44186,https://github.com/Expensify/App/issues/44186,2024-06-21
44213,https://github.com/Expensify/App/issues/44213,Deploy Checklist: New Expensify 2024-06-21,44186,https://github.com/Expensify/App/issues/44186,2024-06-21
44214,https://github.com/Expensify/App/issues/44214,Deploy Checklist: New Expensify 2024-06-21,44186,https://github.com/Expensify/App/issues/44186,2024-06-21
44216,https://github.com/Expensify/App/issues/44216,Deploy Checklist: New Expensify 2024-06-21,44186,https://github.com/Expensify/App/issues/44186,2024-06-21
44235,https://github.com/Expensify/App/issues/44235,Deploy Checklist: New Expensify 2024-06-21,44186,https://github.com/Expensify/App/issues/44186,2024-06-21
44236,https://github.com/Expensify/App/issues/44236,Deploy Checklist: New Expensify 2024-06-21,44186,https://github.com/Expensify/App/issues/44186,2024-06-21
44237,https://github.com/Expensify/App/issues/44237,Deploy Checklist: New Expensify 2024-06-21,44186,https://github.com/Expensify/App/issues/44186,2024-06-21
44246,https://github.com/Expensify/App/issues/44246,Deploy Checklist: New Expensify 2024-06-21,44186,https://github.com/Expensify/App/issues/44186,2024-06-21
44261,https://github.com/Expensify/App/issues/44261,Deploy Checklist: New Expensify 2024-06-21,44186,https://github.com/Expensify/App/issues/44186,2024-06-21
44265,https://github.com/Expensify/App/issues/44265,Deploy Checklist: New Expensify 2024-06-21,44186,https://github.com/Expensify/App/issues/44186,2024-06-21
44267,https://github.com/Expensify/App/issues/44267,Deploy Checklist: New Expensify 2024-06-21,44186,https://github.com/Expensify/App/issues/44186,2024-06-21
44280,https://github.com/Expensify/App/issues/44280,Deploy Checklist: New Expensify 2024-06-21,44186,https://github.com/Expensify/App/issues/44186,2024-06-21
44294,https://github.com/Expensify/App/issues/44294,Deploy Checklist: New Expensify 2024-06-21,44186,https://github.com/Expensify/App/issues/44186,2024-06-21
44336,https://github.com/Expensify/App/issues/44336,Deploy Checklist: New Expensify 2024-06-21,44186,https://github.com/Expensify/App/issues/44186,2024-06-21
44337,https://github.com/Expensify/App/issues/44337,Deploy Checklist: New Expensify 2024-06-21,44186,https://github.com/Expensify/App/issues/44186,2024-06-21
44338,https://github.com/Expensify/App/issues/44338,Deploy Checklist: New Expensify 2024-06-21,44186,https://github.com/Expensify/App/issues/44186,2024-06-21
44392,https://github.com/Expensify/App/issues/44392,Deploy Checklist: New Expensify 2024-06-21,44186,https://github.com/Expensify/App/issues/44186,2024-06-21
44074,https://github.com/Expensify/App/issues/44074,Deploy Checklist: New Expensify 2024-06-19,44047,https://github.com/Expensify/App/issues/44047,2024-06-19
44077,https://github.com/Expensify/App/issues/44077,Deploy Checklist: New Expensify 2024-06-19,44047,https://github.com/Expensify/App/issues/44047,2024-06-19
44085,https://github.com/Expensify/App/issues/44085,Deploy Checklist: New Expensify 2024-06-19,44047,https://github.com/Expensify/App/issues/44047,2024-06-19
44097,https://github.com/Expensify/App/issues/44097,Deploy Checklist: New Expensify 2024-06-19,44047,https://github.com/Expensify/App/issues/44047,2024-06-19
44100,https://github.com/Expensify/App/issues/44100,Deploy Checklist: New Expensify 2024-06-19,44047,https://github.com/Expensify/App/issues/44047,2024-06-19
44118,https://github.com/Expensify/App/issues/44118,Deploy Checklist: New Expensify 2024-06-19,44047,https://github.com/Expensify/App/issues/44047,2024-06-19
43827,https://github.com/Expensify/App/issues/43827,Deploy Checklist: New Expensify 2024-06-17,43871,https://github.com/Expensify/App/issues/43871,2024-06-17
43897,https://github.com/Expensify/App/issues/43897,Deploy Checklist: New Expensify 2024-06-17,43871,https://github.com/Expensify/App/issues/43871,2024-06-17
43898,https://github.com/Expensify/App/issues/43898,Deploy Checklist: New Expensify 2024-06-17,43871,https://github.com/Expensify/App/issues/43871,2024-06-17
43899,https://github.com/Expensify/App/issues/43899,Deploy Checklist: New Expensify 2024-06-17,43871,https://github.com/Expensify/App/issues/43871,2024-06-17
43900,https://github.com/Expensify/App/issues/43900,Deploy Checklist: New Expensify 2024-06-17,43871,https://github.com/Expensify/App/issues/43871,2024-06-17
43925,https://github.com/Expensify/App/issues/43925,Deploy Checklist: New Expensify 2024-06-17,43871,https://github.com/Expensify/App/issues/43871,2024-06-17
43926,https://github.com/Expensify/App/issues/43926,Deploy Checklist: New Expensify 2024-06-17,43871,https://github.com/Expensify/App/issues/43871,2024-06-17
42521,https://github.com/Expensify/App/issues/42521,Deploy Checklist: New Expensify 2024-06-14,43793,https://github.com/Expensify/App/issues/43793,2024-06-14
43207,https://github.com/Expensify/App/issues/43207,Deploy Checklist: New Expensify 2024-06-14,43793,https://github.com/Expensify/App/issues/43793,2024-06-14
43795,https://github.com/Expensify/App/issues/43795,Deploy Checklist: New Expensify 2024-06-14,43793,https://github.com/Expensify/App/issues/43793,2024-06-14
43799,https://github.com/Expensify/App/issues/43799,Deploy Checklist: New Expensify 2024-06-14,43793,https://github.com/Expensify/App/issues/43793,2024-06-14
43800,https://github.com/Expensify/App/issues/43800,Deploy Checklist: New Expensify 2024-06-14,43793,https://github.com/Expensify/App/issues/43793,2024-06-14
43828,https://github.com/Expensify/App/issues/43828,Deploy Checklist: New Expensify 2024-06-14,43793,https://github.com/Expensify/App/issues/43793,2024-06-14
43833,https://github.com/Expensify/App/issues/43833,Deploy Checklist: New Expensify 2024-06-14,43793,https://github.com/Expensify/App/issues/43793,2024-06-14
43836,https://github.com/Expensify/App/issues/43836,Deploy Checklist: New Expensify 2024-06-14,43793,https://github.com/Expensify/App/issues/43793,2024-06-14
43839,https://github.com/Expensify/App/issues/43839,Deploy Checklist: New Expensify 2024-06-14,43793,https://github.com/Expensify/App/issues/43793,2024-06-14
43845,https://github.com/Expensify/App/issues/43845,Deploy Checklist: New Expensify 2024-06-14,43793,https://github.com/Expensify/App/issues/43793,2024-06-14
43852,https://github.com/Expensify/App/issues/43852,Deploy Checklist: New Expensify 2024-06-14,43793,https://github.com/Expensify/App/issues/43793,2024-06-14
42529,https://github.com/Expensify/App/issues/42529,Deploy Checklist: New Expensify 2024-06-13,43655,https://github.com/Expensify/App/issues/43655,2024-06-13
43589,https://github.com/Expensify/App/issues/43589,Deploy Checklist: New Expensify 2024-06-13,43655,https://github.com/Expensify/App/issues/43655,2024-06-13
43657,https://github.com/Expensify/App/issues/43657,Deploy Checklist: New Expensify 2024-06-13,43655,https://github.com/Expensify/App/issues/43655,2024-06-13
43659,https://github.com/Expensify/App/issues/43659,Deploy Checklist: New Expensify 2024-06-13,43655,https://github.com/Expensify/App/issues/43655,2024-06-13
43660,https://github.com/Expensify/App/issues/43660,Deploy Checklist: New Expensify 2024-06-13,43655,https://github.com/Expensify/App/issues/43655,2024-06-13
43662,https://github.com/Expensify/App/issues/43662,Deploy Checklist: New Expensify 2024-06-13,43655,https://github.com/Expensify/App/issues/43655,2024-06-13
43664,https://github.com/Expensify/App/issues/43664,Deploy Checklist: New Expensify 2024-06-13,43655,https://github.com/Expensify/App/issues/43655,2024-06-13
43666,https://github.com/Expensify/App/issues/43666,Deploy Checklist: New Expensify 2024-06-13,43655,https://github.com/Expensify/App/issues/43655,2024-06-13
43679,https://github.com/Expensify/App/issues/43679,Deploy Checklist: New Expensify 2024-06-13,43655,https://github.com/Expensify/App/issues/43655,2024-06-13
43691,https://github.com/Expensify/App/issues/43691,Deploy Checklist: New Expensify 2024-06-13,43655,https://github.com/Expensify/App/issues/43655,2024-06-13
43692,https://github.com/Expensify/App/issues/43692,Deploy Checklist: New Expensify 2024-06-13,43655,https://github.com/Expensify/App/issues/43655,2024-06-13
43709,https://github.com/Expensify/App/issues/43709,Deploy Checklist: New Expensify 2024-06-13,43655,https://github.com/Expensify/App/issues/43655,2024-06-13
43713,https://github.com/Expensify/App/issues/43713,Deploy Checklist: New Expensify 2024-06-13,43655,https://github.com/Expensify/App/issues/43655,2024-06-13
43717,https://github.com/Expensify/App/issues/43717,Deploy Checklist: New Expensify 2024-06-13,43655,https://github.com/Expensify/App/issues/43655,2024-06-13
43718,https://github.com/Expensify/App/issues/43718,Deploy Checklist: New Expensify 2024-06-13,43655,https://github.com/Expensify/App/issues/43655,2024-06-13
43719,https://github.com/Expensify/App/issues/43719,Deploy Checklist: New Expensify 2024-06-13,43655,https://github.com/Expensify/App/issues/43655,2024-06-13
43727,https://github.com/Expensify/App/issues/43727,Deploy Checklist: New Expensify 2024-06-13,43655,https://github.com/Expensify/App/issues/43655,2024-06-13
43736,https://github.com/Expensify/App/issues/43736,Deploy Checklist: New Expensify 2024-06-13,43655,https://github.com/Expensify/App/issues/43655,2024-06-13
43753,https://github.com/Expensify/App/issues/43753,Deploy Checklist: New Expensify 2024-06-13,43655,https://github.com/Expensify/App/issues/43655,2024-06-13
43754,https://github.com/Expensify/App/issues/43754,Deploy Checklist: New Expensify 2024-06-13,43655,https://github.com/Expensify/App/issues/43655,2024-06-13
43758,https://github.com/Expensify/App/issues/43758,Deploy Checklist: New Expensify 2024-06-13,43655,https://github.com/Expensify/App/issues/43655,2024-06-13
43759,https://github.com/Expensify/App/issues/43759,Deploy Checklist: New Expensify 2024-06-13,43655,https://github.com/Expensify/App/issues/43655,2024-06-13
43761,https://github.com/Expensify/App/issues/43761,Deploy Checklist: New Expensify 2024-06-13,43655,https://github.com/Expensify/App/issues/43655,2024-06-13
43766,https://github.com/Expensify/App/issues/43766,Deploy Checklist: New Expensify 2024-06-13,43655,https://github.com/Expensify/App/issues/43655,2024-06-13
43364,https://github.com/Expensify/App/issues/43364,Deploy Checklist: New Expensify 2024-06-11,43515,https://github.com/Expensify/App/issues/43515,2024-06-11
43550,https://github.com/Expensify/App/issues/43550,Deploy Checklist: New Expensify 2024-06-11,43515,https://github.com/Expensify/App/issues/43515,2024-06-11
43551,https://github.com/Expensify/App/issues/43551,Deploy Checklist: New Expensify 2024-06-11,43515,https://github.com/Expensify/App/issues/43515,2024-06-11
43570,https://github.com/Expensify/App/issues/43570,Deploy Checklist: New Expensify 2024-06-11,43515,https://github.com/Expensify/App/issues/43515,2024-06-11
43580,https://github.com/Expensify/App/issues/43580,Deploy Checklist: New Expensify 2024-06-11,43515,https://github.com/Expensify/App/issues/43515,2024-06-11
43589,https://github.com/Expensify/App/issues/43589,Deploy Checklist: New Expensify 2024-06-11,43515,https://github.com/Expensify/App/issues/43515,2024-06-11
43598,https://github.com/Expensify/App/issues/43598,Deploy Checklist: New Expensify 2024-06-11,43515,https://github.com/Expensify/App/issues/43515,2024-06-11
43599,https://github.com/Expensify/App/issues/43599,Deploy Checklist: New Expensify 2024-06-11,43515,https://github.com/Expensify/App/issues/43515,2024-06-11
43351,https://github.com/Expensify/App/issues/43351,Deploy Checklist: New Expensify 2024-06-10,43344,https://github.com/Expensify/App/issues/43344,2024-06-10
43356,https://github.com/Expensify/App/issues/43356,Deploy Checklist: New Expensify 2024-06-10,43344,https://github.com/Expensify/App/issues/43344,2024-06-10
43358,https://github.com/Expensify/App/issues/43358,Deploy Checklist: New Expensify 2024-06-10,43344,https://github.com/Expensify/App/issues/43344,2024-06-10
43359,https://github.com/Expensify/App/issues/43359,Deploy Checklist: New Expensify 2024-06-10,43344,https://github.com/Expensify/App/issues/43344,2024-06-10
43360,https://github.com/Expensify/App/issues/43360,Deploy Checklist: New Expensify 2024-06-10,43344,https://github.com/Expensify/App/issues/43344,2024-06-10
43361,https://github.com/Expensify/App/issues/43361,Deploy Checklist: New Expensify 2024-06-10,43344,https://github.com/Expensify/App/issues/43344,2024-06-10
43362,https://github.com/Expensify/App/issues/43362,Deploy Checklist: New Expensify 2024-06-10,43344,https://github.com/Expensify/App/issues/43344,2024-06-10
43364,https://github.com/Expensify/App/issues/43364,Deploy Checklist: New Expensify 2024-06-10,43344,https://github.com/Expensify/App/issues/43344,2024-06-10
43369,https://github.com/Expensify/App/issues/43369,Deploy Checklist: New Expensify 2024-06-10,43344,https://github.com/Expensify/App/issues/43344,2024-06-10
43373,https://github.com/Expensify/App/issues/43373,Deploy Checklist: New Expensify 2024-06-10,43344,https://github.com/Expensify/App/issues/43344,2024-06-10
43375,https://github.com/Expensify/App/issues/43375,Deploy Checklist: New Expensify 2024-06-10,43344,https://github.com/Expensify/App/issues/43344,2024-06-10
43376,https://github.com/Expensify/App/issues/43376,Deploy Checklist: New Expensify 2024-06-10,43344,https://github.com/Expensify/App/issues/43344,2024-06-10
43388,https://github.com/Expensify/App/issues/43388,Deploy Checklist: New Expensify 2024-06-10,43344,https://github.com/Expensify/App/issues/43344,2024-06-10
43389,https://github.com/Expensify/App/issues/43389,Deploy Checklist: New Expensify 2024-06-10,43344,https://github.com/Expensify/App/issues/43344,2024-06-10
43396,https://github.com/Expensify/App/issues/43396,Deploy Checklist: New Expensify 2024-06-10,43344,https://github.com/Expensify/App/issues/43344,2024-06-10
43407,https://github.com/Expensify/App/issues/43407,Deploy Checklist: New Expensify 2024-06-10,43344,https://github.com/Expensify/App/issues/43344,2024-06-10
43415,https://github.com/Expensify/App/issues/43415,Deploy Checklist: New Expensify 2024-06-10,43344,https://github.com/Expensify/App/issues/43344,2024-06-10
43420,https://github.com/Expensify/App/issues/43420,Deploy Checklist: New Expensify 2024-06-10,43344,https://github.com/Expensify/App/issues/43344,2024-06-10
43425,https://github.com/Expensify/App/issues/43425,Deploy Checklist: New Expensify 2024-06-10,43344,https://github.com/Expensify/App/issues/43344,2024-06-10
43426,https://github.com/Expensify/App/issues/43426,Deploy Checklist: New Expensify 2024-06-10,43344,https://github.com/Expensify/App/issues/43344,2024-06-10
43438,https://github.com/Expensify/App/issues/43438,Deploy Checklist: New Expensify 2024-06-10,43344,https://github.com/Expensify/App/issues/43344,2024-06-10
43440,https://github.com/Expensify/App/issues/43440,Deploy Checklist: New Expensify 2024-06-10,43344,https://github.com/Expensify/App/issues/43344,2024-06-10
43441,https://github.com/Expensify/App/issues/43441,Deploy Checklist: New Expensify 2024-06-10,43344,https://github.com/Expensify/App/issues/43344,2024-06-10
43468,https://github.com/Expensify/App/issues/43468,Deploy Checklist: New Expensify 2024-06-10,43344,https://github.com/Expensify/App/issues/43344,2024-06-10
43471,https://github.com/Expensify/App/issues/43471,Deploy Checklist: New Expensify 2024-06-10,43344,https://github.com/Expensify/App/issues/43344,2024-06-10
43474,https://github.com/Expensify/App/issues/43474,Deploy Checklist: New Expensify 2024-06-10,43344,https://github.com/Expensify/App/issues/43344,2024-06-10
43476,https://github.com/Expensify/App/issues/43476,Deploy Checklist: New Expensify 2024-06-10,43344,https://github.com/Expensify/App/issues/43344,2024-06-10
43477,https://github.com/Expensify/App/issues/43477,Deploy Checklist: New Expensify 2024-06-10,43344,https://github.com/Expensify/App/issues/43344,2024-06-10
43478,https://github.com/Expensify/App/issues/43478,Deploy Checklist: New Expensify 2024-06-10,43344,https://github.com/Expensify/App/issues/43344,2024-06-10
43487,https://github.com/Expensify/App/issues/43487,Deploy Checklist: New Expensify 2024-06-10,43344,https://github.com/Expensify/App/issues/43344,2024-06-10
43501,https://github.com/Expensify/App/issues/43501,Deploy Checklist: New Expensify 2024-06-10,43344,https://github.com/Expensify/App/issues/43344,2024-06-10
43042,https://github.com/Expensify/App/issues/43042,Deploy Checklist: New Expensify 2024-06-06,43168,https://github.com/Expensify/App/issues/43168,2024-06-06
43171,https://github.com/Expensify/App/issues/43171,Deploy Checklist: New Expensify 2024-06-06,43168,https://github.com/Expensify/App/issues/43168,2024-06-06
43172,https://github.com/Expensify/App/issues/43172,Deploy Checklist: New Expensify 2024-06-06,43168,https://github.com/Expensify/App/issues/43168,2024-06-06
43173,https://github.com/Expensify/App/issues/43173,Deploy Checklist: New Expensify 2024-06-06,43168,https://github.com/Expensify/App/issues/43168,2024-06-06
43174,https://github.com/Expensify/App/issues/43174,Deploy Checklist: New Expensify 2024-06-06,43168,https://github.com/Expensify/App/issues/43168,2024-06-06
43175,https://github.com/Expensify/App/issues/43175,Deploy Checklist: New Expensify 2024-06-06,43168,https://github.com/Expensify/App/issues/43168,2024-06-06
43176,https://github.com/Expensify/App/issues/43176,Deploy Checklist: New Expensify 2024-06-06,43168,https://github.com/Expensify/App/issues/43168,2024-06-06
43179,https://github.com/Expensify/App/issues/43179,Deploy Checklist: New Expensify 2024-06-06,43168,https://github.com/Expensify/App/issues/43168,2024-06-06
43180,https://github.com/Expensify/App/issues/43180,Deploy Checklist: New Expensify 2024-06-06,43168,https://github.com/Expensify/App/issues/43168,2024-06-06
43181,https://github.com/Expensify/App/issues/43181,Deploy Checklist: New Expensify 2024-06-06,43168,https://github.com/Expensify/App/issues/43168,2024-06-06
43183,https://github.com/Expensify/App/issues/43183,Deploy Checklist: New Expensify 2024-06-06,43168,https://github.com/Expensify/App/issues/43168,2024-06-06
43184,https://github.com/Expensify/App/issues/43184,Deploy Checklist: New Expensify 2024-06-06,43168,https://github.com/Expensify/App/issues/43168,2024-06-06
43187,https://github.com/Expensify/App/issues/43187,Deploy Checklist: New Expensify 2024-06-06,43168,https://github.com/Expensify/App/issues/43168,2024-06-06
43188,https://github.com/Expensify/App/issues/43188,Deploy Checklist: New Expensify 2024-06-06,43168,https://github.com/Expensify/App/issues/43168,2024-06-06
43190,https://github.com/Expensify/App/issues/43190,Deploy Checklist: New Expensify 2024-06-06,43168,https://github.com/Expensify/App/issues/43168,2024-06-06
43195,https://github.com/Expensify/App/issues/43195,Deploy Checklist: New Expensify 2024-06-06,43168,https://github.com/Expensify/App/issues/43168,2024-06-06
43197,https://github.com/Expensify/App/issues/43197,Deploy Checklist: New Expensify 2024-06-06,43168,https://github.com/Expensify/App/issues/43168,2024-06-06
43202,https://github.com/Expensify/App/issues/43202,Deploy Checklist: New Expensify 2024-06-06,43168,https://github.com/Expensify/App/issues/43168,2024-06-06
43203,https://github.com/Expensify/App/issues/43203,Deploy Checklist: New Expensify 2024-06-06,43168,https://github.com/Expensify/App/issues/43168,2024-06-06
43207,https://github.com/Expensify/App/issues/43207,Deploy Checklist: New Expensify 2024-06-06,43168,https://github.com/Expensify/App/issues/43168,2024-06-06
43212,https://github.com/Expensify/App/issues/43212,Deploy Checklist: New Expensify 2024-06-06,43168,https://github.com/Expensify/App/issues/43168,2024-06-06
43214,https://github.com/Expensify/App/issues/43214,Deploy Checklist: New Expensify 2024-06-06,43168,https://github.com/Expensify/App/issues/43168,2024-06-06
43215,https://github.com/Expensify/App/issues/43215,Deploy Checklist: New Expensify 2024-06-06,43168,https://github.com/Expensify/App/issues/43168,2024-06-06
43216,https://github.com/Expensify/App/issues/43216,Deploy Checklist: New Expensify 2024-06-06,43168,https://github.com/Expensify/App/issues/43168,2024-06-06
43222,https://github.com/Expensify/App/issues/43222,Deploy Checklist: New Expensify 2024-06-06,43168,https://github.com/Expensify/App/issues/43168,2024-06-06
43238,https://github.com/Expensify/App/issues/43238,Deploy Checklist: New Expensify 2024-06-06,43168,https://github.com/Expensify/App/issues/43168,2024-06-06
43241,https://github.com/Expensify/App/issues/43241,Deploy Checklist: New Expensify 2024-06-06,43168,https://github.com/Expensify/App/issues/43168,2024-06-06
43242,https://github.com/Expensify/App/issues/43242,Deploy Checklist: New Expensify 2024-06-06,43168,https://github.com/Expensify/App/issues/43168,2024-06-06
43243,https://github.com/Expensify/App/issues/43243,Deploy Checklist: New Expensify 2024-06-06,43168,https://github.com/Expensify/App/issues/43168,2024-06-06
43252,https://github.com/Expensify/App/issues/43252,Deploy Checklist: New Expensify 2024-06-06,43168,https://github.com/Expensify/App/issues/43168,2024-06-06
43259,https://github.com/Expensify/App/issues/43259,Deploy Checklist: New Expensify 2024-06-06,43168,https://github.com/Expensify/App/issues/43168,2024-06-06
43274,https://github.com/Expensify/App/issues/43274,Deploy Checklist: New Expensify 2024-06-06,43168,https://github.com/Expensify/App/issues/43168,2024-06-06
43296,https://github.com/Expensify/App/issues/43296,Deploy Checklist: New Expensify 2024-06-06,43168,https://github.com/Expensify/App/issues/43168,2024-06-06
43310,https://github.com/Expensify/App/issues/43310,Deploy Checklist: New Expensify 2024-06-06,43168,https://github.com/Expensify/App/issues/43168,2024-06-06
43312,https://github.com/Expensify/App/issues/43312,Deploy Checklist: New Expensify 2024-06-06,43168,https://github.com/Expensify/App/issues/43168,2024-06-06
43313,https://github.com/Expensify/App/issues/43313,Deploy Checklist: New Expensify 2024-06-06,43168,https://github.com/Expensify/App/issues/43168,2024-06-06
43318,https://github.com/Expensify/App/issues/43318,Deploy Checklist: New Expensify 2024-06-06,43168,https://github.com/Expensify/App/issues/43168,2024-06-06
43332,https://github.com/Expensify/App/issues/43332,Deploy Checklist: New Expensify 2024-06-06,43168,https://github.com/Expensify/App/issues/43168,2024-06-06
43335,https://github.com/Expensify/App/issues/43335,Deploy Checklist: New Expensify 2024-06-06,43168,https://github.com/Expensify/App/issues/43168,2024-06-06
43042,https://github.com/Expensify/App/issues/43042,Deploy Checklist: New Expensify 2024-06-04,43037,https://github.com/Expensify/App/issues/43037,2024-06-04
43050,https://github.com/Expensify/App/issues/43050,Deploy Checklist: New Expensify 2024-06-04,43037,https://github.com/Expensify/App/issues/43037,2024-06-04
43051,https://github.com/Expensify/App/issues/43051,Deploy Checklist: New Expensify 2024-06-04,43037,https://github.com/Expensify/App/issues/43037,2024-06-04
43057,https://github.com/Expensify/App/issues/43057,Deploy Checklist: New Expensify 2024-06-04,43037,https://github.com/Expensify/App/issues/43037,2024-06-04
43058,https://github.com/Expensify/App/issues/43058,Deploy Checklist: New Expensify 2024-06-04,43037,https://github.com/Expensify/App/issues/43037,2024-06-04
43060,https://github.com/Expensify/App/issues/43060,Deploy Checklist: New Expensify 2024-06-04,43037,https://github.com/Expensify/App/issues/43037,2024-06-04
43062,https://github.com/Expensify/App/issues/43062,Deploy Checklist: New Expensify 2024-06-04,43037,https://github.com/Expensify/App/issues/43037,2024-06-04
43064,https://github.com/Expensify/App/issues/43064,Deploy Checklist: New Expensify 2024-06-04,43037,https://github.com/Expensify/App/issues/43037,2024-06-04
43068,https://github.com/Expensify/App/issues/43068,Deploy Checklist: New Expensify 2024-06-04,43037,https://github.com/Expensify/App/issues/43037,2024-06-04
43069,https://github.com/Expensify/App/issues/43069,Deploy Checklist: New Expensify 2024-06-04,43037,https://github.com/Expensify/App/issues/43037,2024-06-04
43073,https://github.com/Expensify/App/issues/43073,Deploy Checklist: New Expensify 2024-06-04,43037,https://github.com/Expensify/App/issues/43037,2024-06-04
43075,https://github.com/Expensify/App/issues/43075,Deploy Checklist: New Expensify 2024-06-04,43037,https://github.com/Expensify/App/issues/43037,2024-06-04
43076,https://github.com/Expensify/App/issues/43076,Deploy Checklist: New Expensify 2024-06-04,43037,https://github.com/Expensify/App/issues/43037,2024-06-04
43096,https://github.com/Expensify/App/issues/43096,Deploy Checklist: New Expensify 2024-06-04,43037,https://github.com/Expensify/App/issues/43037,2024-06-04
43111,https://github.com/Expensify/App/issues/43111,Deploy Checklist: New Expensify 2024-06-04,43037,https://github.com/Expensify/App/issues/43037,2024-06-04
43112,https://github.com/Expensify/App/issues/43112,Deploy Checklist: New Expensify 2024-06-04,43037,https://github.com/Expensify/App/issues/43037,2024-06-04
43113,https://github.com/Expensify/App/issues/43113,Deploy Checklist: New Expensify 2024-06-04,43037,https://github.com/Expensify/App/issues/43037,2024-06-04
43115,https://github.com/Expensify/App/issues/43115,Deploy Checklist: New Expensify 2024-06-04,43037,https://github.com/Expensify/App/issues/43037,2024-06-04
43116,https://github.com/Expensify/App/issues/43116,Deploy Checklist: New Expensify 2024-06-04,43037,https://github.com/Expensify/App/issues/43037,2024-06-04
43119,https://github.com/Expensify/App/issues/43119,Deploy Checklist: New Expensify 2024-06-04,43037,https://github.com/Expensify/App/issues/43037,2024-06-04
43130,https://github.com/Expensify/App/issues/43130,Deploy Checklist: New Expensify 2024-06-04,43037,https://github.com/Expensify/App/issues/43037,2024-06-04
43131,https://github.com/Expensify/App/issues/43131,Deploy Checklist: New Expensify 2024-06-04,43037,https://github.com/Expensify/App/issues/43037,2024-06-04
43145,https://github.com/Expensify/App/issues/43145,Deploy Checklist: New Expensify 2024-06-04,43037,https://github.com/Expensify/App/issues/43037,2024-06-04
42766,https://github.com/Expensify/App/issues/42766,Deploy Checklist: New Expensify 2024-05-30,42872,https://github.com/Expensify/App/issues/42872,2024-05-30
42807,https://github.com/Expensify/App/issues/42807,Deploy Checklist: New Expensify 2024-05-30,42872,https://github.com/Expensify/App/issues/42872,2024-05-30
42885,https://github.com/Expensify/App/issues/42885,Deploy Checklist: New Expensify 2024-05-30,42872,https://github.com/Expensify/App/issues/42872,2024-05-30
42886,https://github.com/Expensify/App/issues/42886,Deploy Checklist: New Expensify 2024-05-30,42872,https://github.com/Expensify/App/issues/42872,2024-05-30
42888,https://github.com/Expensify/App/issues/42888,Deploy Checklist: New Expensify 2024-05-30,42872,https://github.com/Expensify/App/issues/42872,2024-05-30
42889,https://github.com/Expensify/App/issues/42889,Deploy Checklist: New Expensify 2024-05-30,42872,https://github.com/Expensify/App/issues/42872,2024-05-30
42890,https://github.com/Expensify/App/issues/42890,Deploy Checklist: New Expensify 2024-05-30,42872,https://github.com/Expensify/App/issues/42872,2024-05-30
42891,https://github.com/Expensify/App/issues/42891,Deploy Checklist: New Expensify 2024-05-30,42872,https://github.com/Expensify/App/issues/42872,2024-05-30
42902,https://github.com/Expensify/App/issues/42902,Deploy Checklist: New Expensify 2024-05-30,42872,https://github.com/Expensify/App/issues/42872,2024-05-30
42903,https://github.com/Expensify/App/issues/42903,Deploy Checklist: New Expensify 2024-05-30,42872,https://github.com/Expensify/App/issues/42872,2024-05-30
42906,https://github.com/Expensify/App/issues/42906,Deploy Checklist: New Expensify 2024-05-30,42872,https://github.com/Expensify/App/issues/42872,2024-05-30
42908,https://github.com/Expensify/App/issues/42908,Deploy Checklist: New Expensify 2024-05-30,42872,https://github.com/Expensify/App/issues/42872,2024-05-30
42910,https://github.com/Expensify/App/issues/42910,Deploy Checklist: New Expensify 2024-05-30,42872,https://github.com/Expensify/App/issues/42872,2024-05-30
42911,https://github.com/Expensify/App/issues/42911,Deploy Checklist: New Expensify 2024-05-30,42872,https://github.com/Expensify/App/issues/42872,2024-05-30
42912,https://github.com/Expensify/App/issues/42912,Deploy Checklist: New Expensify 2024-05-30,42872,https://github.com/Expensify/App/issues/42872,2024-05-30
42913,https://github.com/Expensify/App/issues/42913,Deploy Checklist: New Expensify 2024-05-30,42872,https://github.com/Expensify/App/issues/42872,2024-05-30
42918,https://github.com/Expensify/App/issues/42918,Deploy Checklist: New Expensify 2024-05-30,42872,https://github.com/Expensify/App/issues/42872,2024-05-30
42920,https://github.com/Expensify/App/issues/42920,Deploy Checklist: New Expensify 2024-05-30,42872,https://github.com/Expensify/App/issues/42872,2024-05-30
42957,https://github.com/Expensify/App/issues/42957,Deploy Checklist: New Expensify 2024-05-30,42872,https://github.com/Expensify/App/issues/42872,2024-05-30
42992,https://github.com/Expensify/App/issues/42992,Deploy Checklist: New Expensify 2024-05-30,42872,https://github.com/Expensify/App/issues/42872,2024-05-30
42639,https://github.com/Expensify/App/issues/42639,Deploy Checklist: New Expensify 2024-05-29,42741,https://github.com/Expensify/App/issues/42741,2024-05-29
42750,https://github.com/Expensify/App/issues/42750,Deploy Checklist: New Expensify 2024-05-29,42741,https://github.com/Expensify/App/issues/42741,2024-05-29
42751,https://github.com/Expensify/App/issues/42751,Deploy Checklist: New Expensify 2024-05-29,42741,https://github.com/Expensify/App/issues/42741,2024-05-29
42752,https://github.com/Expensify/App/issues/42752,Deploy Checklist: New Expensify 2024-05-29,42741,https://github.com/Expensify/App/issues/42741,2024-05-29
42755,https://github.com/Expensify/App/issues/42755,Deploy Checklist: New Expensify 2024-05-29,42741,https://github.com/Expensify/App/issues/42741,2024-05-29
42757,https://github.com/Expensify/App/issues/42757,Deploy Checklist: New Expensify 2024-05-29,42741,https://github.com/Expensify/App/issues/42741,2024-05-29
42758,https://github.com/Expensify/App/issues/42758,Deploy Checklist: New Expensify 2024-05-29,42741,https://github.com/Expensify/App/issues/42741,2024-05-29
42760,https://github.com/Expensify/App/issues/42760,Deploy Checklist: New Expensify 2024-05-29,42741,https://github.com/Expensify/App/issues/42741,2024-05-29
42763,https://github.com/Expensify/App/issues/42763,Deploy Checklist: New Expensify 2024-05-29,42741,https://github.com/Expensify/App/issues/42741,2024-05-29
42764,https://github.com/Expensify/App/issues/42764,Deploy Checklist: New Expensify 2024-05-29,42741,https://github.com/Expensify/App/issues/42741,2024-05-29
42765,https://github.com/Expensify/App/issues/42765,Deploy Checklist: New Expensify 2024-05-29,42741,https://github.com/Expensify/App/issues/42741,2024-05-29
42766,https://github.com/Expensify/App/issues/42766,Deploy Checklist: New Expensify 2024-05-29,42741,https://github.com/Expensify/App/issues/42741,2024-05-29
42767,https://github.com/Expensify/App/issues/42767,Deploy Checklist: New Expensify 2024-05-29,42741,https://github.com/Expensify/App/issues/42741,2024-05-29
42768,https://github.com/Expensify/App/issues/42768,Deploy Checklist: New Expensify 2024-05-29,42741,https://github.com/Expensify/App/issues/42741,2024-05-29
42778,https://github.com/Expensify/App/issues/42778,Deploy Checklist: New Expensify 2024-05-29,42741,https://github.com/Expensify/App/issues/42741,2024-05-29
42780,https://github.com/Expensify/App/issues/42780,Deploy Checklist: New Expensify 2024-05-29,42741,https://github.com/Expensify/App/issues/42741,2024-05-29
42782,https://github.com/Expensify/App/issues/42782,Deploy Checklist: New Expensify 2024-05-29,42741,https://github.com/Expensify/App/issues/42741,2024-05-29
42784,https://github.com/Expensify/App/issues/42784,Deploy Checklist: New Expensify 2024-05-29,42741,https://github.com/Expensify/App/issues/42741,2024-05-29
42794,https://github.com/Expensify/App/issues/42794,Deploy Checklist: New Expensify 2024-05-29,42741,https://github.com/Expensify/App/issues/42741,2024-05-29
42795,https://github.com/Expensify/App/issues/42795,Deploy Checklist: New Expensify 2024-05-29,42741,https://github.com/Expensify/App/issues/42741,2024-05-29
42800,https://github.com/Expensify/App/issues/42800,Deploy Checklist: New Expensify 2024-05-29,42741,https://github.com/Expensify/App/issues/42741,2024-05-29
42802,https://github.com/Expensify/App/issues/42802,Deploy Checklist: New Expensify 2024-05-29,42741,https://github.com/Expensify/App/issues/42741,2024-05-29
42807,https://github.com/Expensify/App/issues/42807,Deploy Checklist: New Expensify 2024-05-29,42741,https://github.com/Expensify/App/issues/42741,2024-05-29
42822,https://github.com/Expensify/App/issues/42822,Deploy Checklist: New Expensify 2024-05-29,42741,https://github.com/Expensify/App/issues/42741,2024-05-29
42826,https://github.com/Expensify/App/issues/42826,Deploy Checklist: New Expensify 2024-05-29,42741,https://github.com/Expensify/App/issues/42741,2024-05-29
42638,https://github.com/Expensify/App/issues/42638,Deploy Checklist: New Expensify 2024-05-27,42636,https://github.com/Expensify/App/issues/42636,2024-05-27
42639,https://github.com/Expensify/App/issues/42639,Deploy Checklist: New Expensify 2024-05-27,42636,https://github.com/Expensify/App/issues/42636,2024-05-27
42642,https://github.com/Expensify/App/issues/42642,Deploy Checklist: New Expensify 2024-05-27,42636,https://github.com/Expensify/App/issues/42636,2024-05-27
42649,https://github.com/Expensify/App/issues/42649,Deploy Checklist: New Expensify 2024-05-27,42636,https://github.com/Expensify/App/issues/42636,2024-05-27
42652,https://github.com/Expensify/App/issues/42652,Deploy Checklist: New Expensify 2024-05-27,42636,https://github.com/Expensify/App/issues/42636,2024-05-27
42653,https://github.com/Expensify/App/issues/42653,Deploy Checklist: New Expensify 2024-05-27,42636,https://github.com/Expensify/App/issues/42636,2024-05-27
42654,https://github.com/Expensify/App/issues/42654,Deploy Checklist: New Expensify 2024-05-27,42636,https://github.com/Expensify/App/issues/42636,2024-05-27
42655,https://github.com/Expensify/App/issues/42655,Deploy Checklist: New Expensify 2024-05-27,42636,https://github.com/Expensify/App/issues/42636,2024-05-27
42656,https://github.com/Expensify/App/issues/42656,Deploy Checklist: New Expensify 2024-05-27,42636,https://github.com/Expensify/App/issues/42636,2024-05-27
42681,https://github.com/Expensify/App/issues/42681,Deploy Checklist: New Expensify 2024-05-27,42636,https://github.com/Expensify/App/issues/42636,2024-05-27
42682,https://github.com/Expensify/App/issues/42682,Deploy Checklist: New Expensify 2024-05-27,42636,https://github.com/Expensify/App/issues/42636,2024-05-27
42519,https://github.com/Expensify/App/issues/42519,Deploy Checklist: New Expensify 2024-05-22,42496,https://github.com/Expensify/App/issues/42496,2024-05-22
42521,https://github.com/Expensify/App/issues/42521,Deploy Checklist: New Expensify 2024-05-22,42496,https://github.com/Expensify/App/issues/42496,2024-05-22
42522,https://github.com/Expensify/App/issues/42522,Deploy Checklist: New Expensify 2024-05-22,42496,https://github.com/Expensify/App/issues/42496,2024-05-22
42523,https://github.com/Expensify/App/issues/42523,Deploy Checklist: New Expensify 2024-05-22,42496,https://github.com/Expensify/App/issues/42496,2024-05-22
42534,https://github.com/Expensify/App/issues/42534,Deploy Checklist: New Expensify 2024-05-22,42496,https://github.com/Expensify/App/issues/42496,2024-05-22
42540,https://github.com/Expensify/App/issues/42540,Deploy Checklist: New Expensify 2024-05-22,42496,https://github.com/Expensify/App/issues/42496,2024-05-22
42557,https://github.com/Expensify/App/issues/42557,Deploy Checklist: New Expensify 2024-05-22,42496,https://github.com/Expensify/App/issues/42496,2024-05-22
42189,https://github.com/Expensify/App/issues/42189,Deploy Checklist: New Expensify 2024-05-15,42185,https://github.com/Expensify/App/issues/42185,2024-05-15
42190,https://github.com/Expensify/App/issues/42190,Deploy Checklist: New Expensify 2024-05-15,42185,https://github.com/Expensify/App/issues/42185,2024-05-15
42191,https://github.com/Expensify/App/issues/42191,Deploy Checklist: New Expensify 2024-05-15,42185,https://github.com/Expensify/App/issues/42185,2024-05-15
42194,https://github.com/Expensify/App/issues/42194,Deploy Checklist: New Expensify 2024-05-15,42185,https://github.com/Expensify/App/issues/42185,2024-05-15
42195,https://github.com/Expensify/App/issues/42195,Deploy Checklist: New Expensify 2024-05-15,42185,https://github.com/Expensify/App/issues/42185,2024-05-15
42207,https://github.com/Expensify/App/issues/42207,Deploy Checklist: New Expensify 2024-05-15,42185,https://github.com/Expensify/App/issues/42185,2024-05-15
42209,https://github.com/Expensify/App/issues/42209,Deploy Checklist: New Expensify 2024-05-15,42185,https://github.com/Expensify/App/issues/42185,2024-05-15
42210,https://github.com/Expensify/App/issues/42210,Deploy Checklist: New Expensify 2024-05-15,42185,https://github.com/Expensify/App/issues/42185,2024-05-15
42225,https://github.com/Expensify/App/issues/42225,Deploy Checklist: New Expensify 2024-05-15,42185,https://github.com/Expensify/App/issues/42185,2024-05-15
42232,https://github.com/Expensify/App/issues/42232,Deploy Checklist: New Expensify 2024-05-15,42185,https://github.com/Expensify/App/issues/42185,2024-05-15
42235,https://github.com/Expensify/App/issues/42235,Deploy Checklist: New Expensify 2024-05-15,42185,https://github.com/Expensify/App/issues/42185,2024-05-15
42236,https://github.com/Expensify/App/issues/42236,Deploy Checklist: New Expensify 2024-05-15,42185,https://github.com/Expensify/App/issues/42185,2024-05-15
42254,https://github.com/Expensify/App/issues/42254,Deploy Checklist: New Expensify 2024-05-15,42185,https://github.com/Expensify/App/issues/42185,2024-05-15
42258,https://github.com/Expensify/App/issues/42258,Deploy Checklist: New Expensify 2024-05-15,42185,https://github.com/Expensify/App/issues/42185,2024-05-15
42259,https://github.com/Expensify/App/issues/42259,Deploy Checklist: New Expensify 2024-05-15,42185,https://github.com/Expensify/App/issues/42185,2024-05-15
42263,https://github.com/Expensify/App/issues/42263,Deploy Checklist: New Expensify 2024-05-15,42185,https://github.com/Expensify/App/issues/42185,2024-05-15
42268,https://github.com/Expensify/App/issues/42268,Deploy Checklist: New Expensify 2024-05-15,42185,https://github.com/Expensify/App/issues/42185,2024-05-15
42269,https://github.com/Expensify/App/issues/42269,Deploy Checklist: New Expensify 2024-05-15,42185,https://github.com/Expensify/App/issues/42185,2024-05-15
42273,https://github.com/Expensify/App/issues/42273,Deploy Checklist: New Expensify 2024-05-15,42185,https://github.com/Expensify/App/issues/42185,2024-05-15
42351,https://github.com/Expensify/App/issues/42351,Deploy Checklist: New Expensify 2024-05-15,42185,https://github.com/Expensify/App/issues/42185,2024-05-15
42437,https://github.com/Expensify/App/issues/42437,Deploy Checklist: New Expensify 2024-05-15,42185,https://github.com/Expensify/App/issues/42185,2024-05-15
42045,https://github.com/Expensify/App/issues/42045,Deploy Checklist: New Expensify 2024-05-13,42040,https://github.com/Expensify/App/issues/42040,2024-05-13
42047,https://github.com/Expensify/App/issues/42047,Deploy Checklist: New Expensify 2024-05-13,42040,https://github.com/Expensify/App/issues/42040,2024-05-13
42049,https://github.com/Expensify/App/issues/42049,Deploy Checklist: New Expensify 2024-05-13,42040,https://github.com/Expensify/App/issues/42040,2024-05-13
42052,https://github.com/Expensify/App/issues/42052,Deploy Checklist: New Expensify 2024-05-13,42040,https://github.com/Expensify/App/issues/42040,2024-05-13
42055,https://github.com/Expensify/App/issues/42055,Deploy Checklist: New Expensify 2024-05-13,42040,https://github.com/Expensify/App/issues/42040,2024-05-13
42056,https://github.com/Expensify/App/issues/42056,Deploy Checklist: New Expensify 2024-05-13,42040,https://github.com/Expensify/App/issues/42040,2024-05-13
42059,https://github.com/Expensify/App/issues/42059,Deploy Checklist: New Expensify 2024-05-13,42040,https://github.com/Expensify/App/issues/42040,2024-05-13
42062,https://github.com/Expensify/App/issues/42062,Deploy Checklist: New Expensify 2024-05-13,42040,https://github.com/Expensify/App/issues/42040,2024-05-13
42063,https://github.com/Expensify/App/issues/42063,Deploy Checklist: New Expensify 2024-05-13,42040,https://github.com/Expensify/App/issues/42040,2024-05-13
42066,https://github.com/Expensify/App/issues/42066,Deploy Checklist: New Expensify 2024-05-13,42040,https://github.com/Expensify/App/issues/42040,2024-05-13
42068,https://github.com/Expensify/App/issues/42068,Deploy Checklist: New Expensify 2024-05-13,42040,https://github.com/Expensify/App/issues/42040,2024-05-13
42083,https://github.com/Expensify/App/issues/42083,Deploy Checklist: New Expensify 2024-05-13,42040,https://github.com/Expensify/App/issues/42040,2024-05-13
42090,https://github.com/Expensify/App/issues/42090,Deploy Checklist: New Expensify 2024-05-13,42040,https://github.com/Expensify/App/issues/42040,2024-05-13
42092,https://github.com/Expensify/App/issues/42092,Deploy Checklist: New Expensify 2024-05-13,42040,https://github.com/Expensify/App/issues/42040,2024-05-13
42096,https://github.com/Expensify/App/issues/42096,Deploy Checklist: New Expensify 2024-05-13,42040,https://github.com/Expensify/App/issues/42040,2024-05-13
42100,https://github.com/Expensify/App/issues/42100,Deploy Checklist: New Expensify 2024-05-13,42040,https://github.com/Expensify/App/issues/42040,2024-05-13
42113,https://github.com/Expensify/App/issues/42113,Deploy Checklist: New Expensify 2024-05-13,42040,https://github.com/Expensify/App/issues/42040,2024-05-13
42114,https://github.com/Expensify/App/issues/42114,Deploy Checklist: New Expensify 2024-05-13,42040,https://github.com/Expensify/App/issues/42040,2024-05-13
42115,https://github.com/Expensify/App/issues/42115,Deploy Checklist: New Expensify 2024-05-13,42040,https://github.com/Expensify/App/issues/42040,2024-05-13
42120,https://github.com/Expensify/App/issues/42120,Deploy Checklist: New Expensify 2024-05-13,42040,https://github.com/Expensify/App/issues/42040,2024-05-13
42148,https://github.com/Expensify/App/issues/42148,Deploy Checklist: New Expensify 2024-05-13,42040,https://github.com/Expensify/App/issues/42040,2024-05-13
42171,https://github.com/Expensify/App/issues/42171,Deploy Checklist: New Expensify 2024-05-13,42040,https://github.com/Expensify/App/issues/42040,2024-05-13
41883,https://github.com/Expensify/App/issues/41883,Deploy Checklist: New Expensify 2024-05-09,41874,https://github.com/Expensify/App/issues/41874,2024-05-09
41885,https://github.com/Expensify/App/issues/41885,Deploy Checklist: New Expensify 2024-05-09,41874,https://github.com/Expensify/App/issues/41874,2024-05-09
41886,https://github.com/Expensify/App/issues/41886,Deploy Checklist: New Expensify 2024-05-09,41874,https://github.com/Expensify/App/issues/41874,2024-05-09
41890,https://github.com/Expensify/App/issues/41890,Deploy Checklist: New Expensify 2024-05-09,41874,https://github.com/Expensify/App/issues/41874,2024-05-09
41891,https://github.com/Expensify/App/issues/41891,Deploy Checklist: New Expensify 2024-05-09,41874,https://github.com/Expensify/App/issues/41874,2024-05-09
41915,https://github.com/Expensify/App/issues/41915,Deploy Checklist: New Expensify 2024-05-09,41874,https://github.com/Expensify/App/issues/41874,2024-05-09
41931,https://github.com/Expensify/App/issues/41931,Deploy Checklist: New Expensify 2024-05-09,41874,https://github.com/Expensify/App/issues/41874,2024-05-09
42027,https://github.com/Expensify/App/issues/42027,Deploy Checklist: New Expensify 2024-05-09,41874,https://github.com/Expensify/App/issues/41874,2024-05-09
41751,https://github.com/Expensify/App/issues/41751,Deploy Checklist: New Expensify 2024-05-07,41716,https://github.com/Expensify/App/issues/41716,2024-05-07
41752,https://github.com/Expensify/App/issues/41752,Deploy Checklist: New Expensify 2024-05-07,41716,https://github.com/Expensify/App/issues/41716,2024-05-07
41753,https://github.com/Expensify/App/issues/41753,Deploy Checklist: New Expensify 2024-05-07,41716,https://github.com/Expensify/App/issues/41716,2024-05-07
41754,https://github.com/Expensify/App/issues/41754,Deploy Checklist: New Expensify 2024-05-07,41716,https://github.com/Expensify/App/issues/41716,2024-05-07
41755,https://github.com/Expensify/App/issues/41755,Deploy Checklist: New Expensify 2024-05-07,41716,https://github.com/Expensify/App/issues/41716,2024-05-07
41756,https://github.com/Expensify/App/issues/41756,Deploy Checklist: New Expensify 2024-05-07,41716,https://github.com/Expensify/App/issues/41716,2024-05-07
41758,https://github.com/Expensify/App/issues/41758,Deploy Checklist: New Expensify 2024-05-07,41716,https://github.com/Expensify/App/issues/41716,2024-05-07
41759,https://github.com/Expensify/App/issues/41759,Deploy Checklist: New Expensify 2024-05-07,41716,https://github.com/Expensify/App/issues/41716,2024-05-07
41760,https://github.com/Expensify/App/issues/41760,Deploy Checklist: New Expensify 2024-05-07,41716,https://github.com/Expensify/App/issues/41716,2024-05-07
41761,https://github.com/Expensify/App/issues/41761,Deploy Checklist: New Expensify 2024-05-07,41716,https://github.com/Expensify/App/issues/41716,2024-05-07
41762,https://github.com/Expensify/App/issues/41762,Deploy Checklist: New Expensify 2024-05-07,41716,https://github.com/Expensify/App/issues/41716,2024-05-07
41763,https://github.com/Expensify/App/issues/41763,Deploy Checklist: New Expensify 2024-05-07,41716,https://github.com/Expensify/App/issues/41716,2024-05-07
41766,https://github.com/Expensify/App/issues/41766,Deploy Checklist: New Expensify 2024-05-07,41716,https://github.com/Expensify/App/issues/41716,2024-05-07
41773,https://github.com/Expensify/App/issues/41773,Deploy Checklist: New Expensify 2024-05-07,41716,https://github.com/Expensify/App/issues/41716,2024-05-07
41780,https://github.com/Expensify/App/issues/41780,Deploy Checklist: New Expensify 2024-05-07,41716,https://github.com/Expensify/App/issues/41716,2024-05-07
41790,https://github.com/Expensify/App/issues/41790,Deploy Checklist: New Expensify 2024-05-07,41716,https://github.com/Expensify/App/issues/41716,2024-05-07
41791,https://github.com/Expensify/App/issues/41791,Deploy Checklist: New Expensify 2024-05-07,41716,https://github.com/Expensify/App/issues/41716,2024-05-07
41796,https://github.com/Expensify/App/issues/41796,Deploy Checklist: New Expensify 2024-05-07,41716,https://github.com/Expensify/App/issues/41716,2024-05-07
41797,https://github.com/Expensify/App/issues/41797,Deploy Checklist: New Expensify 2024-05-07,41716,https://github.com/Expensify/App/issues/41716,2024-05-07
41799,https://github.com/Expensify/App/issues/41799,Deploy Checklist: New Expensify 2024-05-07,41716,https://github.com/Expensify/App/issues/41716,2024-05-07
41803,https://github.com/Expensify/App/issues/41803,Deploy Checklist: New Expensify 2024-05-07,41716,https://github.com/Expensify/App/issues/41716,2024-05-07
41824,https://github.com/Expensify/App/issues/41824,Deploy Checklist: New Expensify 2024-05-07,41716,https://github.com/Expensify/App/issues/41716,2024-05-07
41825,https://github.com/Expensify/App/issues/41825,Deploy Checklist: New Expensify 2024-05-07,41716,https://github.com/Expensify/App/issues/41716,2024-05-07
41832,https://github.com/Expensify/App/issues/41832,Deploy Checklist: New Expensify 2024-05-07,41716,https://github.com/Expensify/App/issues/41716,2024-05-07
41833,https://github.com/Expensify/App/issues/41833,Deploy Checklist: New Expensify 2024-05-07,41716,https://github.com/Expensify/App/issues/41716,2024-05-07
41838,https://github.com/Expensify/App/issues/41838,Deploy Checklist: New Expensify 2024-05-07,41716,https://github.com/Expensify/App/issues/41716,2024-05-07
41844,https://github.com/Expensify/App/issues/41844,Deploy Checklist: New Expensify 2024-05-07,41716,https://github.com/Expensify/App/issues/41716,2024-05-07
41848,https://github.com/Expensify/App/issues/41848,Deploy Checklist: New Expensify 2024-05-07,41716,https://github.com/Expensify/App/issues/41716,2024-05-07
41851,https://github.com/Expensify/App/issues/41851,Deploy Checklist: New Expensify 2024-05-07,41716,https://github.com/Expensify/App/issues/41716,2024-05-07
41504,https://github.com/Expensify/App/issues/41504,Deploy Checklist: New Expensify 2024-05-02,41494,https://github.com/Expensify/App/issues/41494,2024-05-02
41505,https://github.com/Expensify/App/issues/41505,Deploy Checklist: New Expensify 2024-05-02,41494,https://github.com/Expensify/App/issues/41494,2024-05-02
41506,https://github.com/Expensify/App/issues/41506,Deploy Checklist: New Expensify 2024-05-02,41494,https://github.com/Expensify/App/issues/41494,2024-05-02
41510,https://github.com/Expensify/App/issues/41510,Deploy Checklist: New Expensify 2024-05-02,41494,https://github.com/Expensify/App/issues/41494,2024-05-02
41515,https://github.com/Expensify/App/issues/41515,Deploy Checklist: New Expensify 2024-05-02,41494,https://github.com/Expensify/App/issues/41494,2024-05-02
41523,https://github.com/Expensify/App/issues/41523,Deploy Checklist: New Expensify 2024-05-02,41494,https://github.com/Expensify/App/issues/41494,2024-05-02
41531,https://github.com/Expensify/App/issues/41531,Deploy Checklist: New Expensify 2024-05-02,41494,https://github.com/Expensify/App/issues/41494,2024-05-02
41532,https://github.com/Expensify/App/issues/41532,Deploy Checklist: New Expensify 2024-05-02,41494,https://github.com/Expensify/App/issues/41494,2024-05-02
41534,https://github.com/Expensify/App/issues/41534,Deploy Checklist: New Expensify 2024-05-02,41494,https://github.com/Expensify/App/issues/41494,2024-05-02
41573,https://github.com/Expensify/App/issues/41573,Deploy Checklist: New Expensify 2024-05-02,41494,https://github.com/Expensify/App/issues/41494,2024-05-02
41601,https://github.com/Expensify/App/issues/41601,Deploy Checklist: New Expensify 2024-05-02,41494,https://github.com/Expensify/App/issues/41494,2024-05-02
41704,https://github.com/Expensify/App/issues/41704,Deploy Checklist: New Expensify 2024-05-02,41494,https://github.com/Expensify/App/issues/41494,2024-05-02
41385,https://github.com/Expensify/App/issues/41385,Deploy Checklist: New Expensify 2024-05-01,41376,https://github.com/Expensify/App/issues/41376,2024-05-01
41386,https://github.com/Expensify/App/issues/41386,Deploy Checklist: New Expensify 2024-05-01,41376,https://github.com/Expensify/App/issues/41376,2024-05-01
41387,https://github.com/Expensify/App/issues/41387,Deploy Checklist: New Expensify 2024-05-01,41376,https://github.com/Expensify/App/issues/41376,2024-05-01
41389,https://github.com/Expensify/App/issues/41389,Deploy Checklist: New Expensify 2024-05-01,41376,https://github.com/Expensify/App/issues/41376,2024-05-01
41390,https://github.com/Expensify/App/issues/41390,Deploy Checklist: New Expensify 2024-05-01,41376,https://github.com/Expensify/App/issues/41376,2024-05-01
41401,https://github.com/Expensify/App/issues/41401,Deploy Checklist: New Expensify 2024-05-01,41376,https://github.com/Expensify/App/issues/41376,2024-05-01
41410,https://github.com/Expensify/App/issues/41410,Deploy Checklist: New Expensify 2024-05-01,41376,https://github.com/Expensify/App/issues/41376,2024-05-01
41422,https://github.com/Expensify/App/issues/41422,Deploy Checklist: New Expensify 2024-05-01,41376,https://github.com/Expensify/App/issues/41376,2024-05-01
41424,https://github.com/Expensify/App/issues/41424,Deploy Checklist: New Expensify 2024-05-01,41376,https://github.com/Expensify/App/issues/41376,2024-05-01
41431,https://github.com/Expensify/App/issues/41431,Deploy Checklist: New Expensify 2024-05-01,41376,https://github.com/Expensify/App/issues/41376,2024-05-01
41434,https://github.com/Expensify/App/issues/41434,Deploy Checklist: New Expensify 2024-05-01,41376,https://github.com/Expensify/App/issues/41376,2024-05-01
41489,https://github.com/Expensify/App/issues/41489,Deploy Checklist: New Expensify 2024-05-01,41376,https://github.com/Expensify/App/issues/41376,2024-05-01
41270,https://github.com/Expensify/App/issues/41270,Deploy Checklist: New Expensify 2024-04-29,41266,https://github.com/Expensify/App/issues/41266,2024-04-29
41271,https://github.com/Expensify/App/issues/41271,Deploy Checklist: New Expensify 2024-04-29,41266,https://github.com/Expensify/App/issues/41266,2024-04-29
41275,https://github.com/Expensify/App/issues/41275,Deploy Checklist: New Expensify 2024-04-29,41266,https://github.com/Expensify/App/issues/41266,2024-04-29
41276,https://github.com/Expensify/App/issues/41276,Deploy Checklist: New Expensify 2024-04-29,41266,https://github.com/Expensify/App/issues/41266,2024-04-29
41280,https://github.com/Expensify/App/issues/41280,Deploy Checklist: New Expensify 2024-04-29,41266,https://github.com/Expensify/App/issues/41266,2024-04-29
41281,https://github.com/Expensify/App/issues/41281,Deploy Checklist: New Expensify 2024-04-29,41266,https://github.com/Expensify/App/issues/41266,2024-04-29
41285,https://github.com/Expensify/App/issues/41285,Deploy Checklist: New Expensify 2024-04-29,41266,https://github.com/Expensify/App/issues/41266,2024-04-29
41286,https://github.com/Expensify/App/issues/41286,Deploy Checklist: New Expensify 2024-04-29,41266,https://github.com/Expensify/App/issues/41266,2024-04-29
41287,https://github.com/Expensify/App/issues/41287,Deploy Checklist: New Expensify 2024-04-29,41266,https://github.com/Expensify/App/issues/41266,2024-04-29
41289,https://github.com/Expensify/App/issues/41289,Deploy Checklist: New Expensify 2024-04-29,41266,https://github.com/Expensify/App/issues/41266,2024-04-29
41300,https://github.com/Expensify/App/issues/41300,Deploy Checklist: New Expensify 2024-04-29,41266,https://github.com/Expensify/App/issues/41266,2024-04-29
41301,https://github.com/Expensify/App/issues/41301,Deploy Checklist: New Expensify 2024-04-29,41266,https://github.com/Expensify/App/issues/41266,2024-04-29
41305,https://github.com/Expensify/App/issues/41305,Deploy Checklist: New Expensify 2024-04-29,41266,https://github.com/Expensify/App/issues/41266,2024-04-29
41306,https://github.com/Expensify/App/issues/41306,Deploy Checklist: New Expensify 2024-04-29,41266,https://github.com/Expensify/App/issues/41266,2024-04-29
41307,https://github.com/Expensify/App/issues/41307,Deploy Checklist: New Expensify 2024-04-29,41266,https://github.com/Expensify/App/issues/41266,2024-04-29
41318,https://github.com/Expensify/App/issues/41318,Deploy Checklist: New Expensify 2024-04-29,41266,https://github.com/Expensify/App/issues/41266,2024-04-29
41320,https://github.com/Expensify/App/issues/41320,Deploy Checklist: New Expensify 2024-04-29,41266,https://github.com/Expensify/App/issues/41266,2024-04-29
41321,https://github.com/Expensify/App/issues/41321,Deploy Checklist: New Expensify 2024-04-29,41266,https://github.com/Expensify/App/issues/41266,2024-04-29
41323,https://github.com/Expensify/App/issues/41323,Deploy Checklist: New Expensify 2024-04-29,41266,https://github.com/Expensify/App/issues/41266,2024-04-29
41333,https://github.com/Expensify/App/issues/41333,Deploy Checklist: New Expensify 2024-04-29,41266,https://github.com/Expensify/App/issues/41266,2024-04-29
41340,https://github.com/Expensify/App/issues/41340,Deploy Checklist: New Expensify 2024-04-29,41266,https://github.com/Expensify/App/issues/41266,2024-04-29
41362,https://github.com/Expensify/App/issues/41362,Deploy Checklist: New Expensify 2024-04-29,41266,https://github.com/Expensify/App/issues/41266,2024-04-29
41128,https://github.com/Expensify/App/issues/41128,Deploy Checklist: New Expensify 2024-04-26,41122,https://github.com/Expensify/App/issues/41122,2024-04-26
41129,https://github.com/Expensify/App/issues/41129,Deploy Checklist: New Expensify 2024-04-26,41122,https://github.com/Expensify/App/issues/41122,2024-04-26
41130,https://github.com/Expensify/App/issues/41130,Deploy Checklist: New Expensify 2024-04-26,41122,https://github.com/Expensify/App/issues/41122,2024-04-26
41131,https://github.com/Expensify/App/issues/41131,Deploy Checklist: New Expensify 2024-04-26,41122,https://github.com/Expensify/App/issues/41122,2024-04-26
41132,https://github.com/Expensify/App/issues/41132,Deploy Checklist: New Expensify 2024-04-26,41122,https://github.com/Expensify/App/issues/41122,2024-04-26
41133,https://github.com/Expensify/App/issues/41133,Deploy Checklist: New Expensify 2024-04-26,41122,https://github.com/Expensify/App/issues/41122,2024-04-26
41134,https://github.com/Expensify/App/issues/41134,Deploy Checklist: New Expensify 2024-04-26,41122,https://github.com/Expensify/App/issues/41122,2024-04-26
41135,https://github.com/Expensify/App/issues/41135,Deploy Checklist: New Expensify 2024-04-26,41122,https://github.com/Expensify/App/issues/41122,2024-04-26
41138,https://github.com/Expensify/App/issues/41138,Deploy Checklist: New Expensify 2024-04-26,41122,https://github.com/Expensify/App/issues/41122,2024-04-26
41142,https://github.com/Expensify/App/issues/41142,Deploy Checklist: New Expensify 2024-04-26,41122,https://github.com/Expensify/App/issues/41122,2024-04-26
41148,https://github.com/Expensify/App/issues/41148,Deploy Checklist: New Expensify 2024-04-26,41122,https://github.com/Expensify/App/issues/41122,2024-04-26
41157,https://github.com/Expensify/App/issues/41157,Deploy Checklist: New Expensify 2024-04-26,41122,https://github.com/Expensify/App/issues/41122,2024-04-26
41170,https://github.com/Expensify/App/issues/41170,Deploy Checklist: New Expensify 2024-04-26,41122,https://github.com/Expensify/App/issues/41122,2024-04-26
41184,https://github.com/Expensify/App/issues/41184,Deploy Checklist: New Expensify 2024-04-26,41122,https://github.com/Expensify/App/issues/41122,2024-04-26
41195,https://github.com/Expensify/App/issues/41195,Deploy Checklist: New Expensify 2024-04-26,41122,https://github.com/Expensify/App/issues/41122,2024-04-26
40989,https://github.com/Expensify/App/issues/40989,Deploy Checklist: New Expensify 2024-04-25,40981,https://github.com/Expensify/App/issues/40981,2024-04-25
40991,https://github.com/Expensify/App/issues/40991,Deploy Checklist: New Expensify 2024-04-25,40981,https://github.com/Expensify/App/issues/40981,2024-04-25
40993,https://github.com/Expensify/App/issues/40993,Deploy Checklist: New Expensify 2024-04-25,40981,https://github.com/Expensify/App/issues/40981,2024-04-25
40996,https://github.com/Expensify/App/issues/40996,Deploy Checklist: New Expensify 2024-04-25,40981,https://github.com/Expensify/App/issues/40981,2024-04-25
41000,https://github.com/Expensify/App/issues/41000,Deploy Checklist: New Expensify 2024-04-25,40981,https://github.com/Expensify/App/issues/40981,2024-04-25
41005,https://github.com/Expensify/App/issues/41005,Deploy Checklist: New Expensify 2024-04-25,40981,https://github.com/Expensify/App/issues/40981,2024-04-25
41011,https://github.com/Expensify/App/issues/41011,Deploy Checklist: New Expensify 2024-04-25,40981,https://github.com/Expensify/App/issues/40981,2024-04-25
41014,https://github.com/Expensify/App/issues/41014,Deploy Checklist: New Expensify 2024-04-25,40981,https://github.com/Expensify/App/issues/40981,2024-04-25
41017,https://github.com/Expensify/App/issues/41017,Deploy Checklist: New Expensify 2024-04-25,40981,https://github.com/Expensify/App/issues/40981,2024-04-25
41024,https://github.com/Expensify/App/issues/41024,Deploy Checklist: New Expensify 2024-04-25,40981,https://github.com/Expensify/App/issues/40981,2024-04-25
41025,https://github.com/Expensify/App/issues/41025,Deploy Checklist: New Expensify 2024-04-25,40981,https://github.com/Expensify/App/issues/40981,2024-04-25
41029,https://github.com/Expensify/App/issues/41029,Deploy Checklist: New Expensify 2024-04-25,40981,https://github.com/Expensify/App/issues/40981,2024-04-25
41031,https://github.com/Expensify/App/issues/41031,Deploy Checklist: New Expensify 2024-04-25,40981,https://github.com/Expensify/App/issues/40981,2024-04-25
41065,https://github.com/Expensify/App/issues/41065,Deploy Checklist: New Expensify 2024-04-25,40981,https://github.com/Expensify/App/issues/40981,2024-04-25
41088,https://github.com/Expensify/App/issues/41088,Deploy Checklist: New Expensify 2024-04-25,40981,https://github.com/Expensify/App/issues/40981,2024-04-25
41092,https://github.com/Expensify/App/issues/41092,Deploy Checklist: New Expensify 2024-04-25,40981,https://github.com/Expensify/App/issues/40981,2024-04-25
41095,https://github.com/Expensify/App/issues/41095,Deploy Checklist: New Expensify 2024-04-25,40981,https://github.com/Expensify/App/issues/40981,2024-04-25
40854,https://github.com/Expensify/App/issues/40854,Deploy Checklist: New Expensify 2024-04-23,40843,https://github.com/Expensify/App/issues/40843,2024-04-23
40856,https://github.com/Expensify/App/issues/40856,Deploy Checklist: New Expensify 2024-04-23,40843,https://github.com/Expensify/App/issues/40843,2024-04-23
40860,https://github.com/Expensify/App/issues/40860,Deploy Checklist: New Expensify 2024-04-23,40843,https://github.com/Expensify/App/issues/40843,2024-04-23
40861,https://github.com/Expensify/App/issues/40861,Deploy Checklist: New Expensify 2024-04-23,40843,https://github.com/Expensify/App/issues/40843,2024-04-23
40862,https://github.com/Expensify/App/issues/40862,Deploy Checklist: New Expensify 2024-04-23,40843,https://github.com/Expensify/App/issues/40843,2024-04-23
40863,https://github.com/Expensify/App/issues/40863,Deploy Checklist: New Expensify 2024-04-23,40843,https://github.com/Expensify/App/issues/40843,2024-04-23
40864,https://github.com/Expensify/App/issues/40864,Deploy Checklist: New Expensify 2024-04-23,40843,https://github.com/Expensify/App/issues/40843,2024-04-23
40866,https://github.com/Expensify/App/issues/40866,Deploy Checklist: New Expensify 2024-04-23,40843,https://github.com/Expensify/App/issues/40843,2024-04-23
40873,https://github.com/Expensify/App/issues/40873,Deploy Checklist: New Expensify 2024-04-23,40843,https://github.com/Expensify/App/issues/40843,2024-04-23
40874,https://github.com/Expensify/App/issues/40874,Deploy Checklist: New Expensify 2024-04-23,40843,https://github.com/Expensify/App/issues/40843,2024-04-23
40875,https://github.com/Expensify/App/issues/40875,Deploy Checklist: New Expensify 2024-04-23,40843,https://github.com/Expensify/App/issues/40843,2024-04-23
40876,https://github.com/Expensify/App/issues/40876,Deploy Checklist: New Expensify 2024-04-23,40843,https://github.com/Expensify/App/issues/40843,2024-04-23
40890,https://github.com/Expensify/App/issues/40890,Deploy Checklist: New Expensify 2024-04-23,40843,https://github.com/Expensify/App/issues/40843,2024-04-23
40907,https://github.com/Expensify/App/issues/40907,Deploy Checklist: New Expensify 2024-04-23,40843,https://github.com/Expensify/App/issues/40843,2024-04-23
40910,https://github.com/Expensify/App/issues/40910,Deploy Checklist: New Expensify 2024-04-23,40843,https://github.com/Expensify/App/issues/40843,2024-04-23
40913,https://github.com/Expensify/App/issues/40913,Deploy Checklist: New Expensify 2024-04-23,40843,https://github.com/Expensify/App/issues/40843,2024-04-23
40915,https://github.com/Expensify/App/issues/40915,Deploy Checklist: New Expensify 2024-04-23,40843,https://github.com/Expensify/App/issues/40843,2024-04-23
40917,https://github.com/Expensify/App/issues/40917,Deploy Checklist: New Expensify 2024-04-23,40843,https://github.com/Expensify/App/issues/40843,2024-04-23
40925,https://github.com/Expensify/App/issues/40925,Deploy Checklist: New Expensify 2024-04-23,40843,https://github.com/Expensify/App/issues/40843,2024-04-23
40108,https://github.com/Expensify/App/issues/40108,Deploy Checklist: New Expensify 2024-04-22,40702,https://github.com/Expensify/App/issues/40702,2024-04-22
40397,https://github.com/Expensify/App/issues/40397,Deploy Checklist: New Expensify 2024-04-22,40702,https://github.com/Expensify/App/issues/40702,2024-04-22
40470,https://github.com/Expensify/App/issues/40470,Deploy Checklist: New Expensify 2024-04-22,40702,https://github.com/Expensify/App/issues/40702,2024-04-22
40474,https://github.com/Expensify/App/issues/40474,Deploy Checklist: New Expensify 2024-04-22,40702,https://github.com/Expensify/App/issues/40702,2024-04-22
40476,https://github.com/Expensify/App/issues/40476,Deploy Checklist: New Expensify 2024-04-22,40702,https://github.com/Expensify/App/issues/40702,2024-04-22
40551,https://github.com/Expensify/App/issues/40551,Deploy Checklist: New Expensify 2024-04-22,40702,https://github.com/Expensify/App/issues/40702,2024-04-22
40705,https://github.com/Expensify/App/issues/40705,Deploy Checklist: New Expensify 2024-04-22,40702,https://github.com/Expensify/App/issues/40702,2024-04-22
40709,https://github.com/Expensify/App/issues/40709,Deploy Checklist: New Expensify 2024-04-22,40702,https://github.com/Expensify/App/issues/40702,2024-04-22
40710,https://github.com/Expensify/App/issues/40710,Deploy Checklist: New Expensify 2024-04-22,40702,https://github.com/Expensify/App/issues/40702,2024-04-22
40712,https://github.com/Expensify/App/issues/40712,Deploy Checklist: New Expensify 2024-04-22,40702,https://github.com/Expensify/App/issues/40702,2024-04-22
40715,https://github.com/Expensify/App/issues/40715,Deploy Checklist: New Expensify 2024-04-22,40702,https://github.com/Expensify/App/issues/40702,2024-04-22
40717,https://github.com/Expensify/App/issues/40717,Deploy Checklist: New Expensify 2024-04-22,40702,https://github.com/Expensify/App/issues/40702,2024-04-22
40719,https://github.com/Expensify/App/issues/40719,Deploy Checklist: New Expensify 2024-04-22,40702,https://github.com/Expensify/App/issues/40702,2024-04-22
40720,https://github.com/Expensify/App/issues/40720,Deploy Checklist: New Expensify 2024-04-22,40702,https://github.com/Expensify/App/issues/40702,2024-04-22
40721,https://github.com/Expensify/App/issues/40721,Deploy Checklist: New Expensify 2024-04-22,40702,https://github.com/Expensify/App/issues/40702,2024-04-22
40722,https://github.com/Expensify/App/issues/40722,Deploy Checklist: New Expensify 2024-04-22,40702,https://github.com/Expensify/App/issues/40702,2024-04-22
40723,https://github.com/Expensify/App/issues/40723,Deploy Checklist: New Expensify 2024-04-22,40702,https://github.com/Expensify/App/issues/40702,2024-04-22
40724,https://github.com/Expensify/App/issues/40724,Deploy Checklist: New Expensify 2024-04-22,40702,https://github.com/Expensify/App/issues/40702,2024-04-22
40725,https://github.com/Expensify/App/issues/40725,Deploy Checklist: New Expensify 2024-04-22,40702,https://github.com/Expensify/App/issues/40702,2024-04-22
40742,https://github.com/Expensify/App/issues/40742,Deploy Checklist: New Expensify 2024-04-22,40702,https://github.com/Expensify/App/issues/40702,2024-04-22
40743,https://github.com/Expensify/App/issues/40743,Deploy Checklist: New Expensify 2024-04-22,40702,https://github.com/Expensify/App/issues/40702,2024-04-22
40745,https://github.com/Expensify/App/issues/40745,Deploy Checklist: New Expensify 2024-04-22,40702,https://github.com/Expensify/App/issues/40702,2024-04-22
40746,https://github.com/Expensify/App/issues/40746,Deploy Checklist: New Expensify 2024-04-22,40702,https://github.com/Expensify/App/issues/40702,2024-04-22
40747,https://github.com/Expensify/App/issues/40747,Deploy Checklist: New Expensify 2024-04-22,40702,https://github.com/Expensify/App/issues/40702,2024-04-22
40749,https://github.com/Expensify/App/issues/40749,Deploy Checklist: New Expensify 2024-04-22,40702,https://github.com/Expensify/App/issues/40702,2024-04-22
40750,https://github.com/Expensify/App/issues/40750,Deploy Checklist: New Expensify 2024-04-22,40702,https://github.com/Expensify/App/issues/40702,2024-04-22
40751,https://github.com/Expensify/App/issues/40751,Deploy Checklist: New Expensify 2024-04-22,40702,https://github.com/Expensify/App/issues/40702,2024-04-22
40752,https://github.com/Expensify/App/issues/40752,Deploy Checklist: New Expensify 2024-04-22,40702,https://github.com/Expensify/App/issues/40702,2024-04-22
40753,https://github.com/Expensify/App/issues/40753,Deploy Checklist: New Expensify 2024-04-22,40702,https://github.com/Expensify/App/issues/40702,2024-04-22
40754,https://github.com/Expensify/App/issues/40754,Deploy Checklist: New Expensify 2024-04-22,40702,https://github.com/Expensify/App/issues/40702,2024-04-22
40755,https://github.com/Expensify/App/issues/40755,Deploy Checklist: New Expensify 2024-04-22,40702,https://github.com/Expensify/App/issues/40702,2024-04-22
40756,https://github.com/Expensify/App/issues/40756,Deploy Checklist: New Expensify 2024-04-22,40702,https://github.com/Expensify/App/issues/40702,2024-04-22
40762,https://github.com/Expensify/App/issues/40762,Deploy Checklist: New Expensify 2024-04-22,40702,https://github.com/Expensify/App/issues/40702,2024-04-22
40791,https://github.com/Expensify/App/issues/40791,Deploy Checklist: New Expensify 2024-04-22,40702,https://github.com/Expensify/App/issues/40702,2024-04-22
40818,https://github.com/Expensify/App/issues/40818,Deploy Checklist: New Expensify 2024-04-22,40702,https://github.com/Expensify/App/issues/40702,2024-04-22
40048,https://github.com/Expensify/App/issues/40048,Deploy Checklist: New Expensify 2024-04-18,40392,https://github.com/Expensify/App/issues/40392,2024-04-18
40108,https://github.com/Expensify/App/issues/40108,Deploy Checklist: New Expensify 2024-04-18,40392,https://github.com/Expensify/App/issues/40392,2024-04-18
40360,https://github.com/Expensify/App/issues/40360,Deploy Checklist: New Expensify 2024-04-18,40392,https://github.com/Expensify/App/issues/40392,2024-04-18
40397,https://github.com/Expensify/App/issues/40397,Deploy Checklist: New Expensify 2024-04-18,40392,https://github.com/Expensify/App/issues/40392,2024-04-18
40398,https://github.com/Expensify/App/issues/40398,Deploy Checklist: New Expensify 2024-04-18,40392,https://github.com/Expensify/App/issues/40392,2024-04-18
40399,https://github.com/Expensify/App/issues/40399,Deploy Checklist: New Expensify 2024-04-18,40392,https://github.com/Expensify/App/issues/40392,2024-04-18
40400,https://github.com/Expensify/App/issues/40400,Deploy Checklist: New Expensify 2024-04-18,40392,https://github.com/Expensify/App/issues/40392,2024-04-18
40401,https://github.com/Expensify/App/issues/40401,Deploy Checklist: New Expensify 2024-04-18,40392,https://github.com/Expensify/App/issues/40392,2024-04-18
40403,https://github.com/Expensify/App/issues/40403,Deploy Checklist: New Expensify 2024-04-18,40392,https://github.com/Expensify/App/issues/40392,2024-04-18
40405,https://github.com/Expensify/App/issues/40405,Deploy Checklist: New Expensify 2024-04-18,40392,https://github.com/Expensify/App/issues/40392,2024-04-18
40406,https://github.com/Expensify/App/issues/40406,Deploy Checklist: New Expensify 2024-04-18,40392,https://github.com/Expensify/App/issues/40392,2024-04-18
40407,https://github.com/Expensify/App/issues/40407,Deploy Checklist: New Expensify 2024-04-18,40392,https://github.com/Expensify/App/issues/40392,2024-04-18
40408,https://github.com/Expensify/App/issues/40408,Deploy Checklist: New Expensify 2024-04-18,40392,https://github.com/Expensify/App/issues/40392,2024-04-18
40410,https://github.com/Expensify/App/issues/40410,Deploy Checklist: New Expensify 2024-04-18,40392,https://github.com/Expensify/App/issues/40392,2024-04-18
40411,https://github.com/Expensify/App/issues/40411,Deploy Checklist: New Expensify 2024-04-18,40392,https://github.com/Expensify/App/issues/40392,2024-04-18
40412,https://github.com/Expensify/App/issues/40412,Deploy Checklist: New Expensify 2024-04-18,40392,https://github.com/Expensify/App/issues/40392,2024-04-18
40413,https://github.com/Expensify/App/issues/40413,Deploy Checklist: New Expensify 2024-04-18,40392,https://github.com/Expensify/App/issues/40392,2024-04-18
40414,https://github.com/Expensify/App/issues/40414,Deploy Checklist: New Expensify 2024-04-18,40392,https://github.com/Expensify/App/issues/40392,2024-04-18
40416,https://github.com/Expensify/App/issues/40416,Deploy Checklist: New Expensify 2024-04-18,40392,https://github.com/Expensify/App/issues/40392,2024-04-18
40417,https://github.com/Expensify/App/issues/40417,Deploy Checklist: New Expensify 2024-04-18,40392,https://github.com/Expensify/App/issues/40392,2024-04-18
40421,https://github.com/Expensify/App/issues/40421,Deploy Checklist: New Expensify 2024-04-18,40392,https://github.com/Expensify/App/issues/40392,2024-04-18
40422,https://github.com/Expensify/App/issues/40422,Deploy Checklist: New Expensify 2024-04-18,40392,https://github.com/Expensify/App/issues/40392,2024-04-18
40424,https://github.com/Expensify/App/issues/40424,Deploy Checklist: New Expensify 2024-04-18,40392,https://github.com/Expensify/App/issues/40392,2024-04-18
40426,https://github.com/Expensify/App/issues/40426,Deploy Checklist: New Expensify 2024-04-18,40392,https://github.com/Expensify/App/issues/40392,2024-04-18
40427,https://github.com/Expensify/App/issues/40427,Deploy Checklist: New Expensify 2024-04-18,40392,https://github.com/Expensify/App/issues/40392,2024-04-18
40429,https://github.com/Expensify/App/issues/40429,Deploy Checklist: New Expensify 2024-04-18,40392,https://github.com/Expensify/App/issues/40392,2024-04-18
40430,https://github.com/Expensify/App/issues/40430,Deploy Checklist: New Expensify 2024-04-18,40392,https://github.com/Expensify/App/issues/40392,2024-04-18
40433,https://github.com/Expensify/App/issues/40433,Deploy Checklist: New Expensify 2024-04-18,40392,https://github.com/Expensify/App/issues/40392,2024-04-18
40436,https://github.com/Expensify/App/issues/40436,Deploy Checklist: New Expensify 2024-04-18,40392,https://github.com/Expensify/App/issues/40392,2024-04-18
40440,https://github.com/Expensify/App/issues/40440,Deploy Checklist: New Expensify 2024-04-18,40392,https://github.com/Expensify/App/issues/40392,2024-04-18
40441,https://github.com/Expensify/App/issues/40441,Deploy Checklist: New Expensify 2024-04-18,40392,https://github.com/Expensify/App/issues/40392,2024-04-18
40442,https://github.com/Expensify/App/issues/40442,Deploy Checklist: New Expensify 2024-04-18,40392,https://github.com/Expensify/App/issues/40392,2024-04-18
40452,https://github.com/Expensify/App/issues/40452,Deploy Checklist: New Expensify 2024-04-18,40392,https://github.com/Expensify/App/issues/40392,2024-04-18
40454,https://github.com/Expensify/App/issues/40454,Deploy Checklist: New Expensify 2024-04-18,40392,https://github.com/Expensify/App/issues/40392,2024-04-18
40456,https://github.com/Expensify/App/issues/40456,Deploy Checklist: New Expensify 2024-04-18,40392,https://github.com/Expensify/App/issues/40392,2024-04-18
40457,https://github.com/Expensify/App/issues/40457,Deploy Checklist: New Expensify 2024-04-18,40392,https://github.com/Expensify/App/issues/40392,2024-04-18
40458,https://github.com/Expensify/App/issues/40458,Deploy Checklist: New Expensify 2024-04-18,40392,https://github.com/Expensify/App/issues/40392,2024-04-18
40459,https://github.com/Expensify/App/issues/40459,Deploy Checklist: New Expensify 2024-04-18,40392,https://github.com/Expensify/App/issues/40392,2024-04-18
40462,https://github.com/Expensify/App/issues/40462,Deploy Checklist: New Expensify 2024-04-18,40392,https://github.com/Expensify/App/issues/40392,2024-04-18
40463,https://github.com/Expensify/App/issues/40463,Deploy Checklist: New Expensify 2024-04-18,40392,https://github.com/Expensify/App/issues/40392,2024-04-18
40465,https://github.com/Expensify/App/issues/40465,Deploy Checklist: New Expensify 2024-04-18,40392,https://github.com/Expensify/App/issues/40392,2024-04-18
40466,https://github.com/Expensify/App/issues/40466,Deploy Checklist: New Expensify 2024-04-18,40392,https://github.com/Expensify/App/issues/40392,2024-04-18
40467,https://github.com/Expensify/App/issues/40467,Deploy Checklist: New Expensify 2024-04-18,40392,https://github.com/Expensify/App/issues/40392,2024-04-18
40470,https://github.com/Expensify/App/issues/40470,Deploy Checklist: New Expensify 2024-04-18,40392,https://github.com/Expensify/App/issues/40392,2024-04-18
40472,https://github.com/Expensify/App/issues/40472,Deploy Checklist: New Expensify 2024-04-18,40392,https://github.com/Expensify/App/issues/40392,2024-04-18
40474,https://github.com/Expensify/App/issues/40474,Deploy Checklist: New Expensify 2024-04-18,40392,https://github.com/Expensify/App/issues/40392,2024-04-18
40476,https://github.com/Expensify/App/issues/40476,Deploy Checklist: New Expensify 2024-04-18,40392,https://github.com/Expensify/App/issues/40392,2024-04-18
40477,https://github.com/Expensify/App/issues/40477,Deploy Checklist: New Expensify 2024-04-18,40392,https://github.com/Expensify/App/issues/40392,2024-04-18
40483,https://github.com/Expensify/App/issues/40483,Deploy Checklist: New Expensify 2024-04-18,40392,https://github.com/Expensify/App/issues/40392,2024-04-18
40485,https://github.com/Expensify/App/issues/40485,Deploy Checklist: New Expensify 2024-04-18,40392,https://github.com/Expensify/App/issues/40392,2024-04-18
40486,https://github.com/Expensify/App/issues/40486,Deploy Checklist: New Expensify 2024-04-18,40392,https://github.com/Expensify/App/issues/40392,2024-04-18
40489,https://github.com/Expensify/App/issues/40489,Deploy Checklist: New Expensify 2024-04-18,40392,https://github.com/Expensify/App/issues/40392,2024-04-18
40490,https://github.com/Expensify/App/issues/40490,Deploy Checklist: New Expensify 2024-04-18,40392,https://github.com/Expensify/App/issues/40392,2024-04-18
40492,https://github.com/Expensify/App/issues/40492,Deploy Checklist: New Expensify 2024-04-18,40392,https://github.com/Expensify/App/issues/40392,2024-04-18
40493,https://github.com/Expensify/App/issues/40493,Deploy Checklist: New Expensify 2024-04-18,40392,https://github.com/Expensify/App/issues/40392,2024-04-18
40498,https://github.com/Expensify/App/issues/40498,Deploy Checklist: New Expensify 2024-04-18,40392,https://github.com/Expensify/App/issues/40392,2024-04-18
40499,https://github.com/Expensify/App/issues/40499,Deploy Checklist: New Expensify 2024-04-18,40392,https://github.com/Expensify/App/issues/40392,2024-04-18
40504,https://github.com/Expensify/App/issues/40504,Deploy Checklist: New Expensify 2024-04-18,40392,https://github.com/Expensify/App/issues/40392,2024-04-18
40507,https://github.com/Expensify/App/issues/40507,Deploy Checklist: New Expensify 2024-04-18,40392,https://github.com/Expensify/App/issues/40392,2024-04-18
40509,https://github.com/Expensify/App/issues/40509,Deploy Checklist: New Expensify 2024-04-18,40392,https://github.com/Expensify/App/issues/40392,2024-04-18
40512,https://github.com/Expensify/App/issues/40512,Deploy Checklist: New Expensify 2024-04-18,40392,https://github.com/Expensify/App/issues/40392,2024-04-18
40513,https://github.com/Expensify/App/issues/40513,Deploy Checklist: New Expensify 2024-04-18,40392,https://github.com/Expensify/App/issues/40392,2024-04-18
40517,https://github.com/Expensify/App/issues/40517,Deploy Checklist: New Expensify 2024-04-18,40392,https://github.com/Expensify/App/issues/40392,2024-04-18
40519,https://github.com/Expensify/App/issues/40519,Deploy Checklist: New Expensify 2024-04-18,40392,https://github.com/Expensify/App/issues/40392,2024-04-18
40520,https://github.com/Expensify/App/issues/40520,Deploy Checklist: New Expensify 2024-04-18,40392,https://github.com/Expensify/App/issues/40392,2024-04-18
40524,https://github.com/Expensify/App/issues/40524,Deploy Checklist: New Expensify 2024-04-18,40392,https://github.com/Expensify/App/issues/40392,2024-04-18
40535,https://github.com/Expensify/App/issues/40535,Deploy Checklist: New Expensify 2024-04-18,40392,https://github.com/Expensify/App/issues/40392,2024-04-18
40536,https://github.com/Expensify/App/issues/40536,Deploy Checklist: New Expensify 2024-04-18,40392,https://github.com/Expensify/App/issues/40392,2024-04-18
40538,https://github.com/Expensify/App/issues/40538,Deploy Checklist: New Expensify 2024-04-18,40392,https://github.com/Expensify/App/issues/40392,2024-04-18
40539,https://github.com/Expensify/App/issues/40539,Deploy Checklist: New Expensify 2024-04-18,40392,https://github.com/Expensify/App/issues/40392,2024-04-18
40541,https://github.com/Expensify/App/issues/40541,Deploy Checklist: New Expensify 2024-04-18,40392,https://github.com/Expensify/App/issues/40392,2024-04-18
40542,https://github.com/Expensify/App/issues/40542,Deploy Checklist: New Expensify 2024-04-18,40392,https://github.com/Expensify/App/issues/40392,2024-04-18
40543,https://github.com/Expensify/App/issues/40543,Deploy Checklist: New Expensify 2024-04-18,40392,https://github.com/Expensify/App/issues/40392,2024-04-18
40546,https://github.com/Expensify/App/issues/40546,Deploy Checklist: New Expensify 2024-04-18,40392,https://github.com/Expensify/App/issues/40392,2024-04-18
40549,https://github.com/Expensify/App/issues/40549,Deploy Checklist: New Expensify 2024-04-18,40392,https://github.com/Expensify/App/issues/40392,2024-04-18
40550,https://github.com/Expensify/App/issues/40550,Deploy Checklist: New Expensify 2024-04-18,40392,https://github.com/Expensify/App/issues/40392,2024-04-18
40551,https://github.com/Expensify/App/issues/40551,Deploy Checklist: New Expensify 2024-04-18,40392,https://github.com/Expensify/App/issues/40392,2024-04-18
40578,https://github.com/Expensify/App/issues/40578,Deploy Checklist: New Expensify 2024-04-18,40392,https://github.com/Expensify/App/issues/40392,2024-04-18
40581,https://github.com/Expensify/App/issues/40581,Deploy Checklist: New Expensify 2024-04-18,40392,https://github.com/Expensify/App/issues/40392,2024-04-18
40583,https://github.com/Expensify/App/issues/40583,Deploy Checklist: New Expensify 2024-04-18,40392,https://github.com/Expensify/App/issues/40392,2024-04-18
40586,https://github.com/Expensify/App/issues/40586,Deploy Checklist: New Expensify 2024-04-18,40392,https://github.com/Expensify/App/issues/40392,2024-04-18
40587,https://github.com/Expensify/App/issues/40587,Deploy Checklist: New Expensify 2024-04-18,40392,https://github.com/Expensify/App/issues/40392,2024-04-18
40595,https://github.com/Expensify/App/issues/40595,Deploy Checklist: New Expensify 2024-04-18,40392,https://github.com/Expensify/App/issues/40392,2024-04-18
40597,https://github.com/Expensify/App/issues/40597,Deploy Checklist: New Expensify 2024-04-18,40392,https://github.com/Expensify/App/issues/40392,2024-04-18
40603,https://github.com/Expensify/App/issues/40603,Deploy Checklist: New Expensify 2024-04-18,40392,https://github.com/Expensify/App/issues/40392,2024-04-18
40631,https://github.com/Expensify/App/issues/40631,Deploy Checklist: New Expensify 2024-04-18,40392,https://github.com/Expensify/App/issues/40392,2024-04-18
40679,https://github.com/Expensify/App/issues/40679,Deploy Checklist: New Expensify 2024-04-18,40392,https://github.com/Expensify/App/issues/40392,2024-04-18
40680,https://github.com/Expensify/App/issues/40680,Deploy Checklist: New Expensify 2024-04-18,40392,https://github.com/Expensify/App/issues/40392,2024-04-18
40683,https://github.com/Expensify/App/issues/40683,Deploy Checklist: New Expensify 2024-04-18,40392,https://github.com/Expensify/App/issues/40392,2024-04-18
39982,https://github.com/Expensify/App/issues/39982,Deploy Checklist: New Expensify 2024-04-10,40026,https://github.com/Expensify/App/issues/40026,2024-04-10
40027,https://github.com/Expensify/App/issues/40027,Deploy Checklist: New Expensify 2024-04-10,40026,https://github.com/Expensify/App/issues/40026,2024-04-10
40028,https://github.com/Expensify/App/issues/40028,Deploy Checklist: New Expensify 2024-04-10,40026,https://github.com/Expensify/App/issues/40026,2024-04-10
40029,https://github.com/Expensify/App/issues/40029,Deploy Checklist: New Expensify 2024-04-10,40026,https://github.com/Expensify/App/issues/40026,2024-04-10
40034,https://github.com/Expensify/App/issues/40034,Deploy Checklist: New Expensify 2024-04-10,40026,https://github.com/Expensify/App/issues/40026,2024-04-10
40035,https://github.com/Expensify/App/issues/40035,Deploy Checklist: New Expensify 2024-04-10,40026,https://github.com/Expensify/App/issues/40026,2024-04-10
40036,https://github.com/Expensify/App/issues/40036,Deploy Checklist: New Expensify 2024-04-10,40026,https://github.com/Expensify/App/issues/40026,2024-04-10
40037,https://github.com/Expensify/App/issues/40037,Deploy Checklist: New Expensify 2024-04-10,40026,https://github.com/Expensify/App/issues/40026,2024-04-10
40039,https://github.com/Expensify/App/issues/40039,Deploy Checklist: New Expensify 2024-04-10,40026,https://github.com/Expensify/App/issues/40026,2024-04-10
40040,https://github.com/Expensify/App/issues/40040,Deploy Checklist: New Expensify 2024-04-10,40026,https://github.com/Expensify/App/issues/40026,2024-04-10
40041,https://github.com/Expensify/App/issues/40041,Deploy Checklist: New Expensify 2024-04-10,40026,https://github.com/Expensify/App/issues/40026,2024-04-10
40042,https://github.com/Expensify/App/issues/40042,Deploy Checklist: New Expensify 2024-04-10,40026,https://github.com/Expensify/App/issues/40026,2024-04-10
40043,https://github.com/Expensify/App/issues/40043,Deploy Checklist: New Expensify 2024-04-10,40026,https://github.com/Expensify/App/issues/40026,2024-04-10
40045,https://github.com/Expensify/App/issues/40045,Deploy Checklist: New Expensify 2024-04-10,40026,https://github.com/Expensify/App/issues/40026,2024-04-10
40047,https://github.com/Expensify/App/issues/40047,Deploy Checklist: New Expensify 2024-04-10,40026,https://github.com/Expensify/App/issues/40026,2024-04-10
40048,https://github.com/Expensify/App/issues/40048,Deploy Checklist: New Expensify 2024-04-10,40026,https://github.com/Expensify/App/issues/40026,2024-04-10
40050,https://github.com/Expensify/App/issues/40050,Deploy Checklist: New Expensify 2024-04-10,40026,https://github.com/Expensify/App/issues/40026,2024-04-10
40052,https://github.com/Expensify/App/issues/40052,Deploy Checklist: New Expensify 2024-04-10,40026,https://github.com/Expensify/App/issues/40026,2024-04-10
40053,https://github.com/Expensify/App/issues/40053,Deploy Checklist: New Expensify 2024-04-10,40026,https://github.com/Expensify/App/issues/40026,2024-04-10
40055,https://github.com/Expensify/App/issues/40055,Deploy Checklist: New Expensify 2024-04-10,40026,https://github.com/Expensify/App/issues/40026,2024-04-10
40056,https://github.com/Expensify/App/issues/40056,Deploy Checklist: New Expensify 2024-04-10,40026,https://github.com/Expensify/App/issues/40026,2024-04-10
40057,https://github.com/Expensify/App/issues/40057,Deploy Checklist: New Expensify 2024-04-10,40026,https://github.com/Expensify/App/issues/40026,2024-04-10
40067,https://github.com/Expensify/App/issues/40067,Deploy Checklist: New Expensify 2024-04-10,40026,https://github.com/Expensify/App/issues/40026,2024-04-10
40076,https://github.com/Expensify/App/issues/40076,Deploy Checklist: New Expensify 2024-04-10,40026,https://github.com/Expensify/App/issues/40026,2024-04-10
40077,https://github.com/Expensify/App/issues/40077,Deploy Checklist: New Expensify 2024-04-10,40026,https://github.com/Expensify/App/issues/40026,2024-04-10
40078,https://github.com/Expensify/App/issues/40078,Deploy Checklist: New Expensify 2024-04-10,40026,https://github.com/Expensify/App/issues/40026,2024-04-10
40080,https://github.com/Expensify/App/issues/40080,Deploy Checklist: New Expensify 2024-04-10,40026,https://github.com/Expensify/App/issues/40026,2024-04-10
40081,https://github.com/Expensify/App/issues/40081,Deploy Checklist: New Expensify 2024-04-10,40026,https://github.com/Expensify/App/issues/40026,2024-04-10
40082,https://github.com/Expensify/App/issues/40082,Deploy Checklist: New Expensify 2024-04-10,40026,https://github.com/Expensify/App/issues/40026,2024-04-10
40084,https://github.com/Expensify/App/issues/40084,Deploy Checklist: New Expensify 2024-04-10,40026,https://github.com/Expensify/App/issues/40026,2024-04-10
40085,https://github.com/Expensify/App/issues/40085,Deploy Checklist: New Expensify 2024-04-10,40026,https://github.com/Expensify/App/issues/40026,2024-04-10
40086,https://github.com/Expensify/App/issues/40086,Deploy Checklist: New Expensify 2024-04-10,40026,https://github.com/Expensify/App/issues/40026,2024-04-10
40087,https://github.com/Expensify/App/issues/40087,Deploy Checklist: New Expensify 2024-04-10,40026,https://github.com/Expensify/App/issues/40026,2024-04-10
40093,https://github.com/Expensify/App/issues/40093,Deploy Checklist: New Expensify 2024-04-10,40026,https://github.com/Expensify/App/issues/40026,2024-04-10
40105,https://github.com/Expensify/App/issues/40105,Deploy Checklist: New Expensify 2024-04-10,40026,https://github.com/Expensify/App/issues/40026,2024-04-10
40107,https://github.com/Expensify/App/issues/40107,Deploy Checklist: New Expensify 2024-04-10,40026,https://github.com/Expensify/App/issues/40026,2024-04-10
40108,https://github.com/Expensify/App/issues/40108,Deploy Checklist: New Expensify 2024-04-10,40026,https://github.com/Expensify/App/issues/40026,2024-04-10
40123,https://github.com/Expensify/App/issues/40123,Deploy Checklist: New Expensify 2024-04-10,40026,https://github.com/Expensify/App/issues/40026,2024-04-10
40124,https://github.com/Expensify/App/issues/40124,Deploy Checklist: New Expensify 2024-04-10,40026,https://github.com/Expensify/App/issues/40026,2024-04-10
40126,https://github.com/Expensify/App/issues/40126,Deploy Checklist: New Expensify 2024-04-10,40026,https://github.com/Expensify/App/issues/40026,2024-04-10
40242,https://github.com/Expensify/App/issues/40242,Deploy Checklist: New Expensify 2024-04-10,40026,https://github.com/Expensify/App/issues/40026,2024-04-10
40343,https://github.com/Expensify/App/issues/40343,Deploy Checklist: New Expensify 2024-04-10,40026,https://github.com/Expensify/App/issues/40026,2024-04-10
40360,https://github.com/Expensify/App/issues/40360,Deploy Checklist: New Expensify 2024-04-10,40026,https://github.com/Expensify/App/issues/40026,2024-04-10
40376,https://github.com/Expensify/App/issues/40376,Deploy Checklist: New Expensify 2024-04-10,40026,https://github.com/Expensify/App/issues/40026,2024-04-10
39710,https://github.com/Expensify/App/issues/39710,Deploy Checklist: New Expensify 2024-04-08,39807,https://github.com/Expensify/App/issues/39807,2024-04-08
39821,https://github.com/Expensify/App/issues/39821,Deploy Checklist: New Expensify 2024-04-08,39807,https://github.com/Expensify/App/issues/39807,2024-04-08
39822,https://github.com/Expensify/App/issues/39822,Deploy Checklist: New Expensify 2024-04-08,39807,https://github.com/Expensify/App/issues/39807,2024-04-08
39824,https://github.com/Expensify/App/issues/39824,Deploy Checklist: New Expensify 2024-04-08,39807,https://github.com/Expensify/App/issues/39807,2024-04-08
39825,https://github.com/Expensify/App/issues/39825,Deploy Checklist: New Expensify 2024-04-08,39807,https://github.com/Expensify/App/issues/39807,2024-04-08
39827,https://github.com/Expensify/App/issues/39827,Deploy Checklist: New Expensify 2024-04-08,39807,https://github.com/Expensify/App/issues/39807,2024-04-08
39828,https://github.com/Expensify/App/issues/39828,Deploy Checklist: New Expensify 2024-04-08,39807,https://github.com/Expensify/App/issues/39807,2024-04-08
39831,https://github.com/Expensify/App/issues/39831,Deploy Checklist: New Expensify 2024-04-08,39807,https://github.com/Expensify/App/issues/39807,2024-04-08
39833,https://github.com/Expensify/App/issues/39833,Deploy Checklist: New Expensify 2024-04-08,39807,https://github.com/Expensify/App/issues/39807,2024-04-08
39834,https://github.com/Expensify/App/issues/39834,Deploy Checklist: New Expensify 2024-04-08,39807,https://github.com/Expensify/App/issues/39807,2024-04-08
39836,https://github.com/Expensify/App/issues/39836,Deploy Checklist: New Expensify 2024-04-08,39807,https://github.com/Expensify/App/issues/39807,2024-04-08
39837,https://github.com/Expensify/App/issues/39837,Deploy Checklist: New Expensify 2024-04-08,39807,https://github.com/Expensify/App/issues/39807,2024-04-08
39838,https://github.com/Expensify/App/issues/39838,Deploy Checklist: New Expensify 2024-04-08,39807,https://github.com/Expensify/App/issues/39807,2024-04-08
39841,https://github.com/Expensify/App/issues/39841,Deploy Checklist: New Expensify 2024-04-08,39807,https://github.com/Expensify/App/issues/39807,2024-04-08
39845,https://github.com/Expensify/App/issues/39845,Deploy Checklist: New Expensify 2024-04-08,39807,https://github.com/Expensify/App/issues/39807,2024-04-08
39847,https://github.com/Expensify/App/issues/39847,Deploy Checklist: New Expensify 2024-04-08,39807,https://github.com/Expensify/App/issues/39807,2024-04-08
39849,https://github.com/Expensify/App/issues/39849,Deploy Checklist: New Expensify 2024-04-08,39807,https://github.com/Expensify/App/issues/39807,2024-04-08
39851,https://github.com/Expensify/App/issues/39851,Deploy Checklist: New Expensify 2024-04-08,39807,https://github.com/Expensify/App/issues/39807,2024-04-08
39853,https://github.com/Expensify/App/issues/39853,Deploy Checklist: New Expensify 2024-04-08,39807,https://github.com/Expensify/App/issues/39807,2024-04-08
39855,https://github.com/Expensify/App/issues/39855,Deploy Checklist: New Expensify 2024-04-08,39807,https://github.com/Expensify/App/issues/39807,2024-04-08
39864,https://github.com/Expensify/App/issues/39864,Deploy Checklist: New Expensify 2024-04-08,39807,https://github.com/Expensify/App/issues/39807,2024-04-08
39866,https://github.com/Expensify/App/issues/39866,Deploy Checklist: New Expensify 2024-04-08,39807,https://github.com/Expensify/App/issues/39807,2024-04-08
39870,https://github.com/Expensify/App/issues/39870,Deploy Checklist: New Expensify 2024-04-08,39807,https://github.com/Expensify/App/issues/39807,2024-04-08
39900,https://github.com/Expensify/App/issues/39900,Deploy Checklist: New Expensify 2024-04-08,39807,https://github.com/Expensify/App/issues/39807,2024-04-08
39904,https://github.com/Expensify/App/issues/39904,Deploy Checklist: New Expensify 2024-04-08,39807,https://github.com/Expensify/App/issues/39807,2024-04-08
39907,https://github.com/Expensify/App/issues/39907,Deploy Checklist: New Expensify 2024-04-08,39807,https://github.com/Expensify/App/issues/39807,2024-04-08
39909,https://github.com/Expensify/App/issues/39909,Deploy Checklist: New Expensify 2024-04-08,39807,https://github.com/Expensify/App/issues/39807,2024-04-08
39914,https://github.com/Expensify/App/issues/39914,Deploy Checklist: New Expensify 2024-04-08,39807,https://github.com/Expensify/App/issues/39807,2024-04-08
39916,https://github.com/Expensify/App/issues/39916,Deploy Checklist: New Expensify 2024-04-08,39807,https://github.com/Expensify/App/issues/39807,2024-04-08
39918,https://github.com/Expensify/App/issues/39918,Deploy Checklist: New Expensify 2024-04-08,39807,https://github.com/Expensify/App/issues/39807,2024-04-08
39919,https://github.com/Expensify/App/issues/39919,Deploy Checklist: New Expensify 2024-04-08,39807,https://github.com/Expensify/App/issues/39807,2024-04-08
39920,https://github.com/Expensify/App/issues/39920,Deploy Checklist: New Expensify 2024-04-08,39807,https://github.com/Expensify/App/issues/39807,2024-04-08
39923,https://github.com/Expensify/App/issues/39923,Deploy Checklist: New Expensify 2024-04-08,39807,https://github.com/Expensify/App/issues/39807,2024-04-08
39925,https://github.com/Expensify/App/issues/39925,Deploy Checklist: New Expensify 2024-04-08,39807,https://github.com/Expensify/App/issues/39807,2024-04-08
39926,https://github.com/Expensify/App/issues/39926,Deploy Checklist: New Expensify 2024-04-08,39807,https://github.com/Expensify/App/issues/39807,2024-04-08
39967,https://github.com/Expensify/App/issues/39967,Deploy Checklist: New Expensify 2024-04-08,39807,https://github.com/Expensify/App/issues/39807,2024-04-08
39971,https://github.com/Expensify/App/issues/39971,Deploy Checklist: New Expensify 2024-04-08,39807,https://github.com/Expensify/App/issues/39807,2024-04-08
40025,https://github.com/Expensify/App/issues/40025,Deploy Checklist: New Expensify 2024-04-08,39807,https://github.com/Expensify/App/issues/39807,2024-04-08
39598,https://github.com/Expensify/App/issues/39598,Deploy Checklist: New Expensify 2024-04-04,39588,https://github.com/Expensify/App/issues/39588,2024-04-04
39599,https://github.com/Expensify/App/issues/39599,Deploy Checklist: New Expensify 2024-04-04,39588,https://github.com/Expensify/App/issues/39588,2024-04-04
39600,https://github.com/Expensify/App/issues/39600,Deploy Checklist: New Expensify 2024-04-04,39588,https://github.com/Expensify/App/issues/39588,2024-04-04
39601,https://github.com/Expensify/App/issues/39601,Deploy Checklist: New Expensify 2024-04-04,39588,https://github.com/Expensify/App/issues/39588,2024-04-04
39602,https://github.com/Expensify/App/issues/39602,Deploy Checklist: New Expensify 2024-04-04,39588,https://github.com/Expensify/App/issues/39588,2024-04-04
39603,https://github.com/Expensify/App/issues/39603,Deploy Checklist: New Expensify 2024-04-04,39588,https://github.com/Expensify/App/issues/39588,2024-04-04
39605,https://github.com/Expensify/App/issues/39605,Deploy Checklist: New Expensify 2024-04-04,39588,https://github.com/Expensify/App/issues/39588,2024-04-04
39607,https://github.com/Expensify/App/issues/39607,Deploy Checklist: New Expensify 2024-04-04,39588,https://github.com/Expensify/App/issues/39588,2024-04-04
39609,https://github.com/Expensify/App/issues/39609,Deploy Checklist: New Expensify 2024-04-04,39588,https://github.com/Expensify/App/issues/39588,2024-04-04
39611,https://github.com/Expensify/App/issues/39611,Deploy Checklist: New Expensify 2024-04-04,39588,https://github.com/Expensify/App/issues/39588,2024-04-04
39613,https://github.com/Expensify/App/issues/39613,Deploy Checklist: New Expensify 2024-04-04,39588,https://github.com/Expensify/App/issues/39588,2024-04-04
39615,https://github.com/Expensify/App/issues/39615,Deploy Checklist: New Expensify 2024-04-04,39588,https://github.com/Expensify/App/issues/39588,2024-04-04
39616,https://github.com/Expensify/App/issues/39616,Deploy Checklist: New Expensify 2024-04-04,39588,https://github.com/Expensify/App/issues/39588,2024-04-04
39650,https://github.com/Expensify/App/issues/39650,Deploy Checklist: New Expensify 2024-04-04,39588,https://github.com/Expensify/App/issues/39588,2024-04-04
39679,https://github.com/Expensify/App/issues/39679,Deploy Checklist: New Expensify 2024-04-04,39588,https://github.com/Expensify/App/issues/39588,2024-04-04
39689,https://github.com/Expensify/App/issues/39689,Deploy Checklist: New Expensify 2024-04-04,39588,https://github.com/Expensify/App/issues/39588,2024-04-04
39690,https://github.com/Expensify/App/issues/39690,Deploy Checklist: New Expensify 2024-04-04,39588,https://github.com/Expensify/App/issues/39588,2024-04-04
39691,https://github.com/Expensify/App/issues/39691,Deploy Checklist: New Expensify 2024-04-04,39588,https://github.com/Expensify/App/issues/39588,2024-04-04
39695,https://github.com/Expensify/App/issues/39695,Deploy Checklist: New Expensify 2024-04-04,39588,https://github.com/Expensify/App/issues/39588,2024-04-04
39699,https://github.com/Expensify/App/issues/39699,Deploy Checklist: New Expensify 2024-04-04,39588,https://github.com/Expensify/App/issues/39588,2024-04-04
39701,https://github.com/Expensify/App/issues/39701,Deploy Checklist: New Expensify 2024-04-04,39588,https://github.com/Expensify/App/issues/39588,2024-04-04
39703,https://github.com/Expensify/App/issues/39703,Deploy Checklist: New Expensify 2024-04-04,39588,https://github.com/Expensify/App/issues/39588,2024-04-04
39705,https://github.com/Expensify/App/issues/39705,Deploy Checklist: New Expensify 2024-04-04,39588,https://github.com/Expensify/App/issues/39588,2024-04-04
39706,https://github.com/Expensify/App/issues/39706,Deploy Checklist: New Expensify 2024-04-04,39588,https://github.com/Expensify/App/issues/39588,2024-04-04
39710,https://github.com/Expensify/App/issues/39710,Deploy Checklist: New Expensify 2024-04-04,39588,https://github.com/Expensify/App/issues/39588,2024-04-04
39763,https://github.com/Expensify/App/issues/39763,Deploy Checklist: New Expensify 2024-04-04,39588,https://github.com/Expensify/App/issues/39588,2024-04-04
39804,https://github.com/Expensify/App/issues/39804,Deploy Checklist: New Expensify 2024-04-04,39588,https://github.com/Expensify/App/issues/39588,2024-04-04
39403,https://github.com/Expensify/App/issues/39403,Deploy Checklist: New Expensify 2024-04-02,39399,https://github.com/Expensify/App/issues/39399,2024-04-02
39404,https://github.com/Expensify/App/issues/39404,Deploy Checklist: New Expensify 2024-04-02,39399,https://github.com/Expensify/App/issues/39399,2024-04-02
39405,https://github.com/Expensify/App/issues/39405,Deploy Checklist: New Expensify 2024-04-02,39399,https://github.com/Expensify/App/issues/39399,2024-04-02
39407,https://github.com/Expensify/App/issues/39407,Deploy Checklist: New Expensify 2024-04-02,39399,https://github.com/Expensify/App/issues/39399,2024-04-02
39414,https://github.com/Expensify/App/issues/39414,Deploy Checklist: New Expensify 2024-04-02,39399,https://github.com/Expensify/App/issues/39399,2024-04-02
39418,https://github.com/Expensify/App/issues/39418,Deploy Checklist: New Expensify 2024-04-02,39399,https://github.com/Expensify/App/issues/39399,2024-04-02
39420,https://github.com/Expensify/App/issues/39420,Deploy Checklist: New Expensify 2024-04-02,39399,https://github.com/Expensify/App/issues/39399,2024-04-02
39421,https://github.com/Expensify/App/issues/39421,Deploy Checklist: New Expensify 2024-04-02,39399,https://github.com/Expensify/App/issues/39399,2024-04-02
39426,https://github.com/Expensify/App/issues/39426,Deploy Checklist: New Expensify 2024-04-02,39399,https://github.com/Expensify/App/issues/39399,2024-04-02
39427,https://github.com/Expensify/App/issues/39427,Deploy Checklist: New Expensify 2024-04-02,39399,https://github.com/Expensify/App/issues/39399,2024-04-02
39435,https://github.com/Expensify/App/issues/39435,Deploy Checklist: New Expensify 2024-04-02,39399,https://github.com/Expensify/App/issues/39399,2024-04-02
39436,https://github.com/Expensify/App/issues/39436,Deploy Checklist: New Expensify 2024-04-02,39399,https://github.com/Expensify/App/issues/39399,2024-04-02
39437,https://github.com/Expensify/App/issues/39437,Deploy Checklist: New Expensify 2024-04-02,39399,https://github.com/Expensify/App/issues/39399,2024-04-02
39438,https://github.com/Expensify/App/issues/39438,Deploy Checklist: New Expensify 2024-04-02,39399,https://github.com/Expensify/App/issues/39399,2024-04-02
39439,https://github.com/Expensify/App/issues/39439,Deploy Checklist: New Expensify 2024-04-02,39399,https://github.com/Expensify/App/issues/39399,2024-04-02
39446,https://github.com/Expensify/App/issues/39446,Deploy Checklist: New Expensify 2024-04-02,39399,https://github.com/Expensify/App/issues/39399,2024-04-02
39447,https://github.com/Expensify/App/issues/39447,Deploy Checklist: New Expensify 2024-04-02,39399,https://github.com/Expensify/App/issues/39399,2024-04-02
39450,https://github.com/Expensify/App/issues/39450,Deploy Checklist: New Expensify 2024-04-02,39399,https://github.com/Expensify/App/issues/39399,2024-04-02
39451,https://github.com/Expensify/App/issues/39451,Deploy Checklist: New Expensify 2024-04-02,39399,https://github.com/Expensify/App/issues/39399,2024-04-02
39457,https://github.com/Expensify/App/issues/39457,Deploy Checklist: New Expensify 2024-04-02,39399,https://github.com/Expensify/App/issues/39399,2024-04-02
39459,https://github.com/Expensify/App/issues/39459,Deploy Checklist: New Expensify 2024-04-02,39399,https://github.com/Expensify/App/issues/39399,2024-04-02
39461,https://github.com/Expensify/App/issues/39461,Deploy Checklist: New Expensify 2024-04-02,39399,https://github.com/Expensify/App/issues/39399,2024-04-02
39462,https://github.com/Expensify/App/issues/39462,Deploy Checklist: New Expensify 2024-04-02,39399,https://github.com/Expensify/App/issues/39399,2024-04-02
39490,https://github.com/Expensify/App/issues/39490,Deploy Checklist: New Expensify 2024-04-02,39399,https://github.com/Expensify/App/issues/39399,2024-04-02
39491,https://github.com/Expensify/App/issues/39491,Deploy Checklist: New Expensify 2024-04-02,39399,https://github.com/Expensify/App/issues/39399,2024-04-02
39494,https://github.com/Expensify/App/issues/39494,Deploy Checklist: New Expensify 2024-04-02,39399,https://github.com/Expensify/App/issues/39399,2024-04-02
39509,https://github.com/Expensify/App/issues/39509,Deploy Checklist: New Expensify 2024-04-02,39399,https://github.com/Expensify/App/issues/39399,2024-04-02
39512,https://github.com/Expensify/App/issues/39512,Deploy Checklist: New Expensify 2024-04-02,39399,https://github.com/Expensify/App/issues/39399,2024-04-02
39554,https://github.com/Expensify/App/issues/39554,Deploy Checklist: New Expensify 2024-04-02,39399,https://github.com/Expensify/App/issues/39399,2024-04-02
39561,https://github.com/Expensify/App/issues/39561,Deploy Checklist: New Expensify 2024-04-02,39399,https://github.com/Expensify/App/issues/39399,2024-04-02
39564,https://github.com/Expensify/App/issues/39564,Deploy Checklist: New Expensify 2024-04-02,39399,https://github.com/Expensify/App/issues/39399,2024-04-02
39049,https://github.com/Expensify/App/issues/39049,Deploy Checklist: New Expensify 2024-03-29,39222,https://github.com/Expensify/App/issues/39222,2024-03-29
39234,https://github.com/Expensify/App/issues/39234,Deploy Checklist: New Expensify 2024-03-29,39222,https://github.com/Expensify/App/issues/39222,2024-03-29
39235,https://github.com/Expensify/App/issues/39235,Deploy Checklist: New Expensify 2024-03-29,39222,https://github.com/Expensify/App/issues/39222,2024-03-29
39236,https://github.com/Expensify/App/issues/39236,Deploy Checklist: New Expensify 2024-03-29,39222,https://github.com/Expensify/App/issues/39222,2024-03-29
39237,https://github.com/Expensify/App/issues/39237,Deploy Checklist: New Expensify 2024-03-29,39222,https://github.com/Expensify/App/issues/39222,2024-03-29
39241,https://github.com/Expensify/App/issues/39241,Deploy Checklist: New Expensify 2024-03-29,39222,https://github.com/Expensify/App/issues/39222,2024-03-29
39242,https://github.com/Expensify/App/issues/39242,Deploy Checklist: New Expensify 2024-03-29,39222,https://github.com/Expensify/App/issues/39222,2024-03-29
39245,https://github.com/Expensify/App/issues/39245,Deploy Checklist: New Expensify 2024-03-29,39222,https://github.com/Expensify/App/issues/39222,2024-03-29
39246,https://github.com/Expensify/App/issues/39246,Deploy Checklist: New Expensify 2024-03-29,39222,https://github.com/Expensify/App/issues/39222,2024-03-29
39247,https://github.com/Expensify/App/issues/39247,Deploy Checklist: New Expensify 2024-03-29,39222,https://github.com/Expensify/App/issues/39222,2024-03-29
39248,https://github.com/Expensify/App/issues/39248,Deploy Checklist: New Expensify 2024-03-29,39222,https://github.com/Expensify/App/issues/39222,2024-03-29
39249,https://github.com/Expensify/App/issues/39249,Deploy Checklist: New Expensify 2024-03-29,39222,https://github.com/Expensify/App/issues/39222,2024-03-29
39250,https://github.com/Expensify/App/issues/39250,Deploy Checklist: New Expensify 2024-03-29,39222,https://github.com/Expensify/App/issues/39222,2024-03-29
39251,https://github.com/Expensify/App/issues/39251,Deploy Checklist: New Expensify 2024-03-29,39222,https://github.com/Expensify/App/issues/39222,2024-03-29
39252,https://github.com/Expensify/App/issues/39252,Deploy Checklist: New Expensify 2024-03-29,39222,https://github.com/Expensify/App/issues/39222,2024-03-29
39253,https://github.com/Expensify/App/issues/39253,Deploy Checklist: New Expensify 2024-03-29,39222,https://github.com/Expensify/App/issues/39222,2024-03-29
39254,https://github.com/Expensify/App/issues/39254,Deploy Checklist: New Expensify 2024-03-29,39222,https://github.com/Expensify/App/issues/39222,2024-03-29
39255,https://github.com/Expensify/App/issues/39255,Deploy Checklist: New Expensify 2024-03-29,39222,https://github.com/Expensify/App/issues/39222,2024-03-29
39256,https://github.com/Expensify/App/issues/39256,Deploy Checklist: New Expensify 2024-03-29,39222,https://github.com/Expensify/App/issues/39222,2024-03-29
39257,https://github.com/Expensify/App/issues/39257,Deploy Checklist: New Expensify 2024-03-29,39222,https://github.com/Expensify/App/issues/39222,2024-03-29
39258,https://github.com/Expensify/App/issues/39258,Deploy Checklist: New Expensify 2024-03-29,39222,https://github.com/Expensify/App/issues/39222,2024-03-29
39261,https://github.com/Expensify/App/issues/39261,Deploy Checklist: New Expensify 2024-03-29,39222,https://github.com/Expensify/App/issues/39222,2024-03-29
39263,https://github.com/Expensify/App/issues/39263,Deploy Checklist: New Expensify 2024-03-29,39222,https://github.com/Expensify/App/issues/39222,2024-03-29
39264,https://github.com/Expensify/App/issues/39264,Deploy Checklist: New Expensify 2024-03-29,39222,https://github.com/Expensify/App/issues/39222,2024-03-29
39265,https://github.com/Expensify/App/issues/39265,Deploy Checklist: New Expensify 2024-03-29,39222,https://github.com/Expensify/App/issues/39222,2024-03-29
39266,https://github.com/Expensify/App/issues/39266,Deploy Checklist: New Expensify 2024-03-29,39222,https://github.com/Expensify/App/issues/39222,2024-03-29
39267,https://github.com/Expensify/App/issues/39267,Deploy Checklist: New Expensify 2024-03-29,39222,https://github.com/Expensify/App/issues/39222,2024-03-29
39269,https://github.com/Expensify/App/issues/39269,Deploy Checklist: New Expensify 2024-03-29,39222,https://github.com/Expensify/App/issues/39222,2024-03-29
39270,https://github.com/Expensify/App/issues/39270,Deploy Checklist: New Expensify 2024-03-29,39222,https://github.com/Expensify/App/issues/39222,2024-03-29
39271,https://github.com/Expensify/App/issues/39271,Deploy Checklist: New Expensify 2024-03-29,39222,https://github.com/Expensify/App/issues/39222,2024-03-29
39272,https://github.com/Expensify/App/issues/39272,Deploy Checklist: New Expensify 2024-03-29,39222,https://github.com/Expensify/App/issues/39222,2024-03-29
39273,https://github.com/Expensify/App/issues/39273,Deploy Checklist: New Expensify 2024-03-29,39222,https://github.com/Expensify/App/issues/39222,2024-03-29
39274,https://github.com/Expensify/App/issues/39274,Deploy Checklist: New Expensify 2024-03-29,39222,https://github.com/Expensify/App/issues/39222,2024-03-29
39277,https://github.com/Expensify/App/issues/39277,Deploy Checklist: New Expensify 2024-03-29,39222,https://github.com/Expensify/App/issues/39222,2024-03-29
39284,https://github.com/Expensify/App/issues/39284,Deploy Checklist: New Expensify 2024-03-29,39222,https://github.com/Expensify/App/issues/39222,2024-03-29
39285,https://github.com/Expensify/App/issues/39285,Deploy Checklist: New Expensify 2024-03-29,39222,https://github.com/Expensify/App/issues/39222,2024-03-29
39288,https://github.com/Expensify/App/issues/39288,Deploy Checklist: New Expensify 2024-03-29,39222,https://github.com/Expensify/App/issues/39222,2024-03-29
39289,https://github.com/Expensify/App/issues/39289,Deploy Checklist: New Expensify 2024-03-29,39222,https://github.com/Expensify/App/issues/39222,2024-03-29
39291,https://github.com/Expensify/App/issues/39291,Deploy Checklist: New Expensify 2024-03-29,39222,https://github.com/Expensify/App/issues/39222,2024-03-29
39294,https://github.com/Expensify/App/issues/39294,Deploy Checklist: New Expensify 2024-03-29,39222,https://github.com/Expensify/App/issues/39222,2024-03-29
39295,https://github.com/Expensify/App/issues/39295,Deploy Checklist: New Expensify 2024-03-29,39222,https://github.com/Expensify/App/issues/39222,2024-03-29
39301,https://github.com/Expensify/App/issues/39301,Deploy Checklist: New Expensify 2024-03-29,39222,https://github.com/Expensify/App/issues/39222,2024-03-29
39303,https://github.com/Expensify/App/issues/39303,Deploy Checklist: New Expensify 2024-03-29,39222,https://github.com/Expensify/App/issues/39222,2024-03-29
39304,https://github.com/Expensify/App/issues/39304,Deploy Checklist: New Expensify 2024-03-29,39222,https://github.com/Expensify/App/issues/39222,2024-03-29
39306,https://github.com/Expensify/App/issues/39306,Deploy Checklist: New Expensify 2024-03-29,39222,https://github.com/Expensify/App/issues/39222,2024-03-29
39314,https://github.com/Expensify/App/issues/39314,Deploy Checklist: New Expensify 2024-03-29,39222,https://github.com/Expensify/App/issues/39222,2024-03-29
39317,https://github.com/Expensify/App/issues/39317,Deploy Checklist: New Expensify 2024-03-29,39222,https://github.com/Expensify/App/issues/39222,2024-03-29
39320,https://github.com/Expensify/App/issues/39320,Deploy Checklist: New Expensify 2024-03-29,39222,https://github.com/Expensify/App/issues/39222,2024-03-29
39322,https://github.com/Expensify/App/issues/39322,Deploy Checklist: New Expensify 2024-03-29,39222,https://github.com/Expensify/App/issues/39222,2024-03-29
39323,https://github.com/Expensify/App/issues/39323,Deploy Checklist: New Expensify 2024-03-29,39222,https://github.com/Expensify/App/issues/39222,2024-03-29
39331,https://github.com/Expensify/App/issues/39331,Deploy Checklist: New Expensify 2024-03-29,39222,https://github.com/Expensify/App/issues/39222,2024-03-29
39332,https://github.com/Expensify/App/issues/39332,Deploy Checklist: New Expensify 2024-03-29,39222,https://github.com/Expensify/App/issues/39222,2024-03-29
39333,https://github.com/Expensify/App/issues/39333,Deploy Checklist: New Expensify 2024-03-29,39222,https://github.com/Expensify/App/issues/39222,2024-03-29
39335,https://github.com/Expensify/App/issues/39335,Deploy Checklist: New Expensify 2024-03-29,39222,https://github.com/Expensify/App/issues/39222,2024-03-29
39336,https://github.com/Expensify/App/issues/39336,Deploy Checklist: New Expensify 2024-03-29,39222,https://github.com/Expensify/App/issues/39222,2024-03-29
39337,https://github.com/Expensify/App/issues/39337,Deploy Checklist: New Expensify 2024-03-29,39222,https://github.com/Expensify/App/issues/39222,2024-03-29
39338,https://github.com/Expensify/App/issues/39338,Deploy Checklist: New Expensify 2024-03-29,39222,https://github.com/Expensify/App/issues/39222,2024-03-29
39339,https://github.com/Expensify/App/issues/39339,Deploy Checklist: New Expensify 2024-03-29,39222,https://github.com/Expensify/App/issues/39222,2024-03-29
39340,https://github.com/Expensify/App/issues/39340,Deploy Checklist: New Expensify 2024-03-29,39222,https://github.com/Expensify/App/issues/39222,2024-03-29
39341,https://github.com/Expensify/App/issues/39341,Deploy Checklist: New Expensify 2024-03-29,39222,https://github.com/Expensify/App/issues/39222,2024-03-29
39342,https://github.com/Expensify/App/issues/39342,Deploy Checklist: New Expensify 2024-03-29,39222,https://github.com/Expensify/App/issues/39222,2024-03-29
39348,https://github.com/Expensify/App/issues/39348,Deploy Checklist: New Expensify 2024-03-29,39222,https://github.com/Expensify/App/issues/39222,2024-03-29
39354,https://github.com/Expensify/App/issues/39354,Deploy Checklist: New Expensify 2024-03-29,39222,https://github.com/Expensify/App/issues/39222,2024-03-29
39357,https://github.com/Expensify/App/issues/39357,Deploy Checklist: New Expensify 2024-03-29,39222,https://github.com/Expensify/App/issues/39222,2024-03-29
39361,https://github.com/Expensify/App/issues/39361,Deploy Checklist: New Expensify 2024-03-29,39222,https://github.com/Expensify/App/issues/39222,2024-03-29
39380,https://github.com/Expensify/App/issues/39380,Deploy Checklist: New Expensify 2024-03-29,39222,https://github.com/Expensify/App/issues/39222,2024-03-29
39381,https://github.com/Expensify/App/issues/39381,Deploy Checklist: New Expensify 2024-03-29,39222,https://github.com/Expensify/App/issues/39222,2024-03-29
38814,https://github.com/Expensify/App/issues/38814,Deploy Checklist: New Expensify 2024-03-27,39033,https://github.com/Expensify/App/issues/39033,2024-03-27
38824,https://github.com/Expensify/App/issues/38824,Deploy Checklist: New Expensify 2024-03-27,39033,https://github.com/Expensify/App/issues/39033,2024-03-27
38869,https://github.com/Expensify/App/issues/38869,Deploy Checklist: New Expensify 2024-03-27,39033,https://github.com/Expensify/App/issues/39033,2024-03-27
39028,https://github.com/Expensify/App/issues/39028,Deploy Checklist: New Expensify 2024-03-27,39033,https://github.com/Expensify/App/issues/39033,2024-03-27
39044,https://github.com/Expensify/App/issues/39044,Deploy Checklist: New Expensify 2024-03-27,39033,https://github.com/Expensify/App/issues/39033,2024-03-27
39045,https://github.com/Expensify/App/issues/39045,Deploy Checklist: New Expensify 2024-03-27,39033,https://github.com/Expensify/App/issues/39033,2024-03-27
39049,https://github.com/Expensify/App/issues/39049,Deploy Checklist: New Expensify 2024-03-27,39033,https://github.com/Expensify/App/issues/39033,2024-03-27
39050,https://github.com/Expensify/App/issues/39050,Deploy Checklist: New Expensify 2024-03-27,39033,https://github.com/Expensify/App/issues/39033,2024-03-27
39051,https://github.com/Expensify/App/issues/39051,Deploy Checklist: New Expensify 2024-03-27,39033,https://github.com/Expensify/App/issues/39033,2024-03-27
39052,https://github.com/Expensify/App/issues/39052,Deploy Checklist: New Expensify 2024-03-27,39033,https://github.com/Expensify/App/issues/39033,2024-03-27
39053,https://github.com/Expensify/App/issues/39053,Deploy Checklist: New Expensify 2024-03-27,39033,https://github.com/Expensify/App/issues/39033,2024-03-27
39055,https://github.com/Expensify/App/issues/39055,Deploy Checklist: New Expensify 2024-03-27,39033,https://github.com/Expensify/App/issues/39033,2024-03-27
39056,https://github.com/Expensify/App/issues/39056,Deploy Checklist: New Expensify 2024-03-27,39033,https://github.com/Expensify/App/issues/39033,2024-03-27
39057,https://github.com/Expensify/App/issues/39057,Deploy Checklist: New Expensify 2024-03-27,39033,https://github.com/Expensify/App/issues/39033,2024-03-27
39061,https://github.com/Expensify/App/issues/39061,Deploy Checklist: New Expensify 2024-03-27,39033,https://github.com/Expensify/App/issues/39033,2024-03-27
39064,https://github.com/Expensify/App/issues/39064,Deploy Checklist: New Expensify 2024-03-27,39033,https://github.com/Expensify/App/issues/39033,2024-03-27
39065,https://github.com/Expensify/App/issues/39065,Deploy Checklist: New Expensify 2024-03-27,39033,https://github.com/Expensify/App/issues/39033,2024-03-27
39077,https://github.com/Expensify/App/issues/39077,Deploy Checklist: New Expensify 2024-03-27,39033,https://github.com/Expensify/App/issues/39033,2024-03-27
39083,https://github.com/Expensify/App/issues/39083,Deploy Checklist: New Expensify 2024-03-27,39033,https://github.com/Expensify/App/issues/39033,2024-03-27
39102,https://github.com/Expensify/App/issues/39102,Deploy Checklist: New Expensify 2024-03-27,39033,https://github.com/Expensify/App/issues/39033,2024-03-27
39154,https://github.com/Expensify/App/issues/39154,Deploy Checklist: New Expensify 2024-03-27,39033,https://github.com/Expensify/App/issues/39033,2024-03-27
39156,https://github.com/Expensify/App/issues/39156,Deploy Checklist: New Expensify 2024-03-27,39033,https://github.com/Expensify/App/issues/39033,2024-03-27
39158,https://github.com/Expensify/App/issues/39158,Deploy Checklist: New Expensify 2024-03-27,39033,https://github.com/Expensify/App/issues/39033,2024-03-27
39163,https://github.com/Expensify/App/issues/39163,Deploy Checklist: New Expensify 2024-03-27,39033,https://github.com/Expensify/App/issues/39033,2024-03-27
39178,https://github.com/Expensify/App/issues/39178,Deploy Checklist: New Expensify 2024-03-27,39033,https://github.com/Expensify/App/issues/39033,2024-03-27
39195,https://github.com/Expensify/App/issues/39195,Deploy Checklist: New Expensify 2024-03-27,39033,https://github.com/Expensify/App/issues/39033,2024-03-27
39218,https://github.com/Expensify/App/issues/39218,Deploy Checklist: New Expensify 2024-03-27,39033,https://github.com/Expensify/App/issues/39033,2024-03-27
38781,https://github.com/Expensify/App/issues/38781,Deploy Checklist: New Expensify 2024-03-22,38811,https://github.com/Expensify/App/issues/38811,2024-03-22
38813,https://github.com/Expensify/App/issues/38813,Deploy Checklist: New Expensify 2024-03-22,38811,https://github.com/Expensify/App/issues/38811,2024-03-22
38814,https://github.com/Expensify/App/issues/38814,Deploy Checklist: New Expensify 2024-03-22,38811,https://github.com/Expensify/App/issues/38811,2024-03-22
38815,https://github.com/Expensify/App/issues/38815,Deploy Checklist: New Expensify 2024-03-22,38811,https://github.com/Expensify/App/issues/38811,2024-03-22
38817,https://github.com/Expensify/App/issues/38817,Deploy Checklist: New Expensify 2024-03-22,38811,https://github.com/Expensify/App/issues/38811,2024-03-22
38818,https://github.com/Expensify/App/issues/38818,Deploy Checklist: New Expensify 2024-03-22,38811,https://github.com/Expensify/App/issues/38811,2024-03-22
38819,https://github.com/Expensify/App/issues/38819,Deploy Checklist: New Expensify 2024-03-22,38811,https://github.com/Expensify/App/issues/38811,2024-03-22
38820,https://github.com/Expensify/App/issues/38820,Deploy Checklist: New Expensify 2024-03-22,38811,https://github.com/Expensify/App/issues/38811,2024-03-22
38821,https://github.com/Expensify/App/issues/38821,Deploy Checklist: New Expensify 2024-03-22,38811,https://github.com/Expensify/App/issues/38811,2024-03-22
38822,https://github.com/Expensify/App/issues/38822,Deploy Checklist: New Expensify 2024-03-22,38811,https://github.com/Expensify/App/issues/38811,2024-03-22
38824,https://github.com/Expensify/App/issues/38824,Deploy Checklist: New Expensify 2024-03-22,38811,https://github.com/Expensify/App/issues/38811,2024-03-22
38826,https://github.com/Expensify/App/issues/38826,Deploy Checklist: New Expensify 2024-03-22,38811,https://github.com/Expensify/App/issues/38811,2024-03-22
38827,https://github.com/Expensify/App/issues/38827,Deploy Checklist: New Expensify 2024-03-22,38811,https://github.com/Expensify/App/issues/38811,2024-03-22
38830,https://github.com/Expensify/App/issues/38830,Deploy Checklist: New Expensify 2024-03-22,38811,https://github.com/Expensify/App/issues/38811,2024-03-22
38835,https://github.com/Expensify/App/issues/38835,Deploy Checklist: New Expensify 2024-03-22,38811,https://github.com/Expensify/App/issues/38811,2024-03-22
38836,https://github.com/Expensify/App/issues/38836,Deploy Checklist: New Expensify 2024-03-22,38811,https://github.com/Expensify/App/issues/38811,2024-03-22
38837,https://github.com/Expensify/App/issues/38837,Deploy Checklist: New Expensify 2024-03-22,38811,https://github.com/Expensify/App/issues/38811,2024-03-22
38838,https://github.com/Expensify/App/issues/38838,Deploy Checklist: New Expensify 2024-03-22,38811,https://github.com/Expensify/App/issues/38811,2024-03-22
38839,https://github.com/Expensify/App/issues/38839,Deploy Checklist: New Expensify 2024-03-22,38811,https://github.com/Expensify/App/issues/38811,2024-03-22
38844,https://github.com/Expensify/App/issues/38844,Deploy Checklist: New Expensify 2024-03-22,38811,https://github.com/Expensify/App/issues/38811,2024-03-22
38845,https://github.com/Expensify/App/issues/38845,Deploy Checklist: New Expensify 2024-03-22,38811,https://github.com/Expensify/App/issues/38811,2024-03-22
38848,https://github.com/Expensify/App/issues/38848,Deploy Checklist: New Expensify 2024-03-22,38811,https://github.com/Expensify/App/issues/38811,2024-03-22
38853,https://github.com/Expensify/App/issues/38853,Deploy Checklist: New Expensify 2024-03-22,38811,https://github.com/Expensify/App/issues/38811,2024-03-22
38855,https://github.com/Expensify/App/issues/38855,Deploy Checklist: New Expensify 2024-03-22,38811,https://github.com/Expensify/App/issues/38811,2024-03-22
38859,https://github.com/Expensify/App/issues/38859,Deploy Checklist: New Expensify 2024-03-22,38811,https://github.com/Expensify/App/issues/38811,2024-03-22
38860,https://github.com/Expensify/App/issues/38860,Deploy Checklist: New Expensify 2024-03-22,38811,https://github.com/Expensify/App/issues/38811,2024-03-22
38862,https://github.com/Expensify/App/issues/38862,Deploy Checklist: New Expensify 2024-03-22,38811,https://github.com/Expensify/App/issues/38811,2024-03-22
38864,https://github.com/Expensify/App/issues/38864,Deploy Checklist: New Expensify 2024-03-22,38811,https://github.com/Expensify/App/issues/38811,2024-03-22
38866,https://github.com/Expensify/App/issues/38866,Deploy Checklist: New Expensify 2024-03-22,38811,https://github.com/Expensify/App/issues/38811,2024-03-22
38868,https://github.com/Expensify/App/issues/38868,Deploy Checklist: New Expensify 2024-03-22,38811,https://github.com/Expensify/App/issues/38811,2024-03-22
38869,https://github.com/Expensify/App/issues/38869,Deploy Checklist: New Expensify 2024-03-22,38811,https://github.com/Expensify/App/issues/38811,2024-03-22
38870,https://github.com/Expensify/App/issues/38870,Deploy Checklist: New Expensify 2024-03-22,38811,https://github.com/Expensify/App/issues/38811,2024-03-22
38871,https://github.com/Expensify/App/issues/38871,Deploy Checklist: New Expensify 2024-03-22,38811,https://github.com/Expensify/App/issues/38811,2024-03-22
38873,https://github.com/Expensify/App/issues/38873,Deploy Checklist: New Expensify 2024-03-22,38811,https://github.com/Expensify/App/issues/38811,2024-03-22
38874,https://github.com/Expensify/App/issues/38874,Deploy Checklist: New Expensify 2024-03-22,38811,https://github.com/Expensify/App/issues/38811,2024-03-22
38875,https://github.com/Expensify/App/issues/38875,Deploy Checklist: New Expensify 2024-03-22,38811,https://github.com/Expensify/App/issues/38811,2024-03-22
38876,https://github.com/Expensify/App/issues/38876,Deploy Checklist: New Expensify 2024-03-22,38811,https://github.com/Expensify/App/issues/38811,2024-03-22
38877,https://github.com/Expensify/App/issues/38877,Deploy Checklist: New Expensify 2024-03-22,38811,https://github.com/Expensify/App/issues/38811,2024-03-22
38878,https://github.com/Expensify/App/issues/38878,Deploy Checklist: New Expensify 2024-03-22,38811,https://github.com/Expensify/App/issues/38811,2024-03-22
38888,https://github.com/Expensify/App/issues/38888,Deploy Checklist: New Expensify 2024-03-22,38811,https://github.com/Expensify/App/issues/38811,2024-03-22
38889,https://github.com/Expensify/App/issues/38889,Deploy Checklist: New Expensify 2024-03-22,38811,https://github.com/Expensify/App/issues/38811,2024-03-22
38895,https://github.com/Expensify/App/issues/38895,Deploy Checklist: New Expensify 2024-03-22,38811,https://github.com/Expensify/App/issues/38811,2024-03-22
38896,https://github.com/Expensify/App/issues/38896,Deploy Checklist: New Expensify 2024-03-22,38811,https://github.com/Expensify/App/issues/38811,2024-03-22
38897,https://github.com/Expensify/App/issues/38897,Deploy Checklist: New Expensify 2024-03-22,38811,https://github.com/Expensify/App/issues/38811,2024-03-22
38898,https://github.com/Expensify/App/issues/38898,Deploy Checklist: New Expensify 2024-03-22,38811,https://github.com/Expensify/App/issues/38811,2024-03-22
38922,https://github.com/Expensify/App/issues/38922,Deploy Checklist: New Expensify 2024-03-22,38811,https://github.com/Expensify/App/issues/38811,2024-03-22
38926,https://github.com/Expensify/App/issues/38926,Deploy Checklist: New Expensify 2024-03-22,38811,https://github.com/Expensify/App/issues/38811,2024-03-22
38931,https://github.com/Expensify/App/issues/38931,Deploy Checklist: New Expensify 2024-03-22,38811,https://github.com/Expensify/App/issues/38811,2024-03-22
38935,https://github.com/Expensify/App/issues/38935,Deploy Checklist: New Expensify 2024-03-22,38811,https://github.com/Expensify/App/issues/38811,2024-03-22
38516,https://github.com/Expensify/App/issues/38516,Deploy Checklist: New Expensify 2024-03-19,38651,https://github.com/Expensify/App/issues/38651,2024-03-19
38660,https://github.com/Expensify/App/issues/38660,Deploy Checklist: New Expensify 2024-03-19,38651,https://github.com/Expensify/App/issues/38651,2024-03-19
38662,https://github.com/Expensify/App/issues/38662,Deploy Checklist: New Expensify 2024-03-19,38651,https://github.com/Expensify/App/issues/38651,2024-03-19
38663,https://github.com/Expensify/App/issues/38663,Deploy Checklist: New Expensify 2024-03-19,38651,https://github.com/Expensify/App/issues/38651,2024-03-19
38665,https://github.com/Expensify/App/issues/38665,Deploy Checklist: New Expensify 2024-03-19,38651,https://github.com/Expensify/App/issues/38651,2024-03-19
38666,https://github.com/Expensify/App/issues/38666,Deploy Checklist: New Expensify 2024-03-19,38651,https://github.com/Expensify/App/issues/38651,2024-03-19
38668,https://github.com/Expensify/App/issues/38668,Deploy Checklist: New Expensify 2024-03-19,38651,https://github.com/Expensify/App/issues/38651,2024-03-19
38670,https://github.com/Expensify/App/issues/38670,Deploy Checklist: New Expensify 2024-03-19,38651,https://github.com/Expensify/App/issues/38651,2024-03-19
38672,https://github.com/Expensify/App/issues/38672,Deploy Checklist: New Expensify 2024-03-19,38651,https://github.com/Expensify/App/issues/38651,2024-03-19
38673,https://github.com/Expensify/App/issues/38673,Deploy Checklist: New Expensify 2024-03-19,38651,https://github.com/Expensify/App/issues/38651,2024-03-19
38676,https://github.com/Expensify/App/issues/38676,Deploy Checklist: New Expensify 2024-03-19,38651,https://github.com/Expensify/App/issues/38651,2024-03-19
38683,https://github.com/Expensify/App/issues/38683,Deploy Checklist: New Expensify 2024-03-19,38651,https://github.com/Expensify/App/issues/38651,2024-03-19
38692,https://github.com/Expensify/App/issues/38692,Deploy Checklist: New Expensify 2024-03-19,38651,https://github.com/Expensify/App/issues/38651,2024-03-19
38696,https://github.com/Expensify/App/issues/38696,Deploy Checklist: New Expensify 2024-03-19,38651,https://github.com/Expensify/App/issues/38651,2024-03-19
38701,https://github.com/Expensify/App/issues/38701,Deploy Checklist: New Expensify 2024-03-19,38651,https://github.com/Expensify/App/issues/38651,2024-03-19
38712,https://github.com/Expensify/App/issues/38712,Deploy Checklist: New Expensify 2024-03-19,38651,https://github.com/Expensify/App/issues/38651,2024-03-19
38496,https://github.com/Expensify/App/issues/38496,Deploy Checklist: New Expensify 2024-03-18,38489,https://github.com/Expensify/App/issues/38489,2024-03-18
38497,https://github.com/Expensify/App/issues/38497,Deploy Checklist: New Expensify 2024-03-18,38489,https://github.com/Expensify/App/issues/38489,2024-03-18
38499,https://github.com/Expensify/App/issues/38499,Deploy Checklist: New Expensify 2024-03-18,38489,https://github.com/Expensify/App/issues/38489,2024-03-18
38502,https://github.com/Expensify/App/issues/38502,Deploy Checklist: New Expensify 2024-03-18,38489,https://github.com/Expensify/App/issues/38489,2024-03-18
38504,https://github.com/Expensify/App/issues/38504,Deploy Checklist: New Expensify 2024-03-18,38489,https://github.com/Expensify/App/issues/38489,2024-03-18
38509,https://github.com/Expensify/App/issues/38509,Deploy Checklist: New Expensify 2024-03-18,38489,https://github.com/Expensify/App/issues/38489,2024-03-18
38516,https://github.com/Expensify/App/issues/38516,Deploy Checklist: New Expensify 2024-03-18,38489,https://github.com/Expensify/App/issues/38489,2024-03-18
38517,https://github.com/Expensify/App/issues/38517,Deploy Checklist: New Expensify 2024-03-18,38489,https://github.com/Expensify/App/issues/38489,2024-03-18
38519,https://github.com/Expensify/App/issues/38519,Deploy Checklist: New Expensify 2024-03-18,38489,https://github.com/Expensify/App/issues/38489,2024-03-18
38528,https://github.com/Expensify/App/issues/38528,Deploy Checklist: New Expensify 2024-03-18,38489,https://github.com/Expensify/App/issues/38489,2024-03-18
38532,https://github.com/Expensify/App/issues/38532,Deploy Checklist: New Expensify 2024-03-18,38489,https://github.com/Expensify/App/issues/38489,2024-03-18
38541,https://github.com/Expensify/App/issues/38541,Deploy Checklist: New Expensify 2024-03-18,38489,https://github.com/Expensify/App/issues/38489,2024-03-18
38559,https://github.com/Expensify/App/issues/38559,Deploy Checklist: New Expensify 2024-03-18,38489,https://github.com/Expensify/App/issues/38489,2024-03-18
38564,https://github.com/Expensify/App/issues/38564,Deploy Checklist: New Expensify 2024-03-18,38489,https://github.com/Expensify/App/issues/38489,2024-03-18
38566,https://github.com/Expensify/App/issues/38566,Deploy Checklist: New Expensify 2024-03-18,38489,https://github.com/Expensify/App/issues/38489,2024-03-18
38572,https://github.com/Expensify/App/issues/38572,Deploy Checklist: New Expensify 2024-03-18,38489,https://github.com/Expensify/App/issues/38489,2024-03-18
38573,https://github.com/Expensify/App/issues/38573,Deploy Checklist: New Expensify 2024-03-18,38489,https://github.com/Expensify/App/issues/38489,2024-03-18
38585,https://github.com/Expensify/App/issues/38585,Deploy Checklist: New Expensify 2024-03-18,38489,https://github.com/Expensify/App/issues/38489,2024-03-18
38595,https://github.com/Expensify/App/issues/38595,Deploy Checklist: New Expensify 2024-03-18,38489,https://github.com/Expensify/App/issues/38489,2024-03-18
38598,https://github.com/Expensify/App/issues/38598,Deploy Checklist: New Expensify 2024-03-18,38489,https://github.com/Expensify/App/issues/38489,2024-03-18
38328,https://github.com/Expensify/App/issues/38328,Deploy Checklist: New Expensify 2024-03-15,38382,https://github.com/Expensify/App/issues/38382,2024-03-15
38362,https://github.com/Expensify/App/issues/38362,Deploy Checklist: New Expensify 2024-03-15,38382,https://github.com/Expensify/App/issues/38382,2024-03-15
38401,https://github.com/Expensify/App/issues/38401,Deploy Checklist: New Expensify 2024-03-15,38382,https://github.com/Expensify/App/issues/38382,2024-03-15
38402,https://github.com/Expensify/App/issues/38402,Deploy Checklist: New Expensify 2024-03-15,38382,https://github.com/Expensify/App/issues/38382,2024-03-15
38404,https://github.com/Expensify/App/issues/38404,Deploy Checklist: New Expensify 2024-03-15,38382,https://github.com/Expensify/App/issues/38382,2024-03-15
38425,https://github.com/Expensify/App/issues/38425,Deploy Checklist: New Expensify 2024-03-15,38382,https://github.com/Expensify/App/issues/38382,2024-03-15
38450,https://github.com/Expensify/App/issues/38450,Deploy Checklist: New Expensify 2024-03-15,38382,https://github.com/Expensify/App/issues/38382,2024-03-15
38458,https://github.com/Expensify/App/issues/38458,Deploy Checklist: New Expensify 2024-03-15,38382,https://github.com/Expensify/App/issues/38382,2024-03-15
38459,https://github.com/Expensify/App/issues/38459,Deploy Checklist: New Expensify 2024-03-15,38382,https://github.com/Expensify/App/issues/38382,2024-03-15
38465,https://github.com/Expensify/App/issues/38465,Deploy Checklist: New Expensify 2024-03-15,38382,https://github.com/Expensify/App/issues/38382,2024-03-15
38171,https://github.com/Expensify/App/issues/38171,Deploy Checklist: New Expensify 2024-03-13,38257,https://github.com/Expensify/App/issues/38257,2024-03-13
38260,https://github.com/Expensify/App/issues/38260,Deploy Checklist: New Expensify 2024-03-13,38257,https://github.com/Expensify/App/issues/38257,2024-03-13
38261,https://github.com/Expensify/App/issues/38261,Deploy Checklist: New Expensify 2024-03-13,38257,https://github.com/Expensify/App/issues/38257,2024-03-13
38262,https://github.com/Expensify/App/issues/38262,Deploy Checklist: New Expensify 2024-03-13,38257,https://github.com/Expensify/App/issues/38257,2024-03-13
38263,https://github.com/Expensify/App/issues/38263,Deploy Checklist: New Expensify 2024-03-13,38257,https://github.com/Expensify/App/issues/38257,2024-03-13
38264,https://github.com/Expensify/App/issues/38264,Deploy Checklist: New Expensify 2024-03-13,38257,https://github.com/Expensify/App/issues/38257,2024-03-13
38265,https://github.com/Expensify/App/issues/38265,Deploy Checklist: New Expensify 2024-03-13,38257,https://github.com/Expensify/App/issues/38257,2024-03-13
38266,https://github.com/Expensify/App/issues/38266,Deploy Checklist: New Expensify 2024-03-13,38257,https://github.com/Expensify/App/issues/38257,2024-03-13
38277,https://github.com/Expensify/App/issues/38277,Deploy Checklist: New Expensify 2024-03-13,38257,https://github.com/Expensify/App/issues/38257,2024-03-13
38281,https://github.com/Expensify/App/issues/38281,Deploy Checklist: New Expensify 2024-03-13,38257,https://github.com/Expensify/App/issues/38257,2024-03-13
38284,https://github.com/Expensify/App/issues/38284,Deploy Checklist: New Expensify 2024-03-13,38257,https://github.com/Expensify/App/issues/38257,2024-03-13
38286,https://github.com/Expensify/App/issues/38286,Deploy Checklist: New Expensify 2024-03-13,38257,https://github.com/Expensify/App/issues/38257,2024-03-13
38287,https://github.com/Expensify/App/issues/38287,Deploy Checklist: New Expensify 2024-03-13,38257,https://github.com/Expensify/App/issues/38257,2024-03-13
38289,https://github.com/Expensify/App/issues/38289,Deploy Checklist: New Expensify 2024-03-13,38257,https://github.com/Expensify/App/issues/38257,2024-03-13
38290,https://github.com/Expensify/App/issues/38290,Deploy Checklist: New Expensify 2024-03-13,38257,https://github.com/Expensify/App/issues/38257,2024-03-13
38291,https://github.com/Expensify/App/issues/38291,Deploy Checklist: New Expensify 2024-03-13,38257,https://github.com/Expensify/App/issues/38257,2024-03-13
38292,https://github.com/Expensify/App/issues/38292,Deploy Checklist: New Expensify 2024-03-13,38257,https://github.com/Expensify/App/issues/38257,2024-03-13
38294,https://github.com/Expensify/App/issues/38294,Deploy Checklist: New Expensify 2024-03-13,38257,https://github.com/Expensify/App/issues/38257,2024-03-13
38296,https://github.com/Expensify/App/issues/38296,Deploy Checklist: New Expensify 2024-03-13,38257,https://github.com/Expensify/App/issues/38257,2024-03-13
38298,https://github.com/Expensify/App/issues/38298,Deploy Checklist: New Expensify 2024-03-13,38257,https://github.com/Expensify/App/issues/38257,2024-03-13
38299,https://github.com/Expensify/App/issues/38299,Deploy Checklist: New Expensify 2024-03-13,38257,https://github.com/Expensify/App/issues/38257,2024-03-13
38301,https://github.com/Expensify/App/issues/38301,Deploy Checklist: New Expensify 2024-03-13,38257,https://github.com/Expensify/App/issues/38257,2024-03-13
38324,https://github.com/Expensify/App/issues/38324,Deploy Checklist: New Expensify 2024-03-13,38257,https://github.com/Expensify/App/issues/38257,2024-03-13
38328,https://github.com/Expensify/App/issues/38328,Deploy Checklist: New Expensify 2024-03-13,38257,https://github.com/Expensify/App/issues/38257,2024-03-13
38333,https://github.com/Expensify/App/issues/38333,Deploy Checklist: New Expensify 2024-03-13,38257,https://github.com/Expensify/App/issues/38257,2024-03-13
38347,https://github.com/Expensify/App/issues/38347,Deploy Checklist: New Expensify 2024-03-13,38257,https://github.com/Expensify/App/issues/38257,2024-03-13
38351,https://github.com/Expensify/App/issues/38351,Deploy Checklist: New Expensify 2024-03-13,38257,https://github.com/Expensify/App/issues/38257,2024-03-13
38362,https://github.com/Expensify/App/issues/38362,Deploy Checklist: New Expensify 2024-03-13,38257,https://github.com/Expensify/App/issues/38257,2024-03-13
38366,https://github.com/Expensify/App/issues/38366,Deploy Checklist: New Expensify 2024-03-13,38257,https://github.com/Expensify/App/issues/38257,2024-03-13
38367,https://github.com/Expensify/App/issues/38367,Deploy Checklist: New Expensify 2024-03-13,38257,https://github.com/Expensify/App/issues/38257,2024-03-13
37405,https://github.com/Expensify/App/issues/37405,Deploy Checklist: New Expensify 2024-03-12,38162,https://github.com/Expensify/App/issues/38162,2024-03-12
38169,https://github.com/Expensify/App/issues/38169,Deploy Checklist: New Expensify 2024-03-12,38162,https://github.com/Expensify/App/issues/38162,2024-03-12
38171,https://github.com/Expensify/App/issues/38171,Deploy Checklist: New Expensify 2024-03-12,38162,https://github.com/Expensify/App/issues/38162,2024-03-12
38172,https://github.com/Expensify/App/issues/38172,Deploy Checklist: New Expensify 2024-03-12,38162,https://github.com/Expensify/App/issues/38162,2024-03-12
38173,https://github.com/Expensify/App/issues/38173,Deploy Checklist: New Expensify 2024-03-12,38162,https://github.com/Expensify/App/issues/38162,2024-03-12
38174,https://github.com/Expensify/App/issues/38174,Deploy Checklist: New Expensify 2024-03-12,38162,https://github.com/Expensify/App/issues/38162,2024-03-12
38176,https://github.com/Expensify/App/issues/38176,Deploy Checklist: New Expensify 2024-03-12,38162,https://github.com/Expensify/App/issues/38162,2024-03-12
38177,https://github.com/Expensify/App/issues/38177,Deploy Checklist: New Expensify 2024-03-12,38162,https://github.com/Expensify/App/issues/38162,2024-03-12
38178,https://github.com/Expensify/App/issues/38178,Deploy Checklist: New Expensify 2024-03-12,38162,https://github.com/Expensify/App/issues/38162,2024-03-12
38179,https://github.com/Expensify/App/issues/38179,Deploy Checklist: New Expensify 2024-03-12,38162,https://github.com/Expensify/App/issues/38162,2024-03-12
38181,https://github.com/Expensify/App/issues/38181,Deploy Checklist: New Expensify 2024-03-12,38162,https://github.com/Expensify/App/issues/38162,2024-03-12
38183,https://github.com/Expensify/App/issues/38183,Deploy Checklist: New Expensify 2024-03-12,38162,https://github.com/Expensify/App/issues/38162,2024-03-12
38185,https://github.com/Expensify/App/issues/38185,Deploy Checklist: New Expensify 2024-03-12,38162,https://github.com/Expensify/App/issues/38162,2024-03-12
38188,https://github.com/Expensify/App/issues/38188,Deploy Checklist: New Expensify 2024-03-12,38162,https://github.com/Expensify/App/issues/38162,2024-03-12
38198,https://github.com/Expensify/App/issues/38198,Deploy Checklist: New Expensify 2024-03-12,38162,https://github.com/Expensify/App/issues/38162,2024-03-12
38199,https://github.com/Expensify/App/issues/38199,Deploy Checklist: New Expensify 2024-03-12,38162,https://github.com/Expensify/App/issues/38162,2024-03-12
38200,https://github.com/Expensify/App/issues/38200,Deploy Checklist: New Expensify 2024-03-12,38162,https://github.com/Expensify/App/issues/38162,2024-03-12
38201,https://github.com/Expensify/App/issues/38201,Deploy Checklist: New Expensify 2024-03-12,38162,https://github.com/Expensify/App/issues/38162,2024-03-12
38202,https://github.com/Expensify/App/issues/38202,Deploy Checklist: New Expensify 2024-03-12,38162,https://github.com/Expensify/App/issues/38162,2024-03-12
38203,https://github.com/Expensify/App/issues/38203,Deploy Checklist: New Expensify 2024-03-12,38162,https://github.com/Expensify/App/issues/38162,2024-03-12
38206,https://github.com/Expensify/App/issues/38206,Deploy Checklist: New Expensify 2024-03-12,38162,https://github.com/Expensify/App/issues/38162,2024-03-12
38213,https://github.com/Expensify/App/issues/38213,Deploy Checklist: New Expensify 2024-03-12,38162,https://github.com/Expensify/App/issues/38162,2024-03-12
38214,https://github.com/Expensify/App/issues/38214,Deploy Checklist: New Expensify 2024-03-12,38162,https://github.com/Expensify/App/issues/38162,2024-03-12
38042,https://github.com/Expensify/App/issues/38042,Deploy Checklist: New Expensify 2024-03-11,38037,https://github.com/Expensify/App/issues/38037,2024-03-11
38044,https://github.com/Expensify/App/issues/38044,Deploy Checklist: New Expensify 2024-03-11,38037,https://github.com/Expensify/App/issues/38037,2024-03-11
38047,https://github.com/Expensify/App/issues/38047,Deploy Checklist: New Expensify 2024-03-11,38037,https://github.com/Expensify/App/issues/38037,2024-03-11
38049,https://github.com/Expensify/App/issues/38049,Deploy Checklist: New Expensify 2024-03-11,38037,https://github.com/Expensify/App/issues/38037,2024-03-11
38062,https://github.com/Expensify/App/issues/38062,Deploy Checklist: New Expensify 2024-03-11,38037,https://github.com/Expensify/App/issues/38037,2024-03-11
38064,https://github.com/Expensify/App/issues/38064,Deploy Checklist: New Expensify 2024-03-11,38037,https://github.com/Expensify/App/issues/38037,2024-03-11
38065,https://github.com/Expensify/App/issues/38065,Deploy Checklist: New Expensify 2024-03-11,38037,https://github.com/Expensify/App/issues/38037,2024-03-11
38068,https://github.com/Expensify/App/issues/38068,Deploy Checklist: New Expensify 2024-03-11,38037,https://github.com/Expensify/App/issues/38037,2024-03-11
38069,https://github.com/Expensify/App/issues/38069,Deploy Checklist: New Expensify 2024-03-11,38037,https://github.com/Expensify/App/issues/38037,2024-03-11
38095,https://github.com/Expensify/App/issues/38095,Deploy Checklist: New Expensify 2024-03-11,38037,https://github.com/Expensify/App/issues/38037,2024-03-11
37939,https://github.com/Expensify/App/issues/37939,Deploy Checklist: New Expensify 2024-03-07,37938,https://github.com/Expensify/App/issues/37938,2024-03-07
37940,https://github.com/Expensify/App/issues/37940,Deploy Checklist: New Expensify 2024-03-07,37938,https://github.com/Expensify/App/issues/37938,2024-03-07
37941,https://github.com/Expensify/App/issues/37941,Deploy Checklist: New Expensify 2024-03-07,37938,https://github.com/Expensify/App/issues/37938,2024-03-07
37942,https://github.com/Expensify/App/issues/37942,Deploy Checklist: New Expensify 2024-03-07,37938,https://github.com/Expensify/App/issues/37938,2024-03-07
37943,https://github.com/Expensify/App/issues/37943,Deploy Checklist: New Expensify 2024-03-07,37938,https://github.com/Expensify/App/issues/37938,2024-03-07
37958,https://github.com/Expensify/App/issues/37958,Deploy Checklist: New Expensify 2024-03-07,37938,https://github.com/Expensify/App/issues/37938,2024-03-07
37959,https://github.com/Expensify/App/issues/37959,Deploy Checklist: New Expensify 2024-03-07,37938,https://github.com/Expensify/App/issues/37938,2024-03-07
37960,https://github.com/Expensify/App/issues/37960,Deploy Checklist: New Expensify 2024-03-07,37938,https://github.com/Expensify/App/issues/37938,2024-03-07
37962,https://github.com/Expensify/App/issues/37962,Deploy Checklist: New Expensify 2024-03-07,37938,https://github.com/Expensify/App/issues/37938,2024-03-07
37963,https://github.com/Expensify/App/issues/37963,Deploy Checklist: New Expensify 2024-03-07,37938,https://github.com/Expensify/App/issues/37938,2024-03-07
37964,https://github.com/Expensify/App/issues/37964,Deploy Checklist: New Expensify 2024-03-07,37938,https://github.com/Expensify/App/issues/37938,2024-03-07
37965,https://github.com/Expensify/App/issues/37965,Deploy Checklist: New Expensify 2024-03-07,37938,https://github.com/Expensify/App/issues/37938,2024-03-07
37970,https://github.com/Expensify/App/issues/37970,Deploy Checklist: New Expensify 2024-03-07,37938,https://github.com/Expensify/App/issues/37938,2024-03-07
37976,https://github.com/Expensify/App/issues/37976,Deploy Checklist: New Expensify 2024-03-07,37938,https://github.com/Expensify/App/issues/37938,2024-03-07
37994,https://github.com/Expensify/App/issues/37994,Deploy Checklist: New Expensify 2024-03-07,37938,https://github.com/Expensify/App/issues/37938,2024-03-07
38000,https://github.com/Expensify/App/issues/38000,Deploy Checklist: New Expensify 2024-03-07,37938,https://github.com/Expensify/App/issues/37938,2024-03-07
38003,https://github.com/Expensify/App/issues/38003,Deploy Checklist: New Expensify 2024-03-07,37938,https://github.com/Expensify/App/issues/37938,2024-03-07
38008,https://github.com/Expensify/App/issues/38008,Deploy Checklist: New Expensify 2024-03-07,37938,https://github.com/Expensify/App/issues/37938,2024-03-07
37710,https://github.com/Expensify/App/issues/37710,Deploy Checklist: New Expensify 2024-03-06,37845,https://github.com/Expensify/App/issues/37845,2024-03-06
37779,https://github.com/Expensify/App/issues/37779,Deploy Checklist: New Expensify 2024-03-06,37845,https://github.com/Expensify/App/issues/37845,2024-03-06
37847,https://github.com/Expensify/App/issues/37847,Deploy Checklist: New Expensify 2024-03-06,37845,https://github.com/Expensify/App/issues/37845,2024-03-06
37848,https://github.com/Expensify/App/issues/37848,Deploy Checklist: New Expensify 2024-03-06,37845,https://github.com/Expensify/App/issues/37845,2024-03-06
37849,https://github.com/Expensify/App/issues/37849,Deploy Checklist: New Expensify 2024-03-06,37845,https://github.com/Expensify/App/issues/37845,2024-03-06
37850,https://github.com/Expensify/App/issues/37850,Deploy Checklist: New Expensify 2024-03-06,37845,https://github.com/Expensify/App/issues/37845,2024-03-06
37851,https://github.com/Expensify/App/issues/37851,Deploy Checklist: New Expensify 2024-03-06,37845,https://github.com/Expensify/App/issues/37845,2024-03-06
37852,https://github.com/Expensify/App/issues/37852,Deploy Checklist: New Expensify 2024-03-06,37845,https://github.com/Expensify/App/issues/37845,2024-03-06
37864,https://github.com/Expensify/App/issues/37864,Deploy Checklist: New Expensify 2024-03-06,37845,https://github.com/Expensify/App/issues/37845,2024-03-06
37865,https://github.com/Expensify/App/issues/37865,Deploy Checklist: New Expensify 2024-03-06,37845,https://github.com/Expensify/App/issues/37845,2024-03-06
37867,https://github.com/Expensify/App/issues/37867,Deploy Checklist: New Expensify 2024-03-06,37845,https://github.com/Expensify/App/issues/37845,2024-03-06
37873,https://github.com/Expensify/App/issues/37873,Deploy Checklist: New Expensify 2024-03-06,37845,https://github.com/Expensify/App/issues/37845,2024-03-06
37886,https://github.com/Expensify/App/issues/37886,Deploy Checklist: New Expensify 2024-03-06,37845,https://github.com/Expensify/App/issues/37845,2024-03-06
37289,https://github.com/Expensify/App/issues/37289,Deploy Checklist: New Expensify 2024-03-04,37698,https://github.com/Expensify/App/issues/37698,2024-03-04
37658,https://github.com/Expensify/App/issues/37658,Deploy Checklist: New Expensify 2024-03-04,37698,https://github.com/Expensify/App/issues/37698,2024-03-04
37708,https://github.com/Expensify/App/issues/37708,Deploy Checklist: New Expensify 2024-03-04,37698,https://github.com/Expensify/App/issues/37698,2024-03-04
37709,https://github.com/Expensify/App/issues/37709,Deploy Checklist: New Expensify 2024-03-04,37698,https://github.com/Expensify/App/issues/37698,2024-03-04
37710,https://github.com/Expensify/App/issues/37710,Deploy Checklist: New Expensify 2024-03-04,37698,https://github.com/Expensify/App/issues/37698,2024-03-04
37711,https://github.com/Expensify/App/issues/37711,Deploy Checklist: New Expensify 2024-03-04,37698,https://github.com/Expensify/App/issues/37698,2024-03-04
37725,https://github.com/Expensify/App/issues/37725,Deploy Checklist: New Expensify 2024-03-04,37698,https://github.com/Expensify/App/issues/37698,2024-03-04
37730,https://github.com/Expensify/App/issues/37730,Deploy Checklist: New Expensify 2024-03-04,37698,https://github.com/Expensify/App/issues/37698,2024-03-04
37738,https://github.com/Expensify/App/issues/37738,Deploy Checklist: New Expensify 2024-03-04,37698,https://github.com/Expensify/App/issues/37698,2024-03-04
37742,https://github.com/Expensify/App/issues/37742,Deploy Checklist: New Expensify 2024-03-04,37698,https://github.com/Expensify/App/issues/37698,2024-03-04
37743,https://github.com/Expensify/App/issues/37743,Deploy Checklist: New Expensify 2024-03-04,37698,https://github.com/Expensify/App/issues/37698,2024-03-04
37746,https://github.com/Expensify/App/issues/37746,Deploy Checklist: New Expensify 2024-03-04,37698,https://github.com/Expensify/App/issues/37698,2024-03-04
37748,https://github.com/Expensify/App/issues/37748,Deploy Checklist: New Expensify 2024-03-04,37698,https://github.com/Expensify/App/issues/37698,2024-03-04
37749,https://github.com/Expensify/App/issues/37749,Deploy Checklist: New Expensify 2024-03-04,37698,https://github.com/Expensify/App/issues/37698,2024-03-04
37750,https://github.com/Expensify/App/issues/37750,Deploy Checklist: New Expensify 2024-03-04,37698,https://github.com/Expensify/App/issues/37698,2024-03-04
37752,https://github.com/Expensify/App/issues/37752,Deploy Checklist: New Expensify 2024-03-04,37698,https://github.com/Expensify/App/issues/37698,2024-03-04
37756,https://github.com/Expensify/App/issues/37756,Deploy Checklist: New Expensify 2024-03-04,37698,https://github.com/Expensify/App/issues/37698,2024-03-04
37757,https://github.com/Expensify/App/issues/37757,Deploy Checklist: New Expensify 2024-03-04,37698,https://github.com/Expensify/App/issues/37698,2024-03-04
37758,https://github.com/Expensify/App/issues/37758,Deploy Checklist: New Expensify 2024-03-04,37698,https://github.com/Expensify/App/issues/37698,2024-03-04
37764,https://github.com/Expensify/App/issues/37764,Deploy Checklist: New Expensify 2024-03-04,37698,https://github.com/Expensify/App/issues/37698,2024-03-04
37766,https://github.com/Expensify/App/issues/37766,Deploy Checklist: New Expensify 2024-03-04,37698,https://github.com/Expensify/App/issues/37698,2024-03-04
37779,https://github.com/Expensify/App/issues/37779,Deploy Checklist: New Expensify 2024-03-04,37698,https://github.com/Expensify/App/issues/37698,2024-03-04
37351,https://github.com/Expensify/App/issues/37351,Deploy Checklist: New Expensify 2024-02-29,37578,https://github.com/Expensify/App/issues/37578,2024-02-29
37597,https://github.com/Expensify/App/issues/37597,Deploy Checklist: New Expensify 2024-02-29,37578,https://github.com/Expensify/App/issues/37578,2024-02-29
37598,https://github.com/Expensify/App/issues/37598,Deploy Checklist: New Expensify 2024-02-29,37578,https://github.com/Expensify/App/issues/37578,2024-02-29
37623,https://github.com/Expensify/App/issues/37623,Deploy Checklist: New Expensify 2024-02-29,37578,https://github.com/Expensify/App/issues/37578,2024-02-29
37644,https://github.com/Expensify/App/issues/37644,Deploy Checklist: New Expensify 2024-02-29,37578,https://github.com/Expensify/App/issues/37578,2024-02-29
37645,https://github.com/Expensify/App/issues/37645,Deploy Checklist: New Expensify 2024-02-29,37578,https://github.com/Expensify/App/issues/37578,2024-02-29
37658,https://github.com/Expensify/App/issues/37658,Deploy Checklist: New Expensify 2024-02-29,37578,https://github.com/Expensify/App/issues/37578,2024-02-29
36827,https://github.com/Expensify/App/issues/36827,Deploy Checklist: New Expensify 2024-02-28,37459,https://github.com/Expensify/App/issues/37459,2024-02-28
36833,https://github.com/Expensify/App/issues/36833,Deploy Checklist: New Expensify 2024-02-28,37459,https://github.com/Expensify/App/issues/37459,2024-02-28
36857,https://github.com/Expensify/App/issues/36857,Deploy Checklist: New Expensify 2024-02-28,37459,https://github.com/Expensify/App/issues/37459,2024-02-28
36892,https://github.com/Expensify/App/issues/36892,Deploy Checklist: New Expensify 2024-02-28,37459,https://github.com/Expensify/App/issues/37459,2024-02-28
37256,https://github.com/Expensify/App/issues/37256,Deploy Checklist: New Expensify 2024-02-28,37459,https://github.com/Expensify/App/issues/37459,2024-02-28
37297,https://github.com/Expensify/App/issues/37297,Deploy Checklist: New Expensify 2024-02-28,37459,https://github.com/Expensify/App/issues/37459,2024-02-28
37335,https://github.com/Expensify/App/issues/37335,Deploy Checklist: New Expensify 2024-02-28,37459,https://github.com/Expensify/App/issues/37459,2024-02-28
37413,https://github.com/Expensify/App/issues/37413,Deploy Checklist: New Expensify 2024-02-28,37459,https://github.com/Expensify/App/issues/37459,2024-02-28
37463,https://github.com/Expensify/App/issues/37463,Deploy Checklist: New Expensify 2024-02-28,37459,https://github.com/Expensify/App/issues/37459,2024-02-28
37464,https://github.com/Expensify/App/issues/37464,Deploy Checklist: New Expensify 2024-02-28,37459,https://github.com/Expensify/App/issues/37459,2024-02-28
37465,https://github.com/Expensify/App/issues/37465,Deploy Checklist: New Expensify 2024-02-28,37459,https://github.com/Expensify/App/issues/37459,2024-02-28
37466,https://github.com/Expensify/App/issues/37466,Deploy Checklist: New Expensify 2024-02-28,37459,https://github.com/Expensify/App/issues/37459,2024-02-28
37469,https://github.com/Expensify/App/issues/37469,Deploy Checklist: New Expensify 2024-02-28,37459,https://github.com/Expensify/App/issues/37459,2024-02-28
37472,https://github.com/Expensify/App/issues/37472,Deploy Checklist: New Expensify 2024-02-28,37459,https://github.com/Expensify/App/issues/37459,2024-02-28
37473,https://github.com/Expensify/App/issues/37473,Deploy Checklist: New Expensify 2024-02-28,37459,https://github.com/Expensify/App/issues/37459,2024-02-28
37488,https://github.com/Expensify/App/issues/37488,Deploy Checklist: New Expensify 2024-02-28,37459,https://github.com/Expensify/App/issues/37459,2024-02-28
37489,https://github.com/Expensify/App/issues/37489,Deploy Checklist: New Expensify 2024-02-28,37459,https://github.com/Expensify/App/issues/37459,2024-02-28
37491,https://github.com/Expensify/App/issues/37491,Deploy Checklist: New Expensify 2024-02-28,37459,https://github.com/Expensify/App/issues/37459,2024-02-28
37492,https://github.com/Expensify/App/issues/37492,Deploy Checklist: New Expensify 2024-02-28,37459,https://github.com/Expensify/App/issues/37459,2024-02-28
37505,https://github.com/Expensify/App/issues/37505,Deploy Checklist: New Expensify 2024-02-28,37459,https://github.com/Expensify/App/issues/37459,2024-02-28
37507,https://github.com/Expensify/App/issues/37507,Deploy Checklist: New Expensify 2024-02-28,37459,https://github.com/Expensify/App/issues/37459,2024-02-28
37508,https://github.com/Expensify/App/issues/37508,Deploy Checklist: New Expensify 2024-02-28,37459,https://github.com/Expensify/App/issues/37459,2024-02-28
37511,https://github.com/Expensify/App/issues/37511,Deploy Checklist: New Expensify 2024-02-28,37459,https://github.com/Expensify/App/issues/37459,2024-02-28
37518,https://github.com/Expensify/App/issues/37518,Deploy Checklist: New Expensify 2024-02-28,37459,https://github.com/Expensify/App/issues/37459,2024-02-28
37523,https://github.com/Expensify/App/issues/37523,Deploy Checklist: New Expensify 2024-02-28,37459,https://github.com/Expensify/App/issues/37459,2024-02-28
37548,https://github.com/Expensify/App/issues/37548,Deploy Checklist: New Expensify 2024-02-28,37459,https://github.com/Expensify/App/issues/37459,2024-02-28
37555,https://github.com/Expensify/App/issues/37555,Deploy Checklist: New Expensify 2024-02-28,37459,https://github.com/Expensify/App/issues/37459,2024-02-28
37569,https://github.com/Expensify/App/issues/37569,Deploy Checklist: New Expensify 2024-02-28,37459,https://github.com/Expensify/App/issues/37459,2024-02-28
35934,https://github.com/Expensify/App/issues/35934,Deploy Checklist: New Expensify 2024-02-26,37224,https://github.com/Expensify/App/issues/37224,2024-02-26
36827,https://github.com/Expensify/App/issues/36827,Deploy Checklist: New Expensify 2024-02-26,37224,https://github.com/Expensify/App/issues/37224,2024-02-26
36833,https://github.com/Expensify/App/issues/36833,Deploy Checklist: New Expensify 2024-02-26,37224,https://github.com/Expensify/App/issues/37224,2024-02-26
36857,https://github.com/Expensify/App/issues/36857,Deploy Checklist: New Expensify 2024-02-26,37224,https://github.com/Expensify/App/issues/37224,2024-02-26
36892,https://github.com/Expensify/App/issues/36892,Deploy Checklist: New Expensify 2024-02-26,37224,https://github.com/Expensify/App/issues/37224,2024-02-26
36924,https://github.com/Expensify/App/issues/36924,Deploy Checklist: New Expensify 2024-02-26,37224,https://github.com/Expensify/App/issues/37224,2024-02-26
37234,https://github.com/Expensify/App/issues/37234,Deploy Checklist: New Expensify 2024-02-26,37224,https://github.com/Expensify/App/issues/37224,2024-02-26
37235,https://github.com/Expensify/App/issues/37235,Deploy Checklist: New Expensify 2024-02-26,37224,https://github.com/Expensify/App/issues/37224,2024-02-26
37236,https://github.com/Expensify/App/issues/37236,Deploy Checklist: New Expensify 2024-02-26,37224,https://github.com/Expensify/App/issues/37224,2024-02-26
37238,https://github.com/Expensify/App/issues/37238,Deploy Checklist: New Expensify 2024-02-26,37224,https://github.com/Expensify/App/issues/37224,2024-02-26
37239,https://github.com/Expensify/App/issues/37239,Deploy Checklist: New Expensify 2024-02-26,37224,https://github.com/Expensify/App/issues/37224,2024-02-26
37240,https://github.com/Expensify/App/issues/37240,Deploy Checklist: New Expensify 2024-02-26,37224,https://github.com/Expensify/App/issues/37224,2024-02-26
37241,https://github.com/Expensify/App/issues/37241,Deploy Checklist: New Expensify 2024-02-26,37224,https://github.com/Expensify/App/issues/37224,2024-02-26
37247,https://github.com/Expensify/App/issues/37247,Deploy Checklist: New Expensify 2024-02-26,37224,https://github.com/Expensify/App/issues/37224,2024-02-26
37248,https://github.com/Expensify/App/issues/37248,Deploy Checklist: New Expensify 2024-02-26,37224,https://github.com/Expensify/App/issues/37224,2024-02-26
37249,https://github.com/Expensify/App/issues/37249,Deploy Checklist: New Expensify 2024-02-26,37224,https://github.com/Expensify/App/issues/37224,2024-02-26
37250,https://github.com/Expensify/App/issues/37250,Deploy Checklist: New Expensify 2024-02-26,37224,https://github.com/Expensify/App/issues/37224,2024-02-26
37251,https://github.com/Expensify/App/issues/37251,Deploy Checklist: New Expensify 2024-02-26,37224,https://github.com/Expensify/App/issues/37224,2024-02-26
37252,https://github.com/Expensify/App/issues/37252,Deploy Checklist: New Expensify 2024-02-26,37224,https://github.com/Expensify/App/issues/37224,2024-02-26
37253,https://github.com/Expensify/App/issues/37253,Deploy Checklist: New Expensify 2024-02-26,37224,https://github.com/Expensify/App/issues/37224,2024-02-26
37255,https://github.com/Expensify/App/issues/37255,Deploy Checklist: New Expensify 2024-02-26,37224,https://github.com/Expensify/App/issues/37224,2024-02-26
37256,https://github.com/Expensify/App/issues/37256,Deploy Checklist: New Expensify 2024-02-26,37224,https://github.com/Expensify/App/issues/37224,2024-02-26
37257,https://github.com/Expensify/App/issues/37257,Deploy Checklist: New Expensify 2024-02-26,37224,https://github.com/Expensify/App/issues/37224,2024-02-26
37267,https://github.com/Expensify/App/issues/37267,Deploy Checklist: New Expensify 2024-02-26,37224,https://github.com/Expensify/App/issues/37224,2024-02-26
37268,https://github.com/Expensify/App/issues/37268,Deploy Checklist: New Expensify 2024-02-26,37224,https://github.com/Expensify/App/issues/37224,2024-02-26
37271,https://github.com/Expensify/App/issues/37271,Deploy Checklist: New Expensify 2024-02-26,37224,https://github.com/Expensify/App/issues/37224,2024-02-26
37273,https://github.com/Expensify/App/issues/37273,Deploy Checklist: New Expensify 2024-02-26,37224,https://github.com/Expensify/App/issues/37224,2024-02-26
37279,https://github.com/Expensify/App/issues/37279,Deploy Checklist: New Expensify 2024-02-26,37224,https://github.com/Expensify/App/issues/37224,2024-02-26
37284,https://github.com/Expensify/App/issues/37284,Deploy Checklist: New Expensify 2024-02-26,37224,https://github.com/Expensify/App/issues/37224,2024-02-26
37287,https://github.com/Expensify/App/issues/37287,Deploy Checklist: New Expensify 2024-02-26,37224,https://github.com/Expensify/App/issues/37224,2024-02-26
37288,https://github.com/Expensify/App/issues/37288,Deploy Checklist: New Expensify 2024-02-26,37224,https://github.com/Expensify/App/issues/37224,2024-02-26
37289,https://github.com/Expensify/App/issues/37289,Deploy Checklist: New Expensify 2024-02-26,37224,https://github.com/Expensify/App/issues/37224,2024-02-26
37290,https://github.com/Expensify/App/issues/37290,Deploy Checklist: New Expensify 2024-02-26,37224,https://github.com/Expensify/App/issues/37224,2024-02-26
37291,https://github.com/Expensify/App/issues/37291,Deploy Checklist: New Expensify 2024-02-26,37224,https://github.com/Expensify/App/issues/37224,2024-02-26
37292,https://github.com/Expensify/App/issues/37292,Deploy Checklist: New Expensify 2024-02-26,37224,https://github.com/Expensify/App/issues/37224,2024-02-26
37293,https://github.com/Expensify/App/issues/37293,Deploy Checklist: New Expensify 2024-02-26,37224,https://github.com/Expensify/App/issues/37224,2024-02-26
37294,https://github.com/Expensify/App/issues/37294,Deploy Checklist: New Expensify 2024-02-26,37224,https://github.com/Expensify/App/issues/37224,2024-02-26
37295,https://github.com/Expensify/App/issues/37295,Deploy Checklist: New Expensify 2024-02-26,37224,https://github.com/Expensify/App/issues/37224,2024-02-26
37296,https://github.com/Expensify/App/issues/37296,Deploy Checklist: New Expensify 2024-02-26,37224,https://github.com/Expensify/App/issues/37224,2024-02-26
37297,https://github.com/Expensify/App/issues/37297,Deploy Checklist: New Expensify 2024-02-26,37224,https://github.com/Expensify/App/issues/37224,2024-02-26
37299,https://github.com/Expensify/App/issues/37299,Deploy Checklist: New Expensify 2024-02-26,37224,https://github.com/Expensify/App/issues/37224,2024-02-26
37300,https://github.com/Expensify/App/issues/37300,Deploy Checklist: New Expensify 2024-02-26,37224,https://github.com/Expensify/App/issues/37224,2024-02-26
37301,https://github.com/Expensify/App/issues/37301,Deploy Checklist: New Expensify 2024-02-26,37224,https://github.com/Expensify/App/issues/37224,2024-02-26
37325,https://github.com/Expensify/App/issues/37325,Deploy Checklist: New Expensify 2024-02-26,37224,https://github.com/Expensify/App/issues/37224,2024-02-26
37326,https://github.com/Expensify/App/issues/37326,Deploy Checklist: New Expensify 2024-02-26,37224,https://github.com/Expensify/App/issues/37224,2024-02-26
37328,https://github.com/Expensify/App/issues/37328,Deploy Checklist: New Expensify 2024-02-26,37224,https://github.com/Expensify/App/issues/37224,2024-02-26
37329,https://github.com/Expensify/App/issues/37329,Deploy Checklist: New Expensify 2024-02-26,37224,https://github.com/Expensify/App/issues/37224,2024-02-26
37332,https://github.com/Expensify/App/issues/37332,Deploy Checklist: New Expensify 2024-02-26,37224,https://github.com/Expensify/App/issues/37224,2024-02-26
37335,https://github.com/Expensify/App/issues/37335,Deploy Checklist: New Expensify 2024-02-26,37224,https://github.com/Expensify/App/issues/37224,2024-02-26
37336,https://github.com/Expensify/App/issues/37336,Deploy Checklist: New Expensify 2024-02-26,37224,https://github.com/Expensify/App/issues/37224,2024-02-26
37338,https://github.com/Expensify/App/issues/37338,Deploy Checklist: New Expensify 2024-02-26,37224,https://github.com/Expensify/App/issues/37224,2024-02-26
37344,https://github.com/Expensify/App/issues/37344,Deploy Checklist: New Expensify 2024-02-26,37224,https://github.com/Expensify/App/issues/37224,2024-02-26
37346,https://github.com/Expensify/App/issues/37346,Deploy Checklist: New Expensify 2024-02-26,37224,https://github.com/Expensify/App/issues/37224,2024-02-26
37351,https://github.com/Expensify/App/issues/37351,Deploy Checklist: New Expensify 2024-02-26,37224,https://github.com/Expensify/App/issues/37224,2024-02-26
37363,https://github.com/Expensify/App/issues/37363,Deploy Checklist: New Expensify 2024-02-26,37224,https://github.com/Expensify/App/issues/37224,2024-02-26
37403,https://github.com/Expensify/App/issues/37403,Deploy Checklist: New Expensify 2024-02-26,37224,https://github.com/Expensify/App/issues/37224,2024-02-26
37408,https://github.com/Expensify/App/issues/37408,Deploy Checklist: New Expensify 2024-02-26,37224,https://github.com/Expensify/App/issues/37224,2024-02-26
37409,https://github.com/Expensify/App/issues/37409,Deploy Checklist: New Expensify 2024-02-26,37224,https://github.com/Expensify/App/issues/37224,2024-02-26
37410,https://github.com/Expensify/App/issues/37410,Deploy Checklist: New Expensify 2024-02-26,37224,https://github.com/Expensify/App/issues/37224,2024-02-26
37413,https://github.com/Expensify/App/issues/37413,Deploy Checklist: New Expensify 2024-02-26,37224,https://github.com/Expensify/App/issues/37224,2024-02-26
37417,https://github.com/Expensify/App/issues/37417,Deploy Checklist: New Expensify 2024-02-26,37224,https://github.com/Expensify/App/issues/37224,2024-02-26
37442,https://github.com/Expensify/App/issues/37442,Deploy Checklist: New Expensify 2024-02-26,37224,https://github.com/Expensify/App/issues/37224,2024-02-26
37444,https://github.com/Expensify/App/issues/37444,Deploy Checklist: New Expensify 2024-02-26,37224,https://github.com/Expensify/App/issues/37224,2024-02-26
37446,https://github.com/Expensify/App/issues/37446,Deploy Checklist: New Expensify 2024-02-26,37224,https://github.com/Expensify/App/issues/37224,2024-02-26
36825,https://github.com/Expensify/App/issues/36825,Deploy Checklist: New Expensify 2024-02-19,36820,https://github.com/Expensify/App/issues/36820,2024-02-19
36826,https://github.com/Expensify/App/issues/36826,Deploy Checklist: New Expensify 2024-02-19,36820,https://github.com/Expensify/App/issues/36820,2024-02-19
36827,https://github.com/Expensify/App/issues/36827,Deploy Checklist: New Expensify 2024-02-19,36820,https://github.com/Expensify/App/issues/36820,2024-02-19
36828,https://github.com/Expensify/App/issues/36828,Deploy Checklist: New Expensify 2024-02-19,36820,https://github.com/Expensify/App/issues/36820,2024-02-19
36829,https://github.com/Expensify/App/issues/36829,Deploy Checklist: New Expensify 2024-02-19,36820,https://github.com/Expensify/App/issues/36820,2024-02-19
36830,https://github.com/Expensify/App/issues/36830,Deploy Checklist: New Expensify 2024-02-19,36820,https://github.com/Expensify/App/issues/36820,2024-02-19
36831,https://github.com/Expensify/App/issues/36831,Deploy Checklist: New Expensify 2024-02-19,36820,https://github.com/Expensify/App/issues/36820,2024-02-19
36832,https://github.com/Expensify/App/issues/36832,Deploy Checklist: New Expensify 2024-02-19,36820,https://github.com/Expensify/App/issues/36820,2024-02-19
36833,https://github.com/Expensify/App/issues/36833,Deploy Checklist: New Expensify 2024-02-19,36820,https://github.com/Expensify/App/issues/36820,2024-02-19
36834,https://github.com/Expensify/App/issues/36834,Deploy Checklist: New Expensify 2024-02-19,36820,https://github.com/Expensify/App/issues/36820,2024-02-19
36835,https://github.com/Expensify/App/issues/36835,Deploy Checklist: New Expensify 2024-02-19,36820,https://github.com/Expensify/App/issues/36820,2024-02-19
36836,https://github.com/Expensify/App/issues/36836,Deploy Checklist: New Expensify 2024-02-19,36820,https://github.com/Expensify/App/issues/36820,2024-02-19
36837,https://github.com/Expensify/App/issues/36837,Deploy Checklist: New Expensify 2024-02-19,36820,https://github.com/Expensify/App/issues/36820,2024-02-19
36853,https://github.com/Expensify/App/issues/36853,Deploy Checklist: New Expensify 2024-02-19,36820,https://github.com/Expensify/App/issues/36820,2024-02-19
36854,https://github.com/Expensify/App/issues/36854,Deploy Checklist: New Expensify 2024-02-19,36820,https://github.com/Expensify/App/issues/36820,2024-02-19
36857,https://github.com/Expensify/App/issues/36857,Deploy Checklist: New Expensify 2024-02-19,36820,https://github.com/Expensify/App/issues/36820,2024-02-19
36859,https://github.com/Expensify/App/issues/36859,Deploy Checklist: New Expensify 2024-02-19,36820,https://github.com/Expensify/App/issues/36820,2024-02-19
36860,https://github.com/Expensify/App/issues/36860,Deploy Checklist: New Expensify 2024-02-19,36820,https://github.com/Expensify/App/issues/36820,2024-02-19
36861,https://github.com/Expensify/App/issues/36861,Deploy Checklist: New Expensify 2024-02-19,36820,https://github.com/Expensify/App/issues/36820,2024-02-19
36865,https://github.com/Expensify/App/issues/36865,Deploy Checklist: New Expensify 2024-02-19,36820,https://github.com/Expensify/App/issues/36820,2024-02-19
36868,https://github.com/Expensify/App/issues/36868,Deploy Checklist: New Expensify 2024-02-19,36820,https://github.com/Expensify/App/issues/36820,2024-02-19
36869,https://github.com/Expensify/App/issues/36869,Deploy Checklist: New Expensify 2024-02-19,36820,https://github.com/Expensify/App/issues/36820,2024-02-19
36870,https://github.com/Expensify/App/issues/36870,Deploy Checklist: New Expensify 2024-02-19,36820,https://github.com/Expensify/App/issues/36820,2024-02-19
36873,https://github.com/Expensify/App/issues/36873,Deploy Checklist: New Expensify 2024-02-19,36820,https://github.com/Expensify/App/issues/36820,2024-02-19
36885,https://github.com/Expensify/App/issues/36885,Deploy Checklist: New Expensify 2024-02-19,36820,https://github.com/Expensify/App/issues/36820,2024-02-19
36888,https://github.com/Expensify/App/issues/36888,Deploy Checklist: New Expensify 2024-02-19,36820,https://github.com/Expensify/App/issues/36820,2024-02-19
36889,https://github.com/Expensify/App/issues/36889,Deploy Checklist: New Expensify 2024-02-19,36820,https://github.com/Expensify/App/issues/36820,2024-02-19
36890,https://github.com/Expensify/App/issues/36890,Deploy Checklist: New Expensify 2024-02-19,36820,https://github.com/Expensify/App/issues/36820,2024-02-19
36892,https://github.com/Expensify/App/issues/36892,Deploy Checklist: New Expensify 2024-02-19,36820,https://github.com/Expensify/App/issues/36820,2024-02-19
36894,https://github.com/Expensify/App/issues/36894,Deploy Checklist: New Expensify 2024-02-19,36820,https://github.com/Expensify/App/issues/36820,2024-02-19
36899,https://github.com/Expensify/App/issues/36899,Deploy Checklist: New Expensify 2024-02-19,36820,https://github.com/Expensify/App/issues/36820,2024-02-19
36900,https://github.com/Expensify/App/issues/36900,Deploy Checklist: New Expensify 2024-02-19,36820,https://github.com/Expensify/App/issues/36820,2024-02-19
36901,https://github.com/Expensify/App/issues/36901,Deploy Checklist: New Expensify 2024-02-19,36820,https://github.com/Expensify/App/issues/36820,2024-02-19
36902,https://github.com/Expensify/App/issues/36902,Deploy Checklist: New Expensify 2024-02-19,36820,https://github.com/Expensify/App/issues/36820,2024-02-19
36903,https://github.com/Expensify/App/issues/36903,Deploy Checklist: New Expensify 2024-02-19,36820,https://github.com/Expensify/App/issues/36820,2024-02-19
36905,https://github.com/Expensify/App/issues/36905,Deploy Checklist: New Expensify 2024-02-19,36820,https://github.com/Expensify/App/issues/36820,2024-02-19
36906,https://github.com/Expensify/App/issues/36906,Deploy Checklist: New Expensify 2024-02-19,36820,https://github.com/Expensify/App/issues/36820,2024-02-19
36910,https://github.com/Expensify/App/issues/36910,Deploy Checklist: New Expensify 2024-02-19,36820,https://github.com/Expensify/App/issues/36820,2024-02-19
36911,https://github.com/Expensify/App/issues/36911,Deploy Checklist: New Expensify 2024-02-19,36820,https://github.com/Expensify/App/issues/36820,2024-02-19
36912,https://github.com/Expensify/App/issues/36912,Deploy Checklist: New Expensify 2024-02-19,36820,https://github.com/Expensify/App/issues/36820,2024-02-19
36916,https://github.com/Expensify/App/issues/36916,Deploy Checklist: New Expensify 2024-02-19,36820,https://github.com/Expensify/App/issues/36820,2024-02-19
36917,https://github.com/Expensify/App/issues/36917,Deploy Checklist: New Expensify 2024-02-19,36820,https://github.com/Expensify/App/issues/36820,2024-02-19
36924,https://github.com/Expensify/App/issues/36924,Deploy Checklist: New Expensify 2024-02-19,36820,https://github.com/Expensify/App/issues/36820,2024-02-19
36928,https://github.com/Expensify/App/issues/36928,Deploy Checklist: New Expensify 2024-02-19,36820,https://github.com/Expensify/App/issues/36820,2024-02-19
36930,https://github.com/Expensify/App/issues/36930,Deploy Checklist: New Expensify 2024-02-19,36820,https://github.com/Expensify/App/issues/36820,2024-02-19
36948,https://github.com/Expensify/App/issues/36948,Deploy Checklist: New Expensify 2024-02-19,36820,https://github.com/Expensify/App/issues/36820,2024-02-19
36951,https://github.com/Expensify/App/issues/36951,Deploy Checklist: New Expensify 2024-02-19,36820,https://github.com/Expensify/App/issues/36820,2024-02-19
36952,https://github.com/Expensify/App/issues/36952,Deploy Checklist: New Expensify 2024-02-19,36820,https://github.com/Expensify/App/issues/36820,2024-02-19
36955,https://github.com/Expensify/App/issues/36955,Deploy Checklist: New Expensify 2024-02-19,36820,https://github.com/Expensify/App/issues/36820,2024-02-19
36959,https://github.com/Expensify/App/issues/36959,Deploy Checklist: New Expensify 2024-02-19,36820,https://github.com/Expensify/App/issues/36820,2024-02-19
36975,https://github.com/Expensify/App/issues/36975,Deploy Checklist: New Expensify 2024-02-19,36820,https://github.com/Expensify/App/issues/36820,2024-02-19
36991,https://github.com/Expensify/App/issues/36991,Deploy Checklist: New Expensify 2024-02-19,36820,https://github.com/Expensify/App/issues/36820,2024-02-19
37012,https://github.com/Expensify/App/issues/37012,Deploy Checklist: New Expensify 2024-02-19,36820,https://github.com/Expensify/App/issues/36820,2024-02-19
37014,https://github.com/Expensify/App/issues/37014,Deploy Checklist: New Expensify 2024-02-19,36820,https://github.com/Expensify/App/issues/36820,2024-02-19
37015,https://github.com/Expensify/App/issues/37015,Deploy Checklist: New Expensify 2024-02-19,36820,https://github.com/Expensify/App/issues/36820,2024-02-19
37017,https://github.com/Expensify/App/issues/37017,Deploy Checklist: New Expensify 2024-02-19,36820,https://github.com/Expensify/App/issues/36820,2024-02-19
37020,https://github.com/Expensify/App/issues/37020,Deploy Checklist: New Expensify 2024-02-19,36820,https://github.com/Expensify/App/issues/36820,2024-02-19
37092,https://github.com/Expensify/App/issues/37092,Deploy Checklist: New Expensify 2024-02-19,36820,https://github.com/Expensify/App/issues/36820,2024-02-19
37109,https://github.com/Expensify/App/issues/37109,Deploy Checklist: New Expensify 2024-02-19,36820,https://github.com/Expensify/App/issues/36820,2024-02-19
37142,https://github.com/Expensify/App/issues/37142,Deploy Checklist: New Expensify 2024-02-19,36820,https://github.com/Expensify/App/issues/36820,2024-02-19
37168,https://github.com/Expensify/App/issues/37168,Deploy Checklist: New Expensify 2024-02-19,36820,https://github.com/Expensify/App/issues/36820,2024-02-19
36574,https://github.com/Expensify/App/issues/36574,Deploy Checklist: New Expensify 2024-02-15,36558,https://github.com/Expensify/App/issues/36558,2024-02-15
36575,https://github.com/Expensify/App/issues/36575,Deploy Checklist: New Expensify 2024-02-15,36558,https://github.com/Expensify/App/issues/36558,2024-02-15
36576,https://github.com/Expensify/App/issues/36576,Deploy Checklist: New Expensify 2024-02-15,36558,https://github.com/Expensify/App/issues/36558,2024-02-15
36577,https://github.com/Expensify/App/issues/36577,Deploy Checklist: New Expensify 2024-02-15,36558,https://github.com/Expensify/App/issues/36558,2024-02-15
36595,https://github.com/Expensify/App/issues/36595,Deploy Checklist: New Expensify 2024-02-15,36558,https://github.com/Expensify/App/issues/36558,2024-02-15
36598,https://github.com/Expensify/App/issues/36598,Deploy Checklist: New Expensify 2024-02-15,36558,https://github.com/Expensify/App/issues/36558,2024-02-15
36599,https://github.com/Expensify/App/issues/36599,Deploy Checklist: New Expensify 2024-02-15,36558,https://github.com/Expensify/App/issues/36558,2024-02-15
36601,https://github.com/Expensify/App/issues/36601,Deploy Checklist: New Expensify 2024-02-15,36558,https://github.com/Expensify/App/issues/36558,2024-02-15
36603,https://github.com/Expensify/App/issues/36603,Deploy Checklist: New Expensify 2024-02-15,36558,https://github.com/Expensify/App/issues/36558,2024-02-15
36643,https://github.com/Expensify/App/issues/36643,Deploy Checklist: New Expensify 2024-02-15,36558,https://github.com/Expensify/App/issues/36558,2024-02-15
36645,https://github.com/Expensify/App/issues/36645,Deploy Checklist: New Expensify 2024-02-15,36558,https://github.com/Expensify/App/issues/36558,2024-02-15
36646,https://github.com/Expensify/App/issues/36646,Deploy Checklist: New Expensify 2024-02-15,36558,https://github.com/Expensify/App/issues/36558,2024-02-15
36647,https://github.com/Expensify/App/issues/36647,Deploy Checklist: New Expensify 2024-02-15,36558,https://github.com/Expensify/App/issues/36558,2024-02-15
36678,https://github.com/Expensify/App/issues/36678,Deploy Checklist: New Expensify 2024-02-15,36558,https://github.com/Expensify/App/issues/36558,2024-02-15
36687,https://github.com/Expensify/App/issues/36687,Deploy Checklist: New Expensify 2024-02-15,36558,https://github.com/Expensify/App/issues/36558,2024-02-15
36695,https://github.com/Expensify/App/issues/36695,Deploy Checklist: New Expensify 2024-02-15,36558,https://github.com/Expensify/App/issues/36558,2024-02-15
36703,https://github.com/Expensify/App/issues/36703,Deploy Checklist: New Expensify 2024-02-15,36558,https://github.com/Expensify/App/issues/36558,2024-02-15
36705,https://github.com/Expensify/App/issues/36705,Deploy Checklist: New Expensify 2024-02-15,36558,https://github.com/Expensify/App/issues/36558,2024-02-15
36343,https://github.com/Expensify/App/issues/36343,Deploy Checklist: New Expensify 2024-02-13,36429,https://github.com/Expensify/App/issues/36429,2024-02-13
36433,https://github.com/Expensify/App/issues/36433,Deploy Checklist: New Expensify 2024-02-13,36429,https://github.com/Expensify/App/issues/36429,2024-02-13
36434,https://github.com/Expensify/App/issues/36434,Deploy Checklist: New Expensify 2024-02-13,36429,https://github.com/Expensify/App/issues/36429,2024-02-13
36435,https://github.com/Expensify/App/issues/36435,Deploy Checklist: New Expensify 2024-02-13,36429,https://github.com/Expensify/App/issues/36429,2024-02-13
36436,https://github.com/Expensify/App/issues/36436,Deploy Checklist: New Expensify 2024-02-13,36429,https://github.com/Expensify/App/issues/36429,2024-02-13
36437,https://github.com/Expensify/App/issues/36437,Deploy Checklist: New Expensify 2024-02-13,36429,https://github.com/Expensify/App/issues/36429,2024-02-13
36438,https://github.com/Expensify/App/issues/36438,Deploy Checklist: New Expensify 2024-02-13,36429,https://github.com/Expensify/App/issues/36429,2024-02-13
36439,https://github.com/Expensify/App/issues/36439,Deploy Checklist: New Expensify 2024-02-13,36429,https://github.com/Expensify/App/issues/36429,2024-02-13
36444,https://github.com/Expensify/App/issues/36444,Deploy Checklist: New Expensify 2024-02-13,36429,https://github.com/Expensify/App/issues/36429,2024-02-13
36447,https://github.com/Expensify/App/issues/36447,Deploy Checklist: New Expensify 2024-02-13,36429,https://github.com/Expensify/App/issues/36429,2024-02-13
36448,https://github.com/Expensify/App/issues/36448,Deploy Checklist: New Expensify 2024-02-13,36429,https://github.com/Expensify/App/issues/36429,2024-02-13
36449,https://github.com/Expensify/App/issues/36449,Deploy Checklist: New Expensify 2024-02-13,36429,https://github.com/Expensify/App/issues/36429,2024-02-13
36450,https://github.com/Expensify/App/issues/36450,Deploy Checklist: New Expensify 2024-02-13,36429,https://github.com/Expensify/App/issues/36429,2024-02-13
36451,https://github.com/Expensify/App/issues/36451,Deploy Checklist: New Expensify 2024-02-13,36429,https://github.com/Expensify/App/issues/36429,2024-02-13
36453,https://github.com/Expensify/App/issues/36453,Deploy Checklist: New Expensify 2024-02-13,36429,https://github.com/Expensify/App/issues/36429,2024-02-13
36454,https://github.com/Expensify/App/issues/36454,Deploy Checklist: New Expensify 2024-02-13,36429,https://github.com/Expensify/App/issues/36429,2024-02-13
36455,https://github.com/Expensify/App/issues/36455,Deploy Checklist: New Expensify 2024-02-13,36429,https://github.com/Expensify/App/issues/36429,2024-02-13
36456,https://github.com/Expensify/App/issues/36456,Deploy Checklist: New Expensify 2024-02-13,36429,https://github.com/Expensify/App/issues/36429,2024-02-13
36457,https://github.com/Expensify/App/issues/36457,Deploy Checklist: New Expensify 2024-02-13,36429,https://github.com/Expensify/App/issues/36429,2024-02-13
36458,https://github.com/Expensify/App/issues/36458,Deploy Checklist: New Expensify 2024-02-13,36429,https://github.com/Expensify/App/issues/36429,2024-02-13
36459,https://github.com/Expensify/App/issues/36459,Deploy Checklist: New Expensify 2024-02-13,36429,https://github.com/Expensify/App/issues/36429,2024-02-13
36461,https://github.com/Expensify/App/issues/36461,Deploy Checklist: New Expensify 2024-02-13,36429,https://github.com/Expensify/App/issues/36429,2024-02-13
36478,https://github.com/Expensify/App/issues/36478,Deploy Checklist: New Expensify 2024-02-13,36429,https://github.com/Expensify/App/issues/36429,2024-02-13
36479,https://github.com/Expensify/App/issues/36479,Deploy Checklist: New Expensify 2024-02-13,36429,https://github.com/Expensify/App/issues/36429,2024-02-13
36481,https://github.com/Expensify/App/issues/36481,Deploy Checklist: New Expensify 2024-02-13,36429,https://github.com/Expensify/App/issues/36429,2024-02-13
36483,https://github.com/Expensify/App/issues/36483,Deploy Checklist: New Expensify 2024-02-13,36429,https://github.com/Expensify/App/issues/36429,2024-02-13
36484,https://github.com/Expensify/App/issues/36484,Deploy Checklist: New Expensify 2024-02-13,36429,https://github.com/Expensify/App/issues/36429,2024-02-13
36487,https://github.com/Expensify/App/issues/36487,Deploy Checklist: New Expensify 2024-02-13,36429,https://github.com/Expensify/App/issues/36429,2024-02-13
36490,https://github.com/Expensify/App/issues/36490,Deploy Checklist: New Expensify 2024-02-13,36429,https://github.com/Expensify/App/issues/36429,2024-02-13
36494,https://github.com/Expensify/App/issues/36494,Deploy Checklist: New Expensify 2024-02-13,36429,https://github.com/Expensify/App/issues/36429,2024-02-13
36499,https://github.com/Expensify/App/issues/36499,Deploy Checklist: New Expensify 2024-02-13,36429,https://github.com/Expensify/App/issues/36429,2024-02-13
36500,https://github.com/Expensify/App/issues/36500,Deploy Checklist: New Expensify 2024-02-13,36429,https://github.com/Expensify/App/issues/36429,2024-02-13
36502,https://github.com/Expensify/App/issues/36502,Deploy Checklist: New Expensify 2024-02-13,36429,https://github.com/Expensify/App/issues/36429,2024-02-13
36504,https://github.com/Expensify/App/issues/36504,Deploy Checklist: New Expensify 2024-02-13,36429,https://github.com/Expensify/App/issues/36429,2024-02-13
36505,https://github.com/Expensify/App/issues/36505,Deploy Checklist: New Expensify 2024-02-13,36429,https://github.com/Expensify/App/issues/36429,2024-02-13
36506,https://github.com/Expensify/App/issues/36506,Deploy Checklist: New Expensify 2024-02-13,36429,https://github.com/Expensify/App/issues/36429,2024-02-13
36510,https://github.com/Expensify/App/issues/36510,Deploy Checklist: New Expensify 2024-02-13,36429,https://github.com/Expensify/App/issues/36429,2024-02-13
36517,https://github.com/Expensify/App/issues/36517,Deploy Checklist: New Expensify 2024-02-13,36429,https://github.com/Expensify/App/issues/36429,2024-02-13
36265,https://github.com/Expensify/App/issues/36265,Deploy Checklist: New Expensify 2024-02-12,36335,https://github.com/Expensify/App/issues/36335,2024-02-12
36341,https://github.com/Expensify/App/issues/36341,Deploy Checklist: New Expensify 2024-02-12,36335,https://github.com/Expensify/App/issues/36335,2024-02-12
36342,https://github.com/Expensify/App/issues/36342,Deploy Checklist: New Expensify 2024-02-12,36335,https://github.com/Expensify/App/issues/36335,2024-02-12
36343,https://github.com/Expensify/App/issues/36343,Deploy Checklist: New Expensify 2024-02-12,36335,https://github.com/Expensify/App/issues/36335,2024-02-12
36347,https://github.com/Expensify/App/issues/36347,Deploy Checklist: New Expensify 2024-02-12,36335,https://github.com/Expensify/App/issues/36335,2024-02-12
36348,https://github.com/Expensify/App/issues/36348,Deploy Checklist: New Expensify 2024-02-12,36335,https://github.com/Expensify/App/issues/36335,2024-02-12
36349,https://github.com/Expensify/App/issues/36349,Deploy Checklist: New Expensify 2024-02-12,36335,https://github.com/Expensify/App/issues/36335,2024-02-12
36363,https://github.com/Expensify/App/issues/36363,Deploy Checklist: New Expensify 2024-02-12,36335,https://github.com/Expensify/App/issues/36335,2024-02-12
36366,https://github.com/Expensify/App/issues/36366,Deploy Checklist: New Expensify 2024-02-12,36335,https://github.com/Expensify/App/issues/36335,2024-02-12
36367,https://github.com/Expensify/App/issues/36367,Deploy Checklist: New Expensify 2024-02-12,36335,https://github.com/Expensify/App/issues/36335,2024-02-12
36370,https://github.com/Expensify/App/issues/36370,Deploy Checklist: New Expensify 2024-02-12,36335,https://github.com/Expensify/App/issues/36335,2024-02-12
36375,https://github.com/Expensify/App/issues/36375,Deploy Checklist: New Expensify 2024-02-12,36335,https://github.com/Expensify/App/issues/36335,2024-02-12
36398,https://github.com/Expensify/App/issues/36398,Deploy Checklist: New Expensify 2024-02-12,36335,https://github.com/Expensify/App/issues/36335,2024-02-12
36032,https://github.com/Expensify/App/issues/36032,Deploy Checklist: New Expensify 2024-02-08,36168,https://github.com/Expensify/App/issues/36168,2024-02-08
36098,https://github.com/Expensify/App/issues/36098,Deploy Checklist: New Expensify 2024-02-08,36168,https://github.com/Expensify/App/issues/36168,2024-02-08
36172,https://github.com/Expensify/App/issues/36172,Deploy Checklist: New Expensify 2024-02-08,36168,https://github.com/Expensify/App/issues/36168,2024-02-08
36173,https://github.com/Expensify/App/issues/36173,Deploy Checklist: New Expensify 2024-02-08,36168,https://github.com/Expensify/App/issues/36168,2024-02-08
36174,https://github.com/Expensify/App/issues/36174,Deploy Checklist: New Expensify 2024-02-08,36168,https://github.com/Expensify/App/issues/36168,2024-02-08
36180,https://github.com/Expensify/App/issues/36180,Deploy Checklist: New Expensify 2024-02-08,36168,https://github.com/Expensify/App/issues/36168,2024-02-08
36183,https://github.com/Expensify/App/issues/36183,Deploy Checklist: New Expensify 2024-02-08,36168,https://github.com/Expensify/App/issues/36168,2024-02-08
36184,https://github.com/Expensify/App/issues/36184,Deploy Checklist: New Expensify 2024-02-08,36168,https://github.com/Expensify/App/issues/36168,2024-02-08
36185,https://github.com/Expensify/App/issues/36185,Deploy Checklist: New Expensify 2024-02-08,36168,https://github.com/Expensify/App/issues/36168,2024-02-08
36199,https://github.com/Expensify/App/issues/36199,Deploy Checklist: New Expensify 2024-02-08,36168,https://github.com/Expensify/App/issues/36168,2024-02-08
36200,https://github.com/Expensify/App/issues/36200,Deploy Checklist: New Expensify 2024-02-08,36168,https://github.com/Expensify/App/issues/36168,2024-02-08
36201,https://github.com/Expensify/App/issues/36201,Deploy Checklist: New Expensify 2024-02-08,36168,https://github.com/Expensify/App/issues/36168,2024-02-08
36202,https://github.com/Expensify/App/issues/36202,Deploy Checklist: New Expensify 2024-02-08,36168,https://github.com/Expensify/App/issues/36168,2024-02-08
36215,https://github.com/Expensify/App/issues/36215,Deploy Checklist: New Expensify 2024-02-08,36168,https://github.com/Expensify/App/issues/36168,2024-02-08
36217,https://github.com/Expensify/App/issues/36217,Deploy Checklist: New Expensify 2024-02-08,36168,https://github.com/Expensify/App/issues/36168,2024-02-08
36218,https://github.com/Expensify/App/issues/36218,Deploy Checklist: New Expensify 2024-02-08,36168,https://github.com/Expensify/App/issues/36168,2024-02-08
36227,https://github.com/Expensify/App/issues/36227,Deploy Checklist: New Expensify 2024-02-08,36168,https://github.com/Expensify/App/issues/36168,2024-02-08
36230,https://github.com/Expensify/App/issues/36230,Deploy Checklist: New Expensify 2024-02-08,36168,https://github.com/Expensify/App/issues/36168,2024-02-08
36246,https://github.com/Expensify/App/issues/36246,Deploy Checklist: New Expensify 2024-02-08,36168,https://github.com/Expensify/App/issues/36168,2024-02-08
36253,https://github.com/Expensify/App/issues/36253,Deploy Checklist: New Expensify 2024-02-08,36168,https://github.com/Expensify/App/issues/36168,2024-02-08
36254,https://github.com/Expensify/App/issues/36254,Deploy Checklist: New Expensify 2024-02-08,36168,https://github.com/Expensify/App/issues/36168,2024-02-08
36260,https://github.com/Expensify/App/issues/36260,Deploy Checklist: New Expensify 2024-02-08,36168,https://github.com/Expensify/App/issues/36168,2024-02-08
36263,https://github.com/Expensify/App/issues/36263,Deploy Checklist: New Expensify 2024-02-08,36168,https://github.com/Expensify/App/issues/36168,2024-02-08
36265,https://github.com/Expensify/App/issues/36265,Deploy Checklist: New Expensify 2024-02-08,36168,https://github.com/Expensify/App/issues/36168,2024-02-08
36268,https://github.com/Expensify/App/issues/36268,Deploy Checklist: New Expensify 2024-02-08,36168,https://github.com/Expensify/App/issues/36168,2024-02-08
36270,https://github.com/Expensify/App/issues/36270,Deploy Checklist: New Expensify 2024-02-08,36168,https://github.com/Expensify/App/issues/36168,2024-02-08
36272,https://github.com/Expensify/App/issues/36272,Deploy Checklist: New Expensify 2024-02-08,36168,https://github.com/Expensify/App/issues/36168,2024-02-08
36175,https://github.com/Expensify/App/issues/36175,Deploy Checklist: New Expensify 2024-02-08,36168,https://github.com/Expensify/App/issues/36168,2024-02-08
36306,https://github.com/Expensify/App/issues/36306,Deploy Checklist: New Expensify 2024-02-08,36168,https://github.com/Expensify/App/issues/36168,2024-02-08
36307,https://github.com/Expensify/App/issues/36307,Deploy Checklist: New Expensify 2024-02-08,36168,https://github.com/Expensify/App/issues/36168,2024-02-08
36032,https://github.com/Expensify/App/issues/36032,Deploy Checklist: New Expensify 2024-02-07,35983,https://github.com/Expensify/App/issues/35983,2024-02-07
36033,https://github.com/Expensify/App/issues/36033,Deploy Checklist: New Expensify 2024-02-07,35983,https://github.com/Expensify/App/issues/35983,2024-02-07
36035,https://github.com/Expensify/App/issues/36035,Deploy Checklist: New Expensify 2024-02-07,35983,https://github.com/Expensify/App/issues/35983,2024-02-07
36037,https://github.com/Expensify/App/issues/36037,Deploy Checklist: New Expensify 2024-02-07,35983,https://github.com/Expensify/App/issues/35983,2024-02-07
36038,https://github.com/Expensify/App/issues/36038,Deploy Checklist: New Expensify 2024-02-07,35983,https://github.com/Expensify/App/issues/35983,2024-02-07
36053,https://github.com/Expensify/App/issues/36053,Deploy Checklist: New Expensify 2024-02-07,35983,https://github.com/Expensify/App/issues/35983,2024-02-07
36065,https://github.com/Expensify/App/issues/36065,Deploy Checklist: New Expensify 2024-02-07,35983,https://github.com/Expensify/App/issues/35983,2024-02-07
36066,https://github.com/Expensify/App/issues/36066,Deploy Checklist: New Expensify 2024-02-07,35983,https://github.com/Expensify/App/issues/35983,2024-02-07
36075,https://github.com/Expensify/App/issues/36075,Deploy Checklist: New Expensify 2024-02-07,35983,https://github.com/Expensify/App/issues/35983,2024-02-07
36082,https://github.com/Expensify/App/issues/36082,Deploy Checklist: New Expensify 2024-02-07,35983,https://github.com/Expensify/App/issues/35983,2024-02-07
36098,https://github.com/Expensify/App/issues/36098,Deploy Checklist: New Expensify 2024-02-07,35983,https://github.com/Expensify/App/issues/35983,2024-02-07
36139,https://github.com/Expensify/App/issues/36139,Deploy Checklist: New Expensify 2024-02-07,35983,https://github.com/Expensify/App/issues/35983,2024-02-07
35782,https://github.com/Expensify/App/issues/35782,Deploy Checklist: New Expensify 2024-02-05,35857,https://github.com/Expensify/App/issues/35857,2024-02-05
35892,https://github.com/Expensify/App/issues/35892,Deploy Checklist: New Expensify 2024-02-05,35857,https://github.com/Expensify/App/issues/35857,2024-02-05
35893,https://github.com/Expensify/App/issues/35893,Deploy Checklist: New Expensify 2024-02-05,35857,https://github.com/Expensify/App/issues/35857,2024-02-05
35894,https://github.com/Expensify/App/issues/35894,Deploy Checklist: New Expensify 2024-02-05,35857,https://github.com/Expensify/App/issues/35857,2024-02-05
35895,https://github.com/Expensify/App/issues/35895,Deploy Checklist: New Expensify 2024-02-05,35857,https://github.com/Expensify/App/issues/35857,2024-02-05
35901,https://github.com/Expensify/App/issues/35901,Deploy Checklist: New Expensify 2024-02-05,35857,https://github.com/Expensify/App/issues/35857,2024-02-05
35904,https://github.com/Expensify/App/issues/35904,Deploy Checklist: New Expensify 2024-02-05,35857,https://github.com/Expensify/App/issues/35857,2024-02-05
35909,https://github.com/Expensify/App/issues/35909,Deploy Checklist: New Expensify 2024-02-05,35857,https://github.com/Expensify/App/issues/35857,2024-02-05
35914,https://github.com/Expensify/App/issues/35914,Deploy Checklist: New Expensify 2024-02-05,35857,https://github.com/Expensify/App/issues/35857,2024-02-05
35915,https://github.com/Expensify/App/issues/35915,Deploy Checklist: New Expensify 2024-02-05,35857,https://github.com/Expensify/App/issues/35857,2024-02-05
35919,https://github.com/Expensify/App/issues/35919,Deploy Checklist: New Expensify 2024-02-05,35857,https://github.com/Expensify/App/issues/35857,2024-02-05
35942,https://github.com/Expensify/App/issues/35942,Deploy Checklist: New Expensify 2024-02-05,35857,https://github.com/Expensify/App/issues/35857,2024-02-05
35944,https://github.com/Expensify/App/issues/35944,Deploy Checklist: New Expensify 2024-02-05,35857,https://github.com/Expensify/App/issues/35857,2024-02-05
35966,https://github.com/Expensify/App/issues/35966,Deploy Checklist: New Expensify 2024-02-05,35857,https://github.com/Expensify/App/issues/35857,2024-02-05
35974,https://github.com/Expensify/App/issues/35974,Deploy Checklist: New Expensify 2024-02-05,35857,https://github.com/Expensify/App/issues/35857,2024-02-05
35680,https://github.com/Expensify/App/issues/35680,Deploy Checklist: New Expensify 2024-02-02,35673,https://github.com/Expensify/App/issues/35673,2024-02-02
35681,https://github.com/Expensify/App/issues/35681,Deploy Checklist: New Expensify 2024-02-02,35673,https://github.com/Expensify/App/issues/35673,2024-02-02
35683,https://github.com/Expensify/App/issues/35683,Deploy Checklist: New Expensify 2024-02-02,35673,https://github.com/Expensify/App/issues/35673,2024-02-02
35684,https://github.com/Expensify/App/issues/35684,Deploy Checklist: New Expensify 2024-02-02,35673,https://github.com/Expensify/App/issues/35673,2024-02-02
35686,https://github.com/Expensify/App/issues/35686,Deploy Checklist: New Expensify 2024-02-02,35673,https://github.com/Expensify/App/issues/35673,2024-02-02
35687,https://github.com/Expensify/App/issues/35687,Deploy Checklist: New Expensify 2024-02-02,35673,https://github.com/Expensify/App/issues/35673,2024-02-02
35688,https://github.com/Expensify/App/issues/35688,Deploy Checklist: New Expensify 2024-02-02,35673,https://github.com/Expensify/App/issues/35673,2024-02-02
35689,https://github.com/Expensify/App/issues/35689,Deploy Checklist: New Expensify 2024-02-02,35673,https://github.com/Expensify/App/issues/35673,2024-02-02
35690,https://github.com/Expensify/App/issues/35690,Deploy Checklist: New Expensify 2024-02-02,35673,https://github.com/Expensify/App/issues/35673,2024-02-02
35691,https://github.com/Expensify/App/issues/35691,Deploy Checklist: New Expensify 2024-02-02,35673,https://github.com/Expensify/App/issues/35673,2024-02-02
35692,https://github.com/Expensify/App/issues/35692,Deploy Checklist: New Expensify 2024-02-02,35673,https://github.com/Expensify/App/issues/35673,2024-02-02
35694,https://github.com/Expensify/App/issues/35694,Deploy Checklist: New Expensify 2024-02-02,35673,https://github.com/Expensify/App/issues/35673,2024-02-02
35695,https://github.com/Expensify/App/issues/35695,Deploy Checklist: New Expensify 2024-02-02,35673,https://github.com/Expensify/App/issues/35673,2024-02-02
35697,https://github.com/Expensify/App/issues/35697,Deploy Checklist: New Expensify 2024-02-02,35673,https://github.com/Expensify/App/issues/35673,2024-02-02
35698,https://github.com/Expensify/App/issues/35698,Deploy Checklist: New Expensify 2024-02-02,35673,https://github.com/Expensify/App/issues/35673,2024-02-02
35699,https://github.com/Expensify/App/issues/35699,Deploy Checklist: New Expensify 2024-02-02,35673,https://github.com/Expensify/App/issues/35673,2024-02-02
35701,https://github.com/Expensify/App/issues/35701,Deploy Checklist: New Expensify 2024-02-02,35673,https://github.com/Expensify/App/issues/35673,2024-02-02
35702,https://github.com/Expensify/App/issues/35702,Deploy Checklist: New Expensify 2024-02-02,35673,https://github.com/Expensify/App/issues/35673,2024-02-02
35703,https://github.com/Expensify/App/issues/35703,Deploy Checklist: New Expensify 2024-02-02,35673,https://github.com/Expensify/App/issues/35673,2024-02-02
35720,https://github.com/Expensify/App/issues/35720,Deploy Checklist: New Expensify 2024-02-02,35673,https://github.com/Expensify/App/issues/35673,2024-02-02
35722,https://github.com/Expensify/App/issues/35722,Deploy Checklist: New Expensify 2024-02-02,35673,https://github.com/Expensify/App/issues/35673,2024-02-02
35723,https://github.com/Expensify/App/issues/35723,Deploy Checklist: New Expensify 2024-02-02,35673,https://github.com/Expensify/App/issues/35673,2024-02-02
35724,https://github.com/Expensify/App/issues/35724,Deploy Checklist: New Expensify 2024-02-02,35673,https://github.com/Expensify/App/issues/35673,2024-02-02
35726,https://github.com/Expensify/App/issues/35726,Deploy Checklist: New Expensify 2024-02-02,35673,https://github.com/Expensify/App/issues/35673,2024-02-02
35727,https://github.com/Expensify/App/issues/35727,Deploy Checklist: New Expensify 2024-02-02,35673,https://github.com/Expensify/App/issues/35673,2024-02-02
35728,https://github.com/Expensify/App/issues/35728,Deploy Checklist: New Expensify 2024-02-02,35673,https://github.com/Expensify/App/issues/35673,2024-02-02
35729,https://github.com/Expensify/App/issues/35729,Deploy Checklist: New Expensify 2024-02-02,35673,https://github.com/Expensify/App/issues/35673,2024-02-02
35730,https://github.com/Expensify/App/issues/35730,Deploy Checklist: New Expensify 2024-02-02,35673,https://github.com/Expensify/App/issues/35673,2024-02-02
35731,https://github.com/Expensify/App/issues/35731,Deploy Checklist: New Expensify 2024-02-02,35673,https://github.com/Expensify/App/issues/35673,2024-02-02
35732,https://github.com/Expensify/App/issues/35732,Deploy Checklist: New Expensify 2024-02-02,35673,https://github.com/Expensify/App/issues/35673,2024-02-02
35733,https://github.com/Expensify/App/issues/35733,Deploy Checklist: New Expensify 2024-02-02,35673,https://github.com/Expensify/App/issues/35673,2024-02-02
35736,https://github.com/Expensify/App/issues/35736,Deploy Checklist: New Expensify 2024-02-02,35673,https://github.com/Expensify/App/issues/35673,2024-02-02
35738,https://github.com/Expensify/App/issues/35738,Deploy Checklist: New Expensify 2024-02-02,35673,https://github.com/Expensify/App/issues/35673,2024-02-02
35739,https://github.com/Expensify/App/issues/35739,Deploy Checklist: New Expensify 2024-02-02,35673,https://github.com/Expensify/App/issues/35673,2024-02-02
35745,https://github.com/Expensify/App/issues/35745,Deploy Checklist: New Expensify 2024-02-02,35673,https://github.com/Expensify/App/issues/35673,2024-02-02
35747,https://github.com/Expensify/App/issues/35747,Deploy Checklist: New Expensify 2024-02-02,35673,https://github.com/Expensify/App/issues/35673,2024-02-02
35748,https://github.com/Expensify/App/issues/35748,Deploy Checklist: New Expensify 2024-02-02,35673,https://github.com/Expensify/App/issues/35673,2024-02-02
35749,https://github.com/Expensify/App/issues/35749,Deploy Checklist: New Expensify 2024-02-02,35673,https://github.com/Expensify/App/issues/35673,2024-02-02
35750,https://github.com/Expensify/App/issues/35750,Deploy Checklist: New Expensify 2024-02-02,35673,https://github.com/Expensify/App/issues/35673,2024-02-02
35752,https://github.com/Expensify/App/issues/35752,Deploy Checklist: New Expensify 2024-02-02,35673,https://github.com/Expensify/App/issues/35673,2024-02-02
35753,https://github.com/Expensify/App/issues/35753,Deploy Checklist: New Expensify 2024-02-02,35673,https://github.com/Expensify/App/issues/35673,2024-02-02
35754,https://github.com/Expensify/App/issues/35754,Deploy Checklist: New Expensify 2024-02-02,35673,https://github.com/Expensify/App/issues/35673,2024-02-02
35755,https://github.com/Expensify/App/issues/35755,Deploy Checklist: New Expensify 2024-02-02,35673,https://github.com/Expensify/App/issues/35673,2024-02-02
35757,https://github.com/Expensify/App/issues/35757,Deploy Checklist: New Expensify 2024-02-02,35673,https://github.com/Expensify/App/issues/35673,2024-02-02
35758,https://github.com/Expensify/App/issues/35758,Deploy Checklist: New Expensify 2024-02-02,35673,https://github.com/Expensify/App/issues/35673,2024-02-02
35759,https://github.com/Expensify/App/issues/35759,Deploy Checklist: New Expensify 2024-02-02,35673,https://github.com/Expensify/App/issues/35673,2024-02-02
35761,https://github.com/Expensify/App/issues/35761,Deploy Checklist: New Expensify 2024-02-02,35673,https://github.com/Expensify/App/issues/35673,2024-02-02
35763,https://github.com/Expensify/App/issues/35763,Deploy Checklist: New Expensify 2024-02-02,35673,https://github.com/Expensify/App/issues/35673,2024-02-02
35764,https://github.com/Expensify/App/issues/35764,Deploy Checklist: New Expensify 2024-02-02,35673,https://github.com/Expensify/App/issues/35673,2024-02-02
35765,https://github.com/Expensify/App/issues/35765,Deploy Checklist: New Expensify 2024-02-02,35673,https://github.com/Expensify/App/issues/35673,2024-02-02
35766,https://github.com/Expensify/App/issues/35766,Deploy Checklist: New Expensify 2024-02-02,35673,https://github.com/Expensify/App/issues/35673,2024-02-02
35767,https://github.com/Expensify/App/issues/35767,Deploy Checklist: New Expensify 2024-02-02,35673,https://github.com/Expensify/App/issues/35673,2024-02-02
35771,https://github.com/Expensify/App/issues/35771,Deploy Checklist: New Expensify 2024-02-02,35673,https://github.com/Expensify/App/issues/35673,2024-02-02
35776,https://github.com/Expensify/App/issues/35776,Deploy Checklist: New Expensify 2024-02-02,35673,https://github.com/Expensify/App/issues/35673,2024-02-02
35777,https://github.com/Expensify/App/issues/35777,Deploy Checklist: New Expensify 2024-02-02,35673,https://github.com/Expensify/App/issues/35673,2024-02-02
35782,https://github.com/Expensify/App/issues/35782,Deploy Checklist: New Expensify 2024-02-02,35673,https://github.com/Expensify/App/issues/35673,2024-02-02
35783,https://github.com/Expensify/App/issues/35783,Deploy Checklist: New Expensify 2024-02-02,35673,https://github.com/Expensify/App/issues/35673,2024-02-02
35785,https://github.com/Expensify/App/issues/35785,Deploy Checklist: New Expensify 2024-02-02,35673,https://github.com/Expensify/App/issues/35673,2024-02-02
35787,https://github.com/Expensify/App/issues/35787,Deploy Checklist: New Expensify 2024-02-02,35673,https://github.com/Expensify/App/issues/35673,2024-02-02
35802,https://github.com/Expensify/App/issues/35802,Deploy Checklist: New Expensify 2024-02-02,35673,https://github.com/Expensify/App/issues/35673,2024-02-02
35803,https://github.com/Expensify/App/issues/35803,Deploy Checklist: New Expensify 2024-02-02,35673,https://github.com/Expensify/App/issues/35673,2024-02-02
35820,https://github.com/Expensify/App/issues/35820,Deploy Checklist: New Expensify 2024-02-02,35673,https://github.com/Expensify/App/issues/35673,2024-02-02
35831,https://github.com/Expensify/App/issues/35831,Deploy Checklist: New Expensify 2024-02-02,35673,https://github.com/Expensify/App/issues/35673,2024-02-02
35832,https://github.com/Expensify/App/issues/35832,Deploy Checklist: New Expensify 2024-02-02,35673,https://github.com/Expensify/App/issues/35673,2024-02-02
35839,https://github.com/Expensify/App/issues/35839,Deploy Checklist: New Expensify 2024-02-02,35673,https://github.com/Expensify/App/issues/35673,2024-02-02
35843,https://github.com/Expensify/App/issues/35843,Deploy Checklist: New Expensify 2024-02-02,35673,https://github.com/Expensify/App/issues/35673,2024-02-02
35533,https://github.com/Expensify/App/issues/35533,Deploy Checklist: New Expensify 2024-01-31,35524,https://github.com/Expensify/App/issues/35524,2024-01-31
35559,https://github.com/Expensify/App/issues/35559,Deploy Checklist: New Expensify 2024-01-31,35524,https://github.com/Expensify/App/issues/35524,2024-01-31
35560,https://github.com/Expensify/App/issues/35560,Deploy Checklist: New Expensify 2024-01-31,35524,https://github.com/Expensify/App/issues/35524,2024-01-31
35561,https://github.com/Expensify/App/issues/35561,Deploy Checklist: New Expensify 2024-01-31,35524,https://github.com/Expensify/App/issues/35524,2024-01-31
35562,https://github.com/Expensify/App/issues/35562,Deploy Checklist: New Expensify 2024-01-31,35524,https://github.com/Expensify/App/issues/35524,2024-01-31
35569,https://github.com/Expensify/App/issues/35569,Deploy Checklist: New Expensify 2024-01-31,35524,https://github.com/Expensify/App/issues/35524,2024-01-31
35570,https://github.com/Expensify/App/issues/35570,Deploy Checklist: New Expensify 2024-01-31,35524,https://github.com/Expensify/App/issues/35524,2024-01-31
35574,https://github.com/Expensify/App/issues/35574,Deploy Checklist: New Expensify 2024-01-31,35524,https://github.com/Expensify/App/issues/35524,2024-01-31
35579,https://github.com/Expensify/App/issues/35579,Deploy Checklist: New Expensify 2024-01-31,35524,https://github.com/Expensify/App/issues/35524,2024-01-31
35580,https://github.com/Expensify/App/issues/35580,Deploy Checklist: New Expensify 2024-01-31,35524,https://github.com/Expensify/App/issues/35524,2024-01-31
35590,https://github.com/Expensify/App/issues/35590,Deploy Checklist: New Expensify 2024-01-31,35524,https://github.com/Expensify/App/issues/35524,2024-01-31
35591,https://github.com/Expensify/App/issues/35591,Deploy Checklist: New Expensify 2024-01-31,35524,https://github.com/Expensify/App/issues/35524,2024-01-31
35593,https://github.com/Expensify/App/issues/35593,Deploy Checklist: New Expensify 2024-01-31,35524,https://github.com/Expensify/App/issues/35524,2024-01-31
35597,https://github.com/Expensify/App/issues/35597,Deploy Checklist: New Expensify 2024-01-31,35524,https://github.com/Expensify/App/issues/35524,2024-01-31
34043,https://github.com/Expensify/App/issues/34043,Deploy Checklist: New Expensify 2024-01-31,35448,https://github.com/Expensify/App/issues/35448,2024-01-31
35467,https://github.com/Expensify/App/issues/35467,Deploy Checklist: New Expensify 2024-01-31,35448,https://github.com/Expensify/App/issues/35448,2024-01-31
35468,https://github.com/Expensify/App/issues/35468,Deploy Checklist: New Expensify 2024-01-31,35448,https://github.com/Expensify/App/issues/35448,2024-01-31
35475,https://github.com/Expensify/App/issues/35475,Deploy Checklist: New Expensify 2024-01-31,35448,https://github.com/Expensify/App/issues/35448,2024-01-31
35477,https://github.com/Expensify/App/issues/35477,Deploy Checklist: New Expensify 2024-01-31,35448,https://github.com/Expensify/App/issues/35448,2024-01-31
35479,https://github.com/Expensify/App/issues/35479,Deploy Checklist: New Expensify 2024-01-31,35448,https://github.com/Expensify/App/issues/35448,2024-01-31
35481,https://github.com/Expensify/App/issues/35481,Deploy Checklist: New Expensify 2024-01-31,35448,https://github.com/Expensify/App/issues/35448,2024-01-31
35482,https://github.com/Expensify/App/issues/35482,Deploy Checklist: New Expensify 2024-01-31,35448,https://github.com/Expensify/App/issues/35448,2024-01-31
35487,https://github.com/Expensify/App/issues/35487,Deploy Checklist: New Expensify 2024-01-31,35448,https://github.com/Expensify/App/issues/35448,2024-01-31
35515,https://github.com/Expensify/App/issues/35515,Deploy Checklist: New Expensify 2024-01-31,35448,https://github.com/Expensify/App/issues/35448,2024-01-31
35519,https://github.com/Expensify/App/issues/35519,Deploy Checklist: New Expensify 2024-01-31,35448,https://github.com/Expensify/App/issues/35448,2024-01-31
35337,https://github.com/Expensify/App/issues/35337,Deploy Checklist: New Expensify 2024-01-29,35328,https://github.com/Expensify/App/issues/35328,2024-01-29
35338,https://github.com/Expensify/App/issues/35338,Deploy Checklist: New Expensify 2024-01-29,35328,https://github.com/Expensify/App/issues/35328,2024-01-29
35339,https://github.com/Expensify/App/issues/35339,Deploy Checklist: New Expensify 2024-01-29,35328,https://github.com/Expensify/App/issues/35328,2024-01-29
35344,https://github.com/Expensify/App/issues/35344,Deploy Checklist: New Expensify 2024-01-29,35328,https://github.com/Expensify/App/issues/35328,2024-01-29
35374,https://github.com/Expensify/App/issues/35374,Deploy Checklist: New Expensify 2024-01-29,35328,https://github.com/Expensify/App/issues/35328,2024-01-29
35389,https://github.com/Expensify/App/issues/35389,Deploy Checklist: New Expensify 2024-01-29,35328,https://github.com/Expensify/App/issues/35328,2024-01-29
35394,https://github.com/Expensify/App/issues/35394,Deploy Checklist: New Expensify 2024-01-29,35328,https://github.com/Expensify/App/issues/35328,2024-01-29
35395,https://github.com/Expensify/App/issues/35395,Deploy Checklist: New Expensify 2024-01-29,35328,https://github.com/Expensify/App/issues/35328,2024-01-29
35396,https://github.com/Expensify/App/issues/35396,Deploy Checklist: New Expensify 2024-01-29,35328,https://github.com/Expensify/App/issues/35328,2024-01-29
35397,https://github.com/Expensify/App/issues/35397,Deploy Checklist: New Expensify 2024-01-29,35328,https://github.com/Expensify/App/issues/35328,2024-01-29
35407,https://github.com/Expensify/App/issues/35407,Deploy Checklist: New Expensify 2024-01-29,35328,https://github.com/Expensify/App/issues/35328,2024-01-29
35421,https://github.com/Expensify/App/issues/35421,Deploy Checklist: New Expensify 2024-01-29,35328,https://github.com/Expensify/App/issues/35328,2024-01-29
35423,https://github.com/Expensify/App/issues/35423,Deploy Checklist: New Expensify 2024-01-29,35328,https://github.com/Expensify/App/issues/35328,2024-01-29
35425,https://github.com/Expensify/App/issues/35425,Deploy Checklist: New Expensify 2024-01-29,35328,https://github.com/Expensify/App/issues/35328,2024-01-29
35071,https://github.com/Expensify/App/issues/35071,Deploy Checklist: New Expensify 2024-01-25,35138,https://github.com/Expensify/App/issues/35138,2024-01-25
35076,https://github.com/Expensify/App/issues/35076,Deploy Checklist: New Expensify 2024-01-25,35138,https://github.com/Expensify/App/issues/35138,2024-01-25
35148,https://github.com/Expensify/App/issues/35148,Deploy Checklist: New Expensify 2024-01-25,35138,https://github.com/Expensify/App/issues/35138,2024-01-25
35177,https://github.com/Expensify/App/issues/35177,Deploy Checklist: New Expensify 2024-01-25,35138,https://github.com/Expensify/App/issues/35138,2024-01-25
35178,https://github.com/Expensify/App/issues/35178,Deploy Checklist: New Expensify 2024-01-25,35138,https://github.com/Expensify/App/issues/35138,2024-01-25
35193,https://github.com/Expensify/App/issues/35193,Deploy Checklist: New Expensify 2024-01-25,35138,https://github.com/Expensify/App/issues/35138,2024-01-25
35194,https://github.com/Expensify/App/issues/35194,Deploy Checklist: New Expensify 2024-01-25,35138,https://github.com/Expensify/App/issues/35138,2024-01-25
35235,https://github.com/Expensify/App/issues/35235,Deploy Checklist: New Expensify 2024-01-25,35138,https://github.com/Expensify/App/issues/35138,2024-01-25
35244,https://github.com/Expensify/App/issues/35244,Deploy Checklist: New Expensify 2024-01-25,35138,https://github.com/Expensify/App/issues/35138,2024-01-25
35250,https://github.com/Expensify/App/issues/35250,Deploy Checklist: New Expensify 2024-01-25,35138,https://github.com/Expensify/App/issues/35138,2024-01-25
35251,https://github.com/Expensify/App/issues/35251,Deploy Checklist: New Expensify 2024-01-25,35138,https://github.com/Expensify/App/issues/35138,2024-01-25
35254,https://github.com/Expensify/App/issues/35254,Deploy Checklist: New Expensify 2024-01-25,35138,https://github.com/Expensify/App/issues/35138,2024-01-25
35323,https://github.com/Expensify/App/issues/35323,Deploy Checklist: New Expensify 2024-01-25,35138,https://github.com/Expensify/App/issues/35138,2024-01-25
35066,https://github.com/Expensify/App/issues/35066,Deploy Checklist: New Expensify 2024-01-24,35037,https://github.com/Expensify/App/issues/35037,2024-01-24
35068,https://github.com/Expensify/App/issues/35068,Deploy Checklist: New Expensify 2024-01-24,35037,https://github.com/Expensify/App/issues/35037,2024-01-24
35071,https://github.com/Expensify/App/issues/35071,Deploy Checklist: New Expensify 2024-01-24,35037,https://github.com/Expensify/App/issues/35037,2024-01-24
35073,https://github.com/Expensify/App/issues/35073,Deploy Checklist: New Expensify 2024-01-24,35037,https://github.com/Expensify/App/issues/35037,2024-01-24
35074,https://github.com/Expensify/App/issues/35074,Deploy Checklist: New Expensify 2024-01-24,35037,https://github.com/Expensify/App/issues/35037,2024-01-24
35075,https://github.com/Expensify/App/issues/35075,Deploy Checklist: New Expensify 2024-01-24,35037,https://github.com/Expensify/App/issues/35037,2024-01-24
35076,https://github.com/Expensify/App/issues/35076,Deploy Checklist: New Expensify 2024-01-24,35037,https://github.com/Expensify/App/issues/35037,2024-01-24
35083,https://github.com/Expensify/App/issues/35083,Deploy Checklist: New Expensify 2024-01-24,35037,https://github.com/Expensify/App/issues/35037,2024-01-24
35089,https://github.com/Expensify/App/issues/35089,Deploy Checklist: New Expensify 2024-01-24,35037,https://github.com/Expensify/App/issues/35037,2024-01-24
35090,https://github.com/Expensify/App/issues/35090,Deploy Checklist: New Expensify 2024-01-24,35037,https://github.com/Expensify/App/issues/35037,2024-01-24
35095,https://github.com/Expensify/App/issues/35095,Deploy Checklist: New Expensify 2024-01-24,35037,https://github.com/Expensify/App/issues/35037,2024-01-24
35110,https://github.com/Expensify/App/issues/35110,Deploy Checklist: New Expensify 2024-01-24,35037,https://github.com/Expensify/App/issues/35037,2024-01-24
35111,https://github.com/Expensify/App/issues/35111,Deploy Checklist: New Expensify 2024-01-24,35037,https://github.com/Expensify/App/issues/35037,2024-01-24
35124,https://github.com/Expensify/App/issues/35124,Deploy Checklist: New Expensify 2024-01-24,35037,https://github.com/Expensify/App/issues/35037,2024-01-24
35131,https://github.com/Expensify/App/issues/35131,Deploy Checklist: New Expensify 2024-01-24,35037,https://github.com/Expensify/App/issues/35037,2024-01-24
35003,https://github.com/Expensify/App/issues/35003,Deploy Checklist: New Expensify 2024-01-23,34942,https://github.com/Expensify/App/issues/34942,2024-01-23
35008,https://github.com/Expensify/App/issues/35008,Deploy Checklist: New Expensify 2024-01-23,34942,https://github.com/Expensify/App/issues/34942,2024-01-23
34883,https://github.com/Expensify/App/issues/34883,Deploy Checklist: New Expensify 2024-01-21,34864,https://github.com/Expensify/App/issues/34864,2024-01-21
34904,https://github.com/Expensify/App/issues/34904,Deploy Checklist: New Expensify 2024-01-21,34864,https://github.com/Expensify/App/issues/34864,2024-01-21
34809,https://github.com/Expensify/App/issues/34809,Deploy Checklist: New Expensify 2024-01-19,34789,https://github.com/Expensify/App/issues/34789,2024-01-19
34810,https://github.com/Expensify/App/issues/34810,Deploy Checklist: New Expensify 2024-01-19,34789,https://github.com/Expensify/App/issues/34789,2024-01-19
34822,https://github.com/Expensify/App/issues/34822,Deploy Checklist: New Expensify 2024-01-19,34789,https://github.com/Expensify/App/issues/34789,2024-01-19
34827,https://github.com/Expensify/App/issues/34827,Deploy Checklist: New Expensify 2024-01-19,34789,https://github.com/Expensify/App/issues/34789,2024-01-19
34841,https://github.com/Expensify/App/issues/34841,Deploy Checklist: New Expensify 2024-01-19,34789,https://github.com/Expensify/App/issues/34789,2024-01-19
34680,https://github.com/Expensify/App/issues/34680,Deploy Checklist: New Expensify 2024-01-18,34701,https://github.com/Expensify/App/issues/34701,2024-01-18
34685,https://github.com/Expensify/App/issues/34685,Deploy Checklist: New Expensify 2024-01-18,34701,https://github.com/Expensify/App/issues/34701,2024-01-18
34725,https://github.com/Expensify/App/issues/34725,Deploy Checklist: New Expensify 2024-01-18,34701,https://github.com/Expensify/App/issues/34701,2024-01-18
34729,https://github.com/Expensify/App/issues/34729,Deploy Checklist: New Expensify 2024-01-18,34701,https://github.com/Expensify/App/issues/34701,2024-01-18
34739,https://github.com/Expensify/App/issues/34739,Deploy Checklist: New Expensify 2024-01-18,34701,https://github.com/Expensify/App/issues/34701,2024-01-18
34758,https://github.com/Expensify/App/issues/34758,Deploy Checklist: New Expensify 2024-01-18,34701,https://github.com/Expensify/App/issues/34701,2024-01-18
34765,https://github.com/Expensify/App/issues/34765,Deploy Checklist: New Expensify 2024-01-18,34701,https://github.com/Expensify/App/issues/34701,2024-01-18
34643,https://github.com/Expensify/App/issues/34643,Deploy Checklist: New Expensify 2024-01-17,34621,https://github.com/Expensify/App/issues/34621,2024-01-17
34644,https://github.com/Expensify/App/issues/34644,Deploy Checklist: New Expensify 2024-01-17,34621,https://github.com/Expensify/App/issues/34621,2024-01-17
34649,https://github.com/Expensify/App/issues/34649,Deploy Checklist: New Expensify 2024-01-17,34621,https://github.com/Expensify/App/issues/34621,2024-01-17
34650,https://github.com/Expensify/App/issues/34650,Deploy Checklist: New Expensify 2024-01-17,34621,https://github.com/Expensify/App/issues/34621,2024-01-17
34668,https://github.com/Expensify/App/issues/34668,Deploy Checklist: New Expensify 2024-01-17,34621,https://github.com/Expensify/App/issues/34621,2024-01-17
34669,https://github.com/Expensify/App/issues/34669,Deploy Checklist: New Expensify 2024-01-17,34621,https://github.com/Expensify/App/issues/34621,2024-01-17
34673,https://github.com/Expensify/App/issues/34673,Deploy Checklist: New Expensify 2024-01-17,34621,https://github.com/Expensify/App/issues/34621,2024-01-17
34675,https://github.com/Expensify/App/issues/34675,Deploy Checklist: New Expensify 2024-01-17,34621,https://github.com/Expensify/App/issues/34621,2024-01-17
34676,https://github.com/Expensify/App/issues/34676,Deploy Checklist: New Expensify 2024-01-17,34621,https://github.com/Expensify/App/issues/34621,2024-01-17
34680,https://github.com/Expensify/App/issues/34680,Deploy Checklist: New Expensify 2024-01-17,34621,https://github.com/Expensify/App/issues/34621,2024-01-17
34681,https://github.com/Expensify/App/issues/34681,Deploy Checklist: New Expensify 2024-01-17,34621,https://github.com/Expensify/App/issues/34621,2024-01-17
34685,https://github.com/Expensify/App/issues/34685,Deploy Checklist: New Expensify 2024-01-17,34621,https://github.com/Expensify/App/issues/34621,2024-01-17
34500,https://github.com/Expensify/App/issues/34500,Deploy Checklist: New Expensify 2024-01-15,34493,https://github.com/Expensify/App/issues/34493,2024-01-15
34501,https://github.com/Expensify/App/issues/34501,Deploy Checklist: New Expensify 2024-01-15,34493,https://github.com/Expensify/App/issues/34493,2024-01-15
34503,https://github.com/Expensify/App/issues/34503,Deploy Checklist: New Expensify 2024-01-15,34493,https://github.com/Expensify/App/issues/34493,2024-01-15
34504,https://github.com/Expensify/App/issues/34504,Deploy Checklist: New Expensify 2024-01-15,34493,https://github.com/Expensify/App/issues/34493,2024-01-15
34510,https://github.com/Expensify/App/issues/34510,Deploy Checklist: New Expensify 2024-01-15,34493,https://github.com/Expensify/App/issues/34493,2024-01-15
34511,https://github.com/Expensify/App/issues/34511,Deploy Checklist: New Expensify 2024-01-15,34493,https://github.com/Expensify/App/issues/34493,2024-01-15
34514,https://github.com/Expensify/App/issues/34514,Deploy Checklist: New Expensify 2024-01-15,34493,https://github.com/Expensify/App/issues/34493,2024-01-15
34518,https://github.com/Expensify/App/issues/34518,Deploy Checklist: New Expensify 2024-01-15,34493,https://github.com/Expensify/App/issues/34493,2024-01-15
34521,https://github.com/Expensify/App/issues/34521,Deploy Checklist: New Expensify 2024-01-15,34493,https://github.com/Expensify/App/issues/34493,2024-01-15
34522,https://github.com/Expensify/App/issues/34522,Deploy Checklist: New Expensify 2024-01-15,34493,https://github.com/Expensify/App/issues/34493,2024-01-15
34532,https://github.com/Expensify/App/issues/34532,Deploy Checklist: New Expensify 2024-01-15,34493,https://github.com/Expensify/App/issues/34493,2024-01-15
34534,https://github.com/Expensify/App/issues/34534,Deploy Checklist: New Expensify 2024-01-15,34493,https://github.com/Expensify/App/issues/34493,2024-01-15
34536,https://github.com/Expensify/App/issues/34536,Deploy Checklist: New Expensify 2024-01-15,34493,https://github.com/Expensify/App/issues/34493,2024-01-15
34539,https://github.com/Expensify/App/issues/34539,Deploy Checklist: New Expensify 2024-01-15,34493,https://github.com/Expensify/App/issues/34493,2024-01-15
34541,https://github.com/Expensify/App/issues/34541,Deploy Checklist: New Expensify 2024-01-15,34493,https://github.com/Expensify/App/issues/34493,2024-01-15
34543,https://github.com/Expensify/App/issues/34543,Deploy Checklist: New Expensify 2024-01-15,34493,https://github.com/Expensify/App/issues/34493,2024-01-15
34544,https://github.com/Expensify/App/issues/34544,Deploy Checklist: New Expensify 2024-01-15,34493,https://github.com/Expensify/App/issues/34493,2024-01-15
34545,https://github.com/Expensify/App/issues/34545,Deploy Checklist: New Expensify 2024-01-15,34493,https://github.com/Expensify/App/issues/34493,2024-01-15
34547,https://github.com/Expensify/App/issues/34547,Deploy Checklist: New Expensify 2024-01-15,34493,https://github.com/Expensify/App/issues/34493,2024-01-15
34567,https://github.com/Expensify/App/issues/34567,Deploy Checklist: New Expensify 2024-01-15,34493,https://github.com/Expensify/App/issues/34493,2024-01-15
34569,https://github.com/Expensify/App/issues/34569,Deploy Checklist: New Expensify 2024-01-15,34493,https://github.com/Expensify/App/issues/34493,2024-01-15
34572,https://github.com/Expensify/App/issues/34572,Deploy Checklist: New Expensify 2024-01-15,34493,https://github.com/Expensify/App/issues/34493,2024-01-15
34575,https://github.com/Expensify/App/issues/34575,Deploy Checklist: New Expensify 2024-01-15,34493,https://github.com/Expensify/App/issues/34493,2024-01-15
34577,https://github.com/Expensify/App/issues/34577,Deploy Checklist: New Expensify 2024-01-15,34493,https://github.com/Expensify/App/issues/34493,2024-01-15
34578,https://github.com/Expensify/App/issues/34578,Deploy Checklist: New Expensify 2024-01-15,34493,https://github.com/Expensify/App/issues/34493,2024-01-15
34579,https://github.com/Expensify/App/issues/34579,Deploy Checklist: New Expensify 2024-01-15,34493,https://github.com/Expensify/App/issues/34493,2024-01-15
34584,https://github.com/Expensify/App/issues/34584,Deploy Checklist: New Expensify 2024-01-15,34493,https://github.com/Expensify/App/issues/34493,2024-01-15
34585,https://github.com/Expensify/App/issues/34585,Deploy Checklist: New Expensify 2024-01-15,34493,https://github.com/Expensify/App/issues/34493,2024-01-15
34586,https://github.com/Expensify/App/issues/34586,Deploy Checklist: New Expensify 2024-01-15,34493,https://github.com/Expensify/App/issues/34493,2024-01-15
34598,https://github.com/Expensify/App/issues/34598,Deploy Checklist: New Expensify 2024-01-15,34493,https://github.com/Expensify/App/issues/34493,2024-01-15
34367,https://github.com/Expensify/App/issues/34367,Deploy Checklist: New Expensify 2024-01-11,34327,https://github.com/Expensify/App/issues/34327,2024-01-11
34371,https://github.com/Expensify/App/issues/34371,Deploy Checklist: New Expensify 2024-01-11,34327,https://github.com/Expensify/App/issues/34327,2024-01-11
34375,https://github.com/Expensify/App/issues/34375,Deploy Checklist: New Expensify 2024-01-11,34327,https://github.com/Expensify/App/issues/34327,2024-01-11
34377,https://github.com/Expensify/App/issues/34377,Deploy Checklist: New Expensify 2024-01-11,34327,https://github.com/Expensify/App/issues/34327,2024-01-11
34379,https://github.com/Expensify/App/issues/34379,Deploy Checklist: New Expensify 2024-01-11,34327,https://github.com/Expensify/App/issues/34327,2024-01-11
34381,https://github.com/Expensify/App/issues/34381,Deploy Checklist: New Expensify 2024-01-11,34327,https://github.com/Expensify/App/issues/34327,2024-01-11
34383,https://github.com/Expensify/App/issues/34383,Deploy Checklist: New Expensify 2024-01-11,34327,https://github.com/Expensify/App/issues/34327,2024-01-11
34388,https://github.com/Expensify/App/issues/34388,Deploy Checklist: New Expensify 2024-01-11,34327,https://github.com/Expensify/App/issues/34327,2024-01-11
34397,https://github.com/Expensify/App/issues/34397,Deploy Checklist: New Expensify 2024-01-11,34327,https://github.com/Expensify/App/issues/34327,2024-01-11
34417,https://github.com/Expensify/App/issues/34417,Deploy Checklist: New Expensify 2024-01-11,34327,https://github.com/Expensify/App/issues/34327,2024-01-11
34419,https://github.com/Expensify/App/issues/34419,Deploy Checklist: New Expensify 2024-01-11,34327,https://github.com/Expensify/App/issues/34327,2024-01-11
34456,https://github.com/Expensify/App/issues/34456,Deploy Checklist: New Expensify 2024-01-11,34327,https://github.com/Expensify/App/issues/34327,2024-01-11
34474,https://github.com/Expensify/App/issues/34474,Deploy Checklist: New Expensify 2024-01-11,34327,https://github.com/Expensify/App/issues/34327,2024-01-11
34179,https://github.com/Expensify/App/issues/34179,Deploy Checklist: New Expensify 2024-01-10,34203,https://github.com/Expensify/App/issues/34203,2024-01-10
34209,https://github.com/Expensify/App/issues/34209,Deploy Checklist: New Expensify 2024-01-10,34203,https://github.com/Expensify/App/issues/34203,2024-01-10
34239,https://github.com/Expensify/App/issues/34239,Deploy Checklist: New Expensify 2024-01-10,34203,https://github.com/Expensify/App/issues/34203,2024-01-10
34240,https://github.com/Expensify/App/issues/34240,Deploy Checklist: New Expensify 2024-01-10,34203,https://github.com/Expensify/App/issues/34203,2024-01-10
34241,https://github.com/Expensify/App/issues/34241,Deploy Checklist: New Expensify 2024-01-10,34203,https://github.com/Expensify/App/issues/34203,2024-01-10
34247,https://github.com/Expensify/App/issues/34247,Deploy Checklist: New Expensify 2024-01-10,34203,https://github.com/Expensify/App/issues/34203,2024-01-10
34249,https://github.com/Expensify/App/issues/34249,Deploy Checklist: New Expensify 2024-01-10,34203,https://github.com/Expensify/App/issues/34203,2024-01-10
34250,https://github.com/Expensify/App/issues/34250,Deploy Checklist: New Expensify 2024-01-10,34203,https://github.com/Expensify/App/issues/34203,2024-01-10
34252,https://github.com/Expensify/App/issues/34252,Deploy Checklist: New Expensify 2024-01-10,34203,https://github.com/Expensify/App/issues/34203,2024-01-10
34253,https://github.com/Expensify/App/issues/34253,Deploy Checklist: New Expensify 2024-01-10,34203,https://github.com/Expensify/App/issues/34203,2024-01-10
34258,https://github.com/Expensify/App/issues/34258,Deploy Checklist: New Expensify 2024-01-10,34203,https://github.com/Expensify/App/issues/34203,2024-01-10
34259,https://github.com/Expensify/App/issues/34259,Deploy Checklist: New Expensify 2024-01-10,34203,https://github.com/Expensify/App/issues/34203,2024-01-10
34261,https://github.com/Expensify/App/issues/34261,Deploy Checklist: New Expensify 2024-01-10,34203,https://github.com/Expensify/App/issues/34203,2024-01-10
34263,https://github.com/Expensify/App/issues/34263,Deploy Checklist: New Expensify 2024-01-10,34203,https://github.com/Expensify/App/issues/34203,2024-01-10
34269,https://github.com/Expensify/App/issues/34269,Deploy Checklist: New Expensify 2024-01-10,34203,https://github.com/Expensify/App/issues/34203,2024-01-10
34270,https://github.com/Expensify/App/issues/34270,Deploy Checklist: New Expensify 2024-01-10,34203,https://github.com/Expensify/App/issues/34203,2024-01-10
34271,https://github.com/Expensify/App/issues/34271,Deploy Checklist: New Expensify 2024-01-10,34203,https://github.com/Expensify/App/issues/34203,2024-01-10
34279,https://github.com/Expensify/App/issues/34279,Deploy Checklist: New Expensify 2024-01-10,34203,https://github.com/Expensify/App/issues/34203,2024-01-10
34285,https://github.com/Expensify/App/issues/34285,Deploy Checklist: New Expensify 2024-01-10,34203,https://github.com/Expensify/App/issues/34203,2024-01-10
34286,https://github.com/Expensify/App/issues/34286,Deploy Checklist: New Expensify 2024-01-10,34203,https://github.com/Expensify/App/issues/34203,2024-01-10
34295,https://github.com/Expensify/App/issues/34295,Deploy Checklist: New Expensify 2024-01-10,34203,https://github.com/Expensify/App/issues/34203,2024-01-10
34297,https://github.com/Expensify/App/issues/34297,Deploy Checklist: New Expensify 2024-01-10,34203,https://github.com/Expensify/App/issues/34203,2024-01-10
33984,https://github.com/Expensify/App/issues/33984,Deploy Checklist: New Expensify 2024-01-09,34121,https://github.com/Expensify/App/issues/34121,2024-01-09
34047,https://github.com/Expensify/App/issues/34047,Deploy Checklist: New Expensify 2024-01-09,34121,https://github.com/Expensify/App/issues/34121,2024-01-09
34136,https://github.com/Expensify/App/issues/34136,Deploy Checklist: New Expensify 2024-01-09,34121,https://github.com/Expensify/App/issues/34121,2024-01-09
34140,https://github.com/Expensify/App/issues/34140,Deploy Checklist: New Expensify 2024-01-09,34121,https://github.com/Expensify/App/issues/34121,2024-01-09
34145,https://github.com/Expensify/App/issues/34145,Deploy Checklist: New Expensify 2024-01-09,34121,https://github.com/Expensify/App/issues/34121,2024-01-09
34154,https://github.com/Expensify/App/issues/34154,Deploy Checklist: New Expensify 2024-01-09,34121,https://github.com/Expensify/App/issues/34121,2024-01-09
34156,https://github.com/Expensify/App/issues/34156,Deploy Checklist: New Expensify 2024-01-09,34121,https://github.com/Expensify/App/issues/34121,2024-01-09
34165,https://github.com/Expensify/App/issues/34165,Deploy Checklist: New Expensify 2024-01-09,34121,https://github.com/Expensify/App/issues/34121,2024-01-09
34179,https://github.com/Expensify/App/issues/34179,Deploy Checklist: New Expensify 2024-01-09,34121,https://github.com/Expensify/App/issues/34121,2024-01-09
34181,https://github.com/Expensify/App/issues/34181,Deploy Checklist: New Expensify 2024-01-09,34121,https://github.com/Expensify/App/issues/34121,2024-01-09
34183,https://github.com/Expensify/App/issues/34183,Deploy Checklist: New Expensify 2024-01-09,34121,https://github.com/Expensify/App/issues/34121,2024-01-09
34184,https://github.com/Expensify/App/issues/34184,Deploy Checklist: New Expensify 2024-01-09,34121,https://github.com/Expensify/App/issues/34121,2024-01-09
34185,https://github.com/Expensify/App/issues/34185,Deploy Checklist: New Expensify 2024-01-09,34121,https://github.com/Expensify/App/issues/34121,2024-01-09
34193,https://github.com/Expensify/App/issues/34193,Deploy Checklist: New Expensify 2024-01-09,34121,https://github.com/Expensify/App/issues/34121,2024-01-09
33984,https://github.com/Expensify/App/issues/33984,Deploy Checklist: New Expensify 2024-01-04,33973,https://github.com/Expensify/App/issues/33973,2024-01-04
33985,https://github.com/Expensify/App/issues/33985,Deploy Checklist: New Expensify 2024-01-04,33973,https://github.com/Expensify/App/issues/33973,2024-01-04
33989,https://github.com/Expensify/App/issues/33989,Deploy Checklist: New Expensify 2024-01-04,33973,https://github.com/Expensify/App/issues/33973,2024-01-04
34003,https://github.com/Expensify/App/issues/34003,Deploy Checklist: New Expensify 2024-01-04,33973,https://github.com/Expensify/App/issues/33973,2024-01-04
34004,https://github.com/Expensify/App/issues/34004,Deploy Checklist: New Expensify 2024-01-04,33973,https://github.com/Expensify/App/issues/33973,2024-01-04
34016,https://github.com/Expensify/App/issues/34016,Deploy Checklist: New Expensify 2024-01-04,33973,https://github.com/Expensify/App/issues/33973,2024-01-04
34017,https://github.com/Expensify/App/issues/34017,Deploy Checklist: New Expensify 2024-01-04,33973,https://github.com/Expensify/App/issues/33973,2024-01-04
34018,https://github.com/Expensify/App/issues/34018,Deploy Checklist: New Expensify 2024-01-04,33973,https://github.com/Expensify/App/issues/33973,2024-01-04
34043,https://github.com/Expensify/App/issues/34043,Deploy Checklist: New Expensify 2024-01-04,33973,https://github.com/Expensify/App/issues/33973,2024-01-04
34045,https://github.com/Expensify/App/issues/34045,Deploy Checklist: New Expensify 2024-01-04,33973,https://github.com/Expensify/App/issues/33973,2024-01-04
34047,https://github.com/Expensify/App/issues/34047,Deploy Checklist: New Expensify 2024-01-04,33973,https://github.com/Expensify/App/issues/33973,2024-01-04
34049,https://github.com/Expensify/App/issues/34049,Deploy Checklist: New Expensify 2024-01-04,33973,https://github.com/Expensify/App/issues/33973,2024-01-04
34050,https://github.com/Expensify/App/issues/34050,Deploy Checklist: New Expensify 2024-01-04,33973,https://github.com/Expensify/App/issues/33973,2024-01-04
34051,https://github.com/Expensify/App/issues/34051,Deploy Checklist: New Expensify 2024-01-04,33973,https://github.com/Expensify/App/issues/33973,2024-01-04
34052,https://github.com/Expensify/App/issues/34052,Deploy Checklist: New Expensify 2024-01-04,33973,https://github.com/Expensify/App/issues/33973,2024-01-04
34053,https://github.com/Expensify/App/issues/34053,Deploy Checklist: New Expensify 2024-01-04,33973,https://github.com/Expensify/App/issues/33973,2024-01-04
34055,https://github.com/Expensify/App/issues/34055,Deploy Checklist: New Expensify 2024-01-04,33973,https://github.com/Expensify/App/issues/33973,2024-01-04
34058,https://github.com/Expensify/App/issues/34058,Deploy Checklist: New Expensify 2024-01-04,33973,https://github.com/Expensify/App/issues/33973,2024-01-04
34063,https://github.com/Expensify/App/issues/34063,Deploy Checklist: New Expensify 2024-01-04,33973,https://github.com/Expensify/App/issues/33973,2024-01-04
33877,https://github.com/Expensify/App/issues/33877,Deploy Checklist: New Expensify 2024-01-02,33855,https://github.com/Expensify/App/issues/33855,2024-01-02
33878,https://github.com/Expensify/App/issues/33878,Deploy Checklist: New Expensify 2024-01-02,33855,https://github.com/Expensify/App/issues/33855,2024-01-02
33885,https://github.com/Expensify/App/issues/33885,Deploy Checklist: New Expensify 2024-01-02,33855,https://github.com/Expensify/App/issues/33855,2024-01-02
33890,https://github.com/Expensify/App/issues/33890,Deploy Checklist: New Expensify 2024-01-02,33855,https://github.com/Expensify/App/issues/33855,2024-01-02
33901,https://github.com/Expensify/App/issues/33901,Deploy Checklist: New Expensify 2024-01-02,33855,https://github.com/Expensify/App/issues/33855,2024-01-02
33905,https://github.com/Expensify/App/issues/33905,Deploy Checklist: New Expensify 2024-01-02,33855,https://github.com/Expensify/App/issues/33855,2024-01-02
33908,https://github.com/Expensify/App/issues/33908,Deploy Checklist: New Expensify 2024-01-02,33855,https://github.com/Expensify/App/issues/33855,2024-01-02
33941,https://github.com/Expensify/App/issues/33941,Deploy Checklist: New Expensify 2024-01-02,33855,https://github.com/Expensify/App/issues/33855,2024-01-02
33777,https://github.com/Expensify/App/issues/33777,Deploy Checklist: New Expensify 2023-12-29,33772,https://github.com/Expensify/App/issues/33772,2023-12-29
33778,https://github.com/Expensify/App/issues/33778,Deploy Checklist: New Expensify 2023-12-29,33772,https://github.com/Expensify/App/issues/33772,2023-12-29
33780,https://github.com/Expensify/App/issues/33780,Deploy Checklist: New Expensify 2023-12-29,33772,https://github.com/Expensify/App/issues/33772,2023-12-29
33781,https://github.com/Expensify/App/issues/33781,Deploy Checklist: New Expensify 2023-12-29,33772,https://github.com/Expensify/App/issues/33772,2023-12-29
33786,https://github.com/Expensify/App/issues/33786,Deploy Checklist: New Expensify 2023-12-29,33772,https://github.com/Expensify/App/issues/33772,2023-12-29
33798,https://github.com/Expensify/App/issues/33798,Deploy Checklist: New Expensify 2023-12-29,33772,https://github.com/Expensify/App/issues/33772,2023-12-29
33802,https://github.com/Expensify/App/issues/33802,Deploy Checklist: New Expensify 2023-12-29,33772,https://github.com/Expensify/App/issues/33772,2023-12-29
33817,https://github.com/Expensify/App/issues/33817,Deploy Checklist: New Expensify 2023-12-29,33772,https://github.com/Expensify/App/issues/33772,2023-12-29
33818,https://github.com/Expensify/App/issues/33818,Deploy Checklist: New Expensify 2023-12-29,33772,https://github.com/Expensify/App/issues/33772,2023-12-29
33732,https://github.com/Expensify/App/issues/33732,Deploy Checklist: New Expensify 2023-12-28,33727,https://github.com/Expensify/App/issues/33727,2023-12-28
33741,https://github.com/Expensify/App/issues/33741,Deploy Checklist: New Expensify 2023-12-28,33727,https://github.com/Expensify/App/issues/33727,2023-12-28
33760,https://github.com/Expensify/App/issues/33760,Deploy Checklist: New Expensify 2023-12-28,33727,https://github.com/Expensify/App/issues/33727,2023-12-28
33647,https://github.com/Expensify/App/issues/33647,Deploy Checklist: New Expensify 2023-12-27,33644,https://github.com/Expensify/App/issues/33644,2023-12-27
33653,https://github.com/Expensify/App/issues/33653,Deploy Checklist: New Expensify 2023-12-27,33644,https://github.com/Expensify/App/issues/33644,2023-12-27
33654,https://github.com/Expensify/App/issues/33654,Deploy Checklist: New Expensify 2023-12-27,33644,https://github.com/Expensify/App/issues/33644,2023-12-27
33664,https://github.com/Expensify/App/issues/33664,Deploy Checklist: New Expensify 2023-12-27,33644,https://github.com/Expensify/App/issues/33644,2023-12-27
33670,https://github.com/Expensify/App/issues/33670,Deploy Checklist: New Expensify 2023-12-27,33644,https://github.com/Expensify/App/issues/33644,2023-12-27
33672,https://github.com/Expensify/App/issues/33672,Deploy Checklist: New Expensify 2023-12-27,33644,https://github.com/Expensify/App/issues/33644,2023-12-27
33675,https://github.com/Expensify/App/issues/33675,Deploy Checklist: New Expensify 2023-12-27,33644,https://github.com/Expensify/App/issues/33644,2023-12-27
33681,https://github.com/Expensify/App/issues/33681,Deploy Checklist: New Expensify 2023-12-27,33644,https://github.com/Expensify/App/issues/33644,2023-12-27
33683,https://github.com/Expensify/App/issues/33683,Deploy Checklist: New Expensify 2023-12-27,33644,https://github.com/Expensify/App/issues/33644,2023-12-27
33684,https://github.com/Expensify/App/issues/33684,Deploy Checklist: New Expensify 2023-12-27,33644,https://github.com/Expensify/App/issues/33644,2023-12-27
33702,https://github.com/Expensify/App/issues/33702,Deploy Checklist: New Expensify 2023-12-27,33644,https://github.com/Expensify/App/issues/33644,2023-12-27
33587,https://github.com/Expensify/App/issues/33587,Deploy Checklist: New Expensify 2023-12-26,33576,https://github.com/Expensify/App/issues/33576,2023-12-26
33588,https://github.com/Expensify/App/issues/33588,Deploy Checklist: New Expensify 2023-12-26,33576,https://github.com/Expensify/App/issues/33576,2023-12-26
33589,https://github.com/Expensify/App/issues/33589,Deploy Checklist: New Expensify 2023-12-26,33576,https://github.com/Expensify/App/issues/33576,2023-12-26
33590,https://github.com/Expensify/App/issues/33590,Deploy Checklist: New Expensify 2023-12-26,33576,https://github.com/Expensify/App/issues/33576,2023-12-26
33591,https://github.com/Expensify/App/issues/33591,Deploy Checklist: New Expensify 2023-12-26,33576,https://github.com/Expensify/App/issues/33576,2023-12-26
33593,https://github.com/Expensify/App/issues/33593,Deploy Checklist: New Expensify 2023-12-26,33576,https://github.com/Expensify/App/issues/33576,2023-12-26
33594,https://github.com/Expensify/App/issues/33594,Deploy Checklist: New Expensify 2023-12-26,33576,https://github.com/Expensify/App/issues/33576,2023-12-26
33602,https://github.com/Expensify/App/issues/33602,Deploy Checklist: New Expensify 2023-12-26,33576,https://github.com/Expensify/App/issues/33576,2023-12-26
33614,https://github.com/Expensify/App/issues/33614,Deploy Checklist: New Expensify 2023-12-26,33576,https://github.com/Expensify/App/issues/33576,2023-12-26
33616,https://github.com/Expensify/App/issues/33616,Deploy Checklist: New Expensify 2023-12-26,33576,https://github.com/Expensify/App/issues/33576,2023-12-26
33618,https://github.com/Expensify/App/issues/33618,Deploy Checklist: New Expensify 2023-12-26,33576,https://github.com/Expensify/App/issues/33576,2023-12-26
33622,https://github.com/Expensify/App/issues/33622,Deploy Checklist: New Expensify 2023-12-26,33576,https://github.com/Expensify/App/issues/33576,2023-12-26
33625,https://github.com/Expensify/App/issues/33625,Deploy Checklist: New Expensify 2023-12-26,33576,https://github.com/Expensify/App/issues/33576,2023-12-26
33626,https://github.com/Expensify/App/issues/33626,Deploy Checklist: New Expensify 2023-12-26,33576,https://github.com/Expensify/App/issues/33576,2023-12-26
33488,https://github.com/Expensify/App/issues/33488,Deploy Checklist: New Expensify 2023-12-22,33480,https://github.com/Expensify/App/issues/33480,2023-12-22
33507,https://github.com/Expensify/App/issues/33507,Deploy Checklist: New Expensify 2023-12-22,33480,https://github.com/Expensify/App/issues/33480,2023-12-22
33508,https://github.com/Expensify/App/issues/33508,Deploy Checklist: New Expensify 2023-12-22,33480,https://github.com/Expensify/App/issues/33480,2023-12-22
33509,https://github.com/Expensify/App/issues/33509,Deploy Checklist: New Expensify 2023-12-22,33480,https://github.com/Expensify/App/issues/33480,2023-12-22
33512,https://github.com/Expensify/App/issues/33512,Deploy Checklist: New Expensify 2023-12-22,33480,https://github.com/Expensify/App/issues/33480,2023-12-22
33513,https://github.com/Expensify/App/issues/33513,Deploy Checklist: New Expensify 2023-12-22,33480,https://github.com/Expensify/App/issues/33480,2023-12-22
33517,https://github.com/Expensify/App/issues/33517,Deploy Checklist: New Expensify 2023-12-22,33480,https://github.com/Expensify/App/issues/33480,2023-12-22
33540,https://github.com/Expensify/App/issues/33540,Deploy Checklist: New Expensify 2023-12-22,33480,https://github.com/Expensify/App/issues/33480,2023-12-22
33543,https://github.com/Expensify/App/issues/33543,Deploy Checklist: New Expensify 2023-12-22,33480,https://github.com/Expensify/App/issues/33480,2023-12-22
33544,https://github.com/Expensify/App/issues/33544,Deploy Checklist: New Expensify 2023-12-22,33480,https://github.com/Expensify/App/issues/33480,2023-12-22
33556,https://github.com/Expensify/App/issues/33556,Deploy Checklist: New Expensify 2023-12-22,33480,https://github.com/Expensify/App/issues/33480,2023-12-22
33557,https://github.com/Expensify/App/issues/33557,Deploy Checklist: New Expensify 2023-12-22,33480,https://github.com/Expensify/App/issues/33480,2023-12-22
33291,https://github.com/Expensify/App/issues/33291,Deploy Checklist: New Expensify 2023-12-21,33391,https://github.com/Expensify/App/issues/33391,2023-12-21
33358,https://github.com/Expensify/App/issues/33358,Deploy Checklist: New Expensify 2023-12-21,33391,https://github.com/Expensify/App/issues/33391,2023-12-21
33367,https://github.com/Expensify/App/issues/33367,Deploy Checklist: New Expensify 2023-12-21,33391,https://github.com/Expensify/App/issues/33391,2023-12-21
33410,https://github.com/Expensify/App/issues/33410,Deploy Checklist: New Expensify 2023-12-21,33391,https://github.com/Expensify/App/issues/33391,2023-12-21
33418,https://github.com/Expensify/App/issues/33418,Deploy Checklist: New Expensify 2023-12-21,33391,https://github.com/Expensify/App/issues/33391,2023-12-21
33461,https://github.com/Expensify/App/issues/33461,Deploy Checklist: New Expensify 2023-12-21,33391,https://github.com/Expensify/App/issues/33391,2023-12-21
33101,https://github.com/Expensify/App/issues/33101,Deploy Checklist: New Expensify 2023-12-19,33264,https://github.com/Expensify/App/issues/33264,2023-12-19
33135,https://github.com/Expensify/App/issues/33135,Deploy Checklist: New Expensify 2023-12-19,33264,https://github.com/Expensify/App/issues/33264,2023-12-19
33159,https://github.com/Expensify/App/issues/33159,Deploy Checklist: New Expensify 2023-12-19,33264,https://github.com/Expensify/App/issues/33264,2023-12-19
33277,https://github.com/Expensify/App/issues/33277,Deploy Checklist: New Expensify 2023-12-19,33264,https://github.com/Expensify/App/issues/33264,2023-12-19
33282,https://github.com/Expensify/App/issues/33282,Deploy Checklist: New Expensify 2023-12-19,33264,https://github.com/Expensify/App/issues/33264,2023-12-19
33283,https://github.com/Expensify/App/issues/33283,Deploy Checklist: New Expensify 2023-12-19,33264,https://github.com/Expensify/App/issues/33264,2023-12-19
33284,https://github.com/Expensify/App/issues/33284,Deploy Checklist: New Expensify 2023-12-19,33264,https://github.com/Expensify/App/issues/33264,2023-12-19
33290,https://github.com/Expensify/App/issues/33290,Deploy Checklist: New Expensify 2023-12-19,33264,https://github.com/Expensify/App/issues/33264,2023-12-19
33291,https://github.com/Expensify/App/issues/33291,Deploy Checklist: New Expensify 2023-12-19,33264,https://github.com/Expensify/App/issues/33264,2023-12-19
33292,https://github.com/Expensify/App/issues/33292,Deploy Checklist: New Expensify 2023-12-19,33264,https://github.com/Expensify/App/issues/33264,2023-12-19
33308,https://github.com/Expensify/App/issues/33308,Deploy Checklist: New Expensify 2023-12-19,33264,https://github.com/Expensify/App/issues/33264,2023-12-19
33309,https://github.com/Expensify/App/issues/33309,Deploy Checklist: New Expensify 2023-12-19,33264,https://github.com/Expensify/App/issues/33264,2023-12-19
33311,https://github.com/Expensify/App/issues/33311,Deploy Checklist: New Expensify 2023-12-19,33264,https://github.com/Expensify/App/issues/33264,2023-12-19
33313,https://github.com/Expensify/App/issues/33313,Deploy Checklist: New Expensify 2023-12-19,33264,https://github.com/Expensify/App/issues/33264,2023-12-19
33314,https://github.com/Expensify/App/issues/33314,Deploy Checklist: New Expensify 2023-12-19,33264,https://github.com/Expensify/App/issues/33264,2023-12-19
33322,https://github.com/Expensify/App/issues/33322,Deploy Checklist: New Expensify 2023-12-19,33264,https://github.com/Expensify/App/issues/33264,2023-12-19
33326,https://github.com/Expensify/App/issues/33326,Deploy Checklist: New Expensify 2023-12-19,33264,https://github.com/Expensify/App/issues/33264,2023-12-19
33348,https://github.com/Expensify/App/issues/33348,Deploy Checklist: New Expensify 2023-12-19,33264,https://github.com/Expensify/App/issues/33264,2023-12-19
33354,https://github.com/Expensify/App/issues/33354,Deploy Checklist: New Expensify 2023-12-19,33264,https://github.com/Expensify/App/issues/33264,2023-12-19
33357,https://github.com/Expensify/App/issues/33357,Deploy Checklist: New Expensify 2023-12-19,33264,https://github.com/Expensify/App/issues/33264,2023-12-19
33358,https://github.com/Expensify/App/issues/33358,Deploy Checklist: New Expensify 2023-12-19,33264,https://github.com/Expensify/App/issues/33264,2023-12-19
33367,https://github.com/Expensify/App/issues/33367,Deploy Checklist: New Expensify 2023-12-19,33264,https://github.com/Expensify/App/issues/33264,2023-12-19
32984,https://github.com/Expensify/App/issues/32984,Deploy Checklist: New Expensify 2023-12-14,33072,https://github.com/Expensify/App/issues/33072,2023-12-14
33009,https://github.com/Expensify/App/issues/33009,Deploy Checklist: New Expensify 2023-12-14,33072,https://github.com/Expensify/App/issues/33072,2023-12-14
33073,https://github.com/Expensify/App/issues/33073,Deploy Checklist: New Expensify 2023-12-14,33072,https://github.com/Expensify/App/issues/33072,2023-12-14
33086,https://github.com/Expensify/App/issues/33086,Deploy Checklist: New Expensify 2023-12-14,33072,https://github.com/Expensify/App/issues/33072,2023-12-14
33087,https://github.com/Expensify/App/issues/33087,Deploy Checklist: New Expensify 2023-12-14,33072,https://github.com/Expensify/App/issues/33072,2023-12-14
33092,https://github.com/Expensify/App/issues/33092,Deploy Checklist: New Expensify 2023-12-14,33072,https://github.com/Expensify/App/issues/33072,2023-12-14
33093,https://github.com/Expensify/App/issues/33093,Deploy Checklist: New Expensify 2023-12-14,33072,https://github.com/Expensify/App/issues/33072,2023-12-14
33095,https://github.com/Expensify/App/issues/33095,Deploy Checklist: New Expensify 2023-12-14,33072,https://github.com/Expensify/App/issues/33072,2023-12-14
33098,https://github.com/Expensify/App/issues/33098,Deploy Checklist: New Expensify 2023-12-14,33072,https://github.com/Expensify/App/issues/33072,2023-12-14
33099,https://github.com/Expensify/App/issues/33099,Deploy Checklist: New Expensify 2023-12-14,33072,https://github.com/Expensify/App/issues/33072,2023-12-14
33101,https://github.com/Expensify/App/issues/33101,Deploy Checklist: New Expensify 2023-12-14,33072,https://github.com/Expensify/App/issues/33072,2023-12-14
33102,https://github.com/Expensify/App/issues/33102,Deploy Checklist: New Expensify 2023-12-14,33072,https://github.com/Expensify/App/issues/33072,2023-12-14
33103,https://github.com/Expensify/App/issues/33103,Deploy Checklist: New Expensify 2023-12-14,33072,https://github.com/Expensify/App/issues/33072,2023-12-14
33104,https://github.com/Expensify/App/issues/33104,Deploy Checklist: New Expensify 2023-12-14,33072,https://github.com/Expensify/App/issues/33072,2023-12-14
33105,https://github.com/Expensify/App/issues/33105,Deploy Checklist: New Expensify 2023-12-14,33072,https://github.com/Expensify/App/issues/33072,2023-12-14
33106,https://github.com/Expensify/App/issues/33106,Deploy Checklist: New Expensify 2023-12-14,33072,https://github.com/Expensify/App/issues/33072,2023-12-14
33110,https://github.com/Expensify/App/issues/33110,Deploy Checklist: New Expensify 2023-12-14,33072,https://github.com/Expensify/App/issues/33072,2023-12-14
33116,https://github.com/Expensify/App/issues/33116,Deploy Checklist: New Expensify 2023-12-14,33072,https://github.com/Expensify/App/issues/33072,2023-12-14
33118,https://github.com/Expensify/App/issues/33118,Deploy Checklist: New Expensify 2023-12-14,33072,https://github.com/Expensify/App/issues/33072,2023-12-14
33120,https://github.com/Expensify/App/issues/33120,Deploy Checklist: New Expensify 2023-12-14,33072,https://github.com/Expensify/App/issues/33072,2023-12-14
33121,https://github.com/Expensify/App/issues/33121,Deploy Checklist: New Expensify 2023-12-14,33072,https://github.com/Expensify/App/issues/33072,2023-12-14
33122,https://github.com/Expensify/App/issues/33122,Deploy Checklist: New Expensify 2023-12-14,33072,https://github.com/Expensify/App/issues/33072,2023-12-14
33126,https://github.com/Expensify/App/issues/33126,Deploy Checklist: New Expensify 2023-12-14,33072,https://github.com/Expensify/App/issues/33072,2023-12-14
33128,https://github.com/Expensify/App/issues/33128,Deploy Checklist: New Expensify 2023-12-14,33072,https://github.com/Expensify/App/issues/33072,2023-12-14
33132,https://github.com/Expensify/App/issues/33132,Deploy Checklist: New Expensify 2023-12-14,33072,https://github.com/Expensify/App/issues/33072,2023-12-14
33134,https://github.com/Expensify/App/issues/33134,Deploy Checklist: New Expensify 2023-12-14,33072,https://github.com/Expensify/App/issues/33072,2023-12-14
33135,https://github.com/Expensify/App/issues/33135,Deploy Checklist: New Expensify 2023-12-14,33072,https://github.com/Expensify/App/issues/33072,2023-12-14
33136,https://github.com/Expensify/App/issues/33136,Deploy Checklist: New Expensify 2023-12-14,33072,https://github.com/Expensify/App/issues/33072,2023-12-14
33137,https://github.com/Expensify/App/issues/33137,Deploy Checklist: New Expensify 2023-12-14,33072,https://github.com/Expensify/App/issues/33072,2023-12-14
33138,https://github.com/Expensify/App/issues/33138,Deploy Checklist: New Expensify 2023-12-14,33072,https://github.com/Expensify/App/issues/33072,2023-12-14
33139,https://github.com/Expensify/App/issues/33139,Deploy Checklist: New Expensify 2023-12-14,33072,https://github.com/Expensify/App/issues/33072,2023-12-14
33143,https://github.com/Expensify/App/issues/33143,Deploy Checklist: New Expensify 2023-12-14,33072,https://github.com/Expensify/App/issues/33072,2023-12-14
33146,https://github.com/Expensify/App/issues/33146,Deploy Checklist: New Expensify 2023-12-14,33072,https://github.com/Expensify/App/issues/33072,2023-12-14
33151,https://github.com/Expensify/App/issues/33151,Deploy Checklist: New Expensify 2023-12-14,33072,https://github.com/Expensify/App/issues/33072,2023-12-14
33154,https://github.com/Expensify/App/issues/33154,Deploy Checklist: New Expensify 2023-12-14,33072,https://github.com/Expensify/App/issues/33072,2023-12-14
33159,https://github.com/Expensify/App/issues/33159,Deploy Checklist: New Expensify 2023-12-14,33072,https://github.com/Expensify/App/issues/33072,2023-12-14
33160,https://github.com/Expensify/App/issues/33160,Deploy Checklist: New Expensify 2023-12-14,33072,https://github.com/Expensify/App/issues/33072,2023-12-14
33161,https://github.com/Expensify/App/issues/33161,Deploy Checklist: New Expensify 2023-12-14,33072,https://github.com/Expensify/App/issues/33072,2023-12-14
33163,https://github.com/Expensify/App/issues/33163,Deploy Checklist: New Expensify 2023-12-14,33072,https://github.com/Expensify/App/issues/33072,2023-12-14
33164,https://github.com/Expensify/App/issues/33164,Deploy Checklist: New Expensify 2023-12-14,33072,https://github.com/Expensify/App/issues/33072,2023-12-14
33166,https://github.com/Expensify/App/issues/33166,Deploy Checklist: New Expensify 2023-12-14,33072,https://github.com/Expensify/App/issues/33072,2023-12-14
33168,https://github.com/Expensify/App/issues/33168,Deploy Checklist: New Expensify 2023-12-14,33072,https://github.com/Expensify/App/issues/33072,2023-12-14
32795,https://github.com/Expensify/App/issues/32795,[$500] Deploy Checklist: New Expensify 2023-12-13,32963,https://github.com/Expensify/App/issues/32963,2023-12-13
32906,https://github.com/Expensify/App/issues/32906,[$500] Deploy Checklist: New Expensify 2023-12-13,32963,https://github.com/Expensify/App/issues/32963,2023-12-13
32912,https://github.com/Expensify/App/issues/32912,[$500] Deploy Checklist: New Expensify 2023-12-13,32963,https://github.com/Expensify/App/issues/32963,2023-12-13
32984,https://github.com/Expensify/App/issues/32984,[$500] Deploy Checklist: New Expensify 2023-12-13,32963,https://github.com/Expensify/App/issues/32963,2023-12-13
33009,https://github.com/Expensify/App/issues/33009,[$500] Deploy Checklist: New Expensify 2023-12-13,32963,https://github.com/Expensify/App/issues/32963,2023-12-13
33010,https://github.com/Expensify/App/issues/33010,[$500] Deploy Checklist: New Expensify 2023-12-13,32963,https://github.com/Expensify/App/issues/32963,2023-12-13
32795,https://github.com/Expensify/App/issues/32795,Deploy Checklist: New Expensify 2023-12-11,32794,https://github.com/Expensify/App/issues/32794,2023-12-11
32807,https://github.com/Expensify/App/issues/32807,Deploy Checklist: New Expensify 2023-12-11,32794,https://github.com/Expensify/App/issues/32794,2023-12-11
32808,https://github.com/Expensify/App/issues/32808,Deploy Checklist: New Expensify 2023-12-11,32794,https://github.com/Expensify/App/issues/32794,2023-12-11
32809,https://github.com/Expensify/App/issues/32809,Deploy Checklist: New Expensify 2023-12-11,32794,https://github.com/Expensify/App/issues/32794,2023-12-11
32810,https://github.com/Expensify/App/issues/32810,Deploy Checklist: New Expensify 2023-12-11,32794,https://github.com/Expensify/App/issues/32794,2023-12-11
32811,https://github.com/Expensify/App/issues/32811,Deploy Checklist: New Expensify 2023-12-11,32794,https://github.com/Expensify/App/issues/32794,2023-12-11
32819,https://github.com/Expensify/App/issues/32819,Deploy Checklist: New Expensify 2023-12-11,32794,https://github.com/Expensify/App/issues/32794,2023-12-11
32826,https://github.com/Expensify/App/issues/32826,Deploy Checklist: New Expensify 2023-12-11,32794,https://github.com/Expensify/App/issues/32794,2023-12-11
32829,https://github.com/Expensify/App/issues/32829,Deploy Checklist: New Expensify 2023-12-11,32794,https://github.com/Expensify/App/issues/32794,2023-12-11
32831,https://github.com/Expensify/App/issues/32831,Deploy Checklist: New Expensify 2023-12-11,32794,https://github.com/Expensify/App/issues/32794,2023-12-11
32834,https://github.com/Expensify/App/issues/32834,Deploy Checklist: New Expensify 2023-12-11,32794,https://github.com/Expensify/App/issues/32794,2023-12-11
32836,https://github.com/Expensify/App/issues/32836,Deploy Checklist: New Expensify 2023-12-11,32794,https://github.com/Expensify/App/issues/32794,2023-12-11
32838,https://github.com/Expensify/App/issues/32838,Deploy Checklist: New Expensify 2023-12-11,32794,https://github.com/Expensify/App/issues/32794,2023-12-11
32840,https://github.com/Expensify/App/issues/32840,Deploy Checklist: New Expensify 2023-12-11,32794,https://github.com/Expensify/App/issues/32794,2023-12-11
32844,https://github.com/Expensify/App/issues/32844,Deploy Checklist: New Expensify 2023-12-11,32794,https://github.com/Expensify/App/issues/32794,2023-12-11
32852,https://github.com/Expensify/App/issues/32852,Deploy Checklist: New Expensify 2023-12-11,32794,https://github.com/Expensify/App/issues/32794,2023-12-11
32853,https://github.com/Expensify/App/issues/32853,Deploy Checklist: New Expensify 2023-12-11,32794,https://github.com/Expensify/App/issues/32794,2023-12-11
32855,https://github.com/Expensify/App/issues/32855,Deploy Checklist: New Expensify 2023-12-11,32794,https://github.com/Expensify/App/issues/32794,2023-12-11
32863,https://github.com/Expensify/App/issues/32863,Deploy Checklist: New Expensify 2023-12-11,32794,https://github.com/Expensify/App/issues/32794,2023-12-11
32865,https://github.com/Expensify/App/issues/32865,Deploy Checklist: New Expensify 2023-12-11,32794,https://github.com/Expensify/App/issues/32794,2023-12-11
32867,https://github.com/Expensify/App/issues/32867,Deploy Checklist: New Expensify 2023-12-11,32794,https://github.com/Expensify/App/issues/32794,2023-12-11
32872,https://github.com/Expensify/App/issues/32872,Deploy Checklist: New Expensify 2023-12-11,32794,https://github.com/Expensify/App/issues/32794,2023-12-11
32881,https://github.com/Expensify/App/issues/32881,Deploy Checklist: New Expensify 2023-12-11,32794,https://github.com/Expensify/App/issues/32794,2023-12-11
32882,https://github.com/Expensify/App/issues/32882,Deploy Checklist: New Expensify 2023-12-11,32794,https://github.com/Expensify/App/issues/32794,2023-12-11
32891,https://github.com/Expensify/App/issues/32891,Deploy Checklist: New Expensify 2023-12-11,32794,https://github.com/Expensify/App/issues/32794,2023-12-11
32895,https://github.com/Expensify/App/issues/32895,Deploy Checklist: New Expensify 2023-12-11,32794,https://github.com/Expensify/App/issues/32794,2023-12-11
32906,https://github.com/Expensify/App/issues/32906,Deploy Checklist: New Expensify 2023-12-11,32794,https://github.com/Expensify/App/issues/32794,2023-12-11
32908,https://github.com/Expensify/App/issues/32908,Deploy Checklist: New Expensify 2023-12-11,32794,https://github.com/Expensify/App/issues/32794,2023-12-11
32911,https://github.com/Expensify/App/issues/32911,Deploy Checklist: New Expensify 2023-12-11,32794,https://github.com/Expensify/App/issues/32794,2023-12-11
32912,https://github.com/Expensify/App/issues/32912,Deploy Checklist: New Expensify 2023-12-11,32794,https://github.com/Expensify/App/issues/32794,2023-12-11
32924,https://github.com/Expensify/App/issues/32924,Deploy Checklist: New Expensify 2023-12-11,32794,https://github.com/Expensify/App/issues/32794,2023-12-11
32934,https://github.com/Expensify/App/issues/32934,Deploy Checklist: New Expensify 2023-12-11,32794,https://github.com/Expensify/App/issues/32794,2023-12-11
32635,https://github.com/Expensify/App/issues/32635,Deploy Checklist: New Expensify 2023-12-08,32704,https://github.com/Expensify/App/issues/32704,2023-12-08
32716,https://github.com/Expensify/App/issues/32716,Deploy Checklist: New Expensify 2023-12-08,32704,https://github.com/Expensify/App/issues/32704,2023-12-08
32717,https://github.com/Expensify/App/issues/32717,Deploy Checklist: New Expensify 2023-12-08,32704,https://github.com/Expensify/App/issues/32704,2023-12-08
32719,https://github.com/Expensify/App/issues/32719,Deploy Checklist: New Expensify 2023-12-08,32704,https://github.com/Expensify/App/issues/32704,2023-12-08
32727,https://github.com/Expensify/App/issues/32727,Deploy Checklist: New Expensify 2023-12-08,32704,https://github.com/Expensify/App/issues/32704,2023-12-08
32742,https://github.com/Expensify/App/issues/32742,Deploy Checklist: New Expensify 2023-12-08,32704,https://github.com/Expensify/App/issues/32704,2023-12-08
32783,https://github.com/Expensify/App/issues/32783,Deploy Checklist: New Expensify 2023-12-08,32704,https://github.com/Expensify/App/issues/32704,2023-12-08
32392,https://github.com/Expensify/App/issues/32392,Deploy Checklist: New Expensify 2023-12-06,32589,https://github.com/Expensify/App/issues/32589,2023-12-06
32501,https://github.com/Expensify/App/issues/32501,Deploy Checklist: New Expensify 2023-12-06,32589,https://github.com/Expensify/App/issues/32589,2023-12-06
32591,https://github.com/Expensify/App/issues/32591,Deploy Checklist: New Expensify 2023-12-06,32589,https://github.com/Expensify/App/issues/32589,2023-12-06
32593,https://github.com/Expensify/App/issues/32593,Deploy Checklist: New Expensify 2023-12-06,32589,https://github.com/Expensify/App/issues/32589,2023-12-06
32596,https://github.com/Expensify/App/issues/32596,Deploy Checklist: New Expensify 2023-12-06,32589,https://github.com/Expensify/App/issues/32589,2023-12-06
32597,https://github.com/Expensify/App/issues/32597,Deploy Checklist: New Expensify 2023-12-06,32589,https://github.com/Expensify/App/issues/32589,2023-12-06
32599,https://github.com/Expensify/App/issues/32599,Deploy Checklist: New Expensify 2023-12-06,32589,https://github.com/Expensify/App/issues/32589,2023-12-06
32604,https://github.com/Expensify/App/issues/32604,Deploy Checklist: New Expensify 2023-12-06,32589,https://github.com/Expensify/App/issues/32589,2023-12-06
32608,https://github.com/Expensify/App/issues/32608,Deploy Checklist: New Expensify 2023-12-06,32589,https://github.com/Expensify/App/issues/32589,2023-12-06
32610,https://github.com/Expensify/App/issues/32610,Deploy Checklist: New Expensify 2023-12-06,32589,https://github.com/Expensify/App/issues/32589,2023-12-06
32635,https://github.com/Expensify/App/issues/32635,Deploy Checklist: New Expensify 2023-12-06,32589,https://github.com/Expensify/App/issues/32589,2023-12-06
32644,https://github.com/Expensify/App/issues/32644,Deploy Checklist: New Expensify 2023-12-06,32589,https://github.com/Expensify/App/issues/32589,2023-12-06
32652,https://github.com/Expensify/App/issues/32652,Deploy Checklist: New Expensify 2023-12-06,32589,https://github.com/Expensify/App/issues/32589,2023-12-06
32661,https://github.com/Expensify/App/issues/32661,Deploy Checklist: New Expensify 2023-12-06,32589,https://github.com/Expensify/App/issues/32589,2023-12-06
32680,https://github.com/Expensify/App/issues/32680,Deploy Checklist: New Expensify 2023-12-06,32589,https://github.com/Expensify/App/issues/32589,2023-12-06
32684,https://github.com/Expensify/App/issues/32684,Deploy Checklist: New Expensify 2023-12-06,32589,https://github.com/Expensify/App/issues/32589,2023-12-06
32685,https://github.com/Expensify/App/issues/32685,Deploy Checklist: New Expensify 2023-12-06,32589,https://github.com/Expensify/App/issues/32589,2023-12-06
32694,https://github.com/Expensify/App/issues/32694,Deploy Checklist: New Expensify 2023-12-06,32589,https://github.com/Expensify/App/issues/32589,2023-12-06
32695,https://github.com/Expensify/App/issues/32695,Deploy Checklist: New Expensify 2023-12-06,32589,https://github.com/Expensify/App/issues/32589,2023-12-06
32392,https://github.com/Expensify/App/issues/32392,Deploy Checklist: New Expensify 2023-12-05,32463,https://github.com/Expensify/App/issues/32463,2023-12-05
32482,https://github.com/Expensify/App/issues/32482,Deploy Checklist: New Expensify 2023-12-05,32463,https://github.com/Expensify/App/issues/32463,2023-12-05
32487,https://github.com/Expensify/App/issues/32487,Deploy Checklist: New Expensify 2023-12-05,32463,https://github.com/Expensify/App/issues/32463,2023-12-05
32501,https://github.com/Expensify/App/issues/32501,Deploy Checklist: New Expensify 2023-12-05,32463,https://github.com/Expensify/App/issues/32463,2023-12-05
32504,https://github.com/Expensify/App/issues/32504,Deploy Checklist: New Expensify 2023-12-05,32463,https://github.com/Expensify/App/issues/32463,2023-12-05
32514,https://github.com/Expensify/App/issues/32514,Deploy Checklist: New Expensify 2023-12-05,32463,https://github.com/Expensify/App/issues/32463,2023-12-05
32517,https://github.com/Expensify/App/issues/32517,Deploy Checklist: New Expensify 2023-12-05,32463,https://github.com/Expensify/App/issues/32463,2023-12-05
32521,https://github.com/Expensify/App/issues/32521,Deploy Checklist: New Expensify 2023-12-05,32463,https://github.com/Expensify/App/issues/32463,2023-12-05
32535,https://github.com/Expensify/App/issues/32535,Deploy Checklist: New Expensify 2023-12-05,32463,https://github.com/Expensify/App/issues/32463,2023-12-05
32538,https://github.com/Expensify/App/issues/32538,Deploy Checklist: New Expensify 2023-12-05,32463,https://github.com/Expensify/App/issues/32463,2023-12-05
32377,https://github.com/Expensify/App/issues/32377,Deploy Checklist: New Expensify 2023-12-01,32342,https://github.com/Expensify/App/issues/32342,2023-12-01
32378,https://github.com/Expensify/App/issues/32378,Deploy Checklist: New Expensify 2023-12-01,32342,https://github.com/Expensify/App/issues/32342,2023-12-01
32379,https://github.com/Expensify/App/issues/32379,Deploy Checklist: New Expensify 2023-12-01,32342,https://github.com/Expensify/App/issues/32342,2023-12-01
32380,https://github.com/Expensify/App/issues/32380,Deploy Checklist: New Expensify 2023-12-01,32342,https://github.com/Expensify/App/issues/32342,2023-12-01
32382,https://github.com/Expensify/App/issues/32382,Deploy Checklist: New Expensify 2023-12-01,32342,https://github.com/Expensify/App/issues/32342,2023-12-01
32386,https://github.com/Expensify/App/issues/32386,Deploy Checklist: New Expensify 2023-12-01,32342,https://github.com/Expensify/App/issues/32342,2023-12-01
32392,https://github.com/Expensify/App/issues/32392,Deploy Checklist: New Expensify 2023-12-01,32342,https://github.com/Expensify/App/issues/32342,2023-12-01
32398,https://github.com/Expensify/App/issues/32398,Deploy Checklist: New Expensify 2023-12-01,32342,https://github.com/Expensify/App/issues/32342,2023-12-01
32399,https://github.com/Expensify/App/issues/32399,Deploy Checklist: New Expensify 2023-12-01,32342,https://github.com/Expensify/App/issues/32342,2023-12-01
32402,https://github.com/Expensify/App/issues/32402,Deploy Checklist: New Expensify 2023-12-01,32342,https://github.com/Expensify/App/issues/32342,2023-12-01
32406,https://github.com/Expensify/App/issues/32406,Deploy Checklist: New Expensify 2023-12-01,32342,https://github.com/Expensify/App/issues/32342,2023-12-01
32407,https://github.com/Expensify/App/issues/32407,Deploy Checklist: New Expensify 2023-12-01,32342,https://github.com/Expensify/App/issues/32342,2023-12-01
32182,https://github.com/Expensify/App/issues/32182,Deploy Checklist: New Expensify 2023-11-30,32266,https://github.com/Expensify/App/issues/32266,2023-11-30
32271,https://github.com/Expensify/App/issues/32271,Deploy Checklist: New Expensify 2023-11-30,32266,https://github.com/Expensify/App/issues/32266,2023-11-30
32286,https://github.com/Expensify/App/issues/32286,Deploy Checklist: New Expensify 2023-11-30,32266,https://github.com/Expensify/App/issues/32266,2023-11-30
32289,https://github.com/Expensify/App/issues/32289,Deploy Checklist: New Expensify 2023-11-30,32266,https://github.com/Expensify/App/issues/32266,2023-11-30
32299,https://github.com/Expensify/App/issues/32299,Deploy Checklist: New Expensify 2023-11-30,32266,https://github.com/Expensify/App/issues/32266,2023-11-30
32302,https://github.com/Expensify/App/issues/32302,Deploy Checklist: New Expensify 2023-11-30,32266,https://github.com/Expensify/App/issues/32266,2023-11-30
32181,https://github.com/Expensify/App/issues/32181,Deploy Checklist: New Expensify 2023-11-29,32175,https://github.com/Expensify/App/issues/32175,2023-11-29
32182,https://github.com/Expensify/App/issues/32182,Deploy Checklist: New Expensify 2023-11-29,32175,https://github.com/Expensify/App/issues/32175,2023-11-29
32183,https://github.com/Expensify/App/issues/32183,Deploy Checklist: New Expensify 2023-11-29,32175,https://github.com/Expensify/App/issues/32175,2023-11-29
32214,https://github.com/Expensify/App/issues/32214,Deploy Checklist: New Expensify 2023-11-29,32175,https://github.com/Expensify/App/issues/32175,2023-11-29
32218,https://github.com/Expensify/App/issues/32218,Deploy Checklist: New Expensify 2023-11-29,32175,https://github.com/Expensify/App/issues/32175,2023-11-29
32241,https://github.com/Expensify/App/issues/32241,Deploy Checklist: New Expensify 2023-11-29,32175,https://github.com/Expensify/App/issues/32175,2023-11-29
32077,https://github.com/Expensify/App/issues/32077,Deploy Checklist: New Expensify 2023-11-27,32066,https://github.com/Expensify/App/issues/32066,2023-11-27
32080,https://github.com/Expensify/App/issues/32080,Deploy Checklist: New Expensify 2023-11-27,32066,https://github.com/Expensify/App/issues/32066,2023-11-27
32082,https://github.com/Expensify/App/issues/32082,Deploy Checklist: New Expensify 2023-11-27,32066,https://github.com/Expensify/App/issues/32066,2023-11-27
32083,https://github.com/Expensify/App/issues/32083,Deploy Checklist: New Expensify 2023-11-27,32066,https://github.com/Expensify/App/issues/32066,2023-11-27
32085,https://github.com/Expensify/App/issues/32085,Deploy Checklist: New Expensify 2023-11-27,32066,https://github.com/Expensify/App/issues/32066,2023-11-27
32086,https://github.com/Expensify/App/issues/32086,Deploy Checklist: New Expensify 2023-11-27,32066,https://github.com/Expensify/App/issues/32066,2023-11-27
32104,https://github.com/Expensify/App/issues/32104,Deploy Checklist: New Expensify 2023-11-27,32066,https://github.com/Expensify/App/issues/32066,2023-11-27
32111,https://github.com/Expensify/App/issues/32111,Deploy Checklist: New Expensify 2023-11-27,32066,https://github.com/Expensify/App/issues/32066,2023-11-27
32112,https://github.com/Expensify/App/issues/32112,Deploy Checklist: New Expensify 2023-11-27,32066,https://github.com/Expensify/App/issues/32066,2023-11-27
32118,https://github.com/Expensify/App/issues/32118,Deploy Checklist: New Expensify 2023-11-27,32066,https://github.com/Expensify/App/issues/32066,2023-11-27
32119,https://github.com/Expensify/App/issues/32119,Deploy Checklist: New Expensify 2023-11-27,32066,https://github.com/Expensify/App/issues/32066,2023-11-27
32121,https://github.com/Expensify/App/issues/32121,Deploy Checklist: New Expensify 2023-11-27,32066,https://github.com/Expensify/App/issues/32066,2023-11-27
32122,https://github.com/Expensify/App/issues/32122,Deploy Checklist: New Expensify 2023-11-27,32066,https://github.com/Expensify/App/issues/32066,2023-11-27
32126,https://github.com/Expensify/App/issues/32126,Deploy Checklist: New Expensify 2023-11-27,32066,https://github.com/Expensify/App/issues/32066,2023-11-27
31792,https://github.com/Expensify/App/issues/31792,Deploy Checklist: New Expensify 2023-11-23,31786,https://github.com/Expensify/App/issues/31786,2023-11-23
31795,https://github.com/Expensify/App/issues/31795,Deploy Checklist: New Expensify 2023-11-23,31786,https://github.com/Expensify/App/issues/31786,2023-11-23
31797,https://github.com/Expensify/App/issues/31797,Deploy Checklist: New Expensify 2023-11-23,31786,https://github.com/Expensify/App/issues/31786,2023-11-23
31803,https://github.com/Expensify/App/issues/31803,Deploy Checklist: New Expensify 2023-11-23,31786,https://github.com/Expensify/App/issues/31786,2023-11-23
31805,https://github.com/Expensify/App/issues/31805,Deploy Checklist: New Expensify 2023-11-23,31786,https://github.com/Expensify/App/issues/31786,2023-11-23
31814,https://github.com/Expensify/App/issues/31814,Deploy Checklist: New Expensify 2023-11-23,31786,https://github.com/Expensify/App/issues/31786,2023-11-23
31829,https://github.com/Expensify/App/issues/31829,Deploy Checklist: New Expensify 2023-11-23,31786,https://github.com/Expensify/App/issues/31786,2023-11-23
31830,https://github.com/Expensify/App/issues/31830,Deploy Checklist: New Expensify 2023-11-23,31786,https://github.com/Expensify/App/issues/31786,2023-11-23
31833,https://github.com/Expensify/App/issues/31833,Deploy Checklist: New Expensify 2023-11-23,31786,https://github.com/Expensify/App/issues/31786,2023-11-23
31834,https://github.com/Expensify/App/issues/31834,Deploy Checklist: New Expensify 2023-11-23,31786,https://github.com/Expensify/App/issues/31786,2023-11-23
31836,https://github.com/Expensify/App/issues/31836,Deploy Checklist: New Expensify 2023-11-23,31786,https://github.com/Expensify/App/issues/31786,2023-11-23
31837,https://github.com/Expensify/App/issues/31837,Deploy Checklist: New Expensify 2023-11-23,31786,https://github.com/Expensify/App/issues/31786,2023-11-23
31838,https://github.com/Expensify/App/issues/31838,Deploy Checklist: New Expensify 2023-11-23,31786,https://github.com/Expensify/App/issues/31786,2023-11-23
31839,https://github.com/Expensify/App/issues/31839,Deploy Checklist: New Expensify 2023-11-23,31786,https://github.com/Expensify/App/issues/31786,2023-11-23
31840,https://github.com/Expensify/App/issues/31840,Deploy Checklist: New Expensify 2023-11-23,31786,https://github.com/Expensify/App/issues/31786,2023-11-23
31844,https://github.com/Expensify/App/issues/31844,Deploy Checklist: New Expensify 2023-11-23,31786,https://github.com/Expensify/App/issues/31786,2023-11-23
31848,https://github.com/Expensify/App/issues/31848,Deploy Checklist: New Expensify 2023-11-23,31786,https://github.com/Expensify/App/issues/31786,2023-11-23
31867,https://github.com/Expensify/App/issues/31867,Deploy Checklist: New Expensify 2023-11-23,31786,https://github.com/Expensify/App/issues/31786,2023-11-23
31871,https://github.com/Expensify/App/issues/31871,Deploy Checklist: New Expensify 2023-11-23,31786,https://github.com/Expensify/App/issues/31786,2023-11-23
31892,https://github.com/Expensify/App/issues/31892,Deploy Checklist: New Expensify 2023-11-23,31786,https://github.com/Expensify/App/issues/31786,2023-11-23
31909,https://github.com/Expensify/App/issues/31909,Deploy Checklist: New Expensify 2023-11-23,31786,https://github.com/Expensify/App/issues/31786,2023-11-23
31917,https://github.com/Expensify/App/issues/31917,Deploy Checklist: New Expensify 2023-11-23,31786,https://github.com/Expensify/App/issues/31786,2023-11-23
31687,https://github.com/Expensify/App/issues/31687,Deploy Checklist: New Expensify 2023-11-22,31667,https://github.com/Expensify/App/issues/31667,2023-11-22
31688,https://github.com/Expensify/App/issues/31688,Deploy Checklist: New Expensify 2023-11-22,31667,https://github.com/Expensify/App/issues/31667,2023-11-22
31690,https://github.com/Expensify/App/issues/31690,Deploy Checklist: New Expensify 2023-11-22,31667,https://github.com/Expensify/App/issues/31667,2023-11-22
31704,https://github.com/Expensify/App/issues/31704,Deploy Checklist: New Expensify 2023-11-22,31667,https://github.com/Expensify/App/issues/31667,2023-11-22
31725,https://github.com/Expensify/App/issues/31725,Deploy Checklist: New Expensify 2023-11-22,31667,https://github.com/Expensify/App/issues/31667,2023-11-22
31734,https://github.com/Expensify/App/issues/31734,Deploy Checklist: New Expensify 2023-11-22,31667,https://github.com/Expensify/App/issues/31667,2023-11-22
31745,https://github.com/Expensify/App/issues/31745,Deploy Checklist: New Expensify 2023-11-22,31667,https://github.com/Expensify/App/issues/31667,2023-11-22
31749,https://github.com/Expensify/App/issues/31749,Deploy Checklist: New Expensify 2023-11-22,31667,https://github.com/Expensify/App/issues/31667,2023-11-22
31751,https://github.com/Expensify/App/issues/31751,Deploy Checklist: New Expensify 2023-11-22,31667,https://github.com/Expensify/App/issues/31667,2023-11-22
31752,https://github.com/Expensify/App/issues/31752,Deploy Checklist: New Expensify 2023-11-22,31667,https://github.com/Expensify/App/issues/31667,2023-11-22
31755,https://github.com/Expensify/App/issues/31755,Deploy Checklist: New Expensify 2023-11-22,31667,https://github.com/Expensify/App/issues/31667,2023-11-22
31760,https://github.com/Expensify/App/issues/31760,Deploy Checklist: New Expensify 2023-11-22,31667,https://github.com/Expensify/App/issues/31667,2023-11-22
31763,https://github.com/Expensify/App/issues/31763,Deploy Checklist: New Expensify 2023-11-22,31667,https://github.com/Expensify/App/issues/31667,2023-11-22
31567,https://github.com/Expensify/App/issues/31567,Deploy Checklist: New Expensify 2023-11-20,31556,https://github.com/Expensify/App/issues/31556,2023-11-20
31572,https://github.com/Expensify/App/issues/31572,Deploy Checklist: New Expensify 2023-11-20,31556,https://github.com/Expensify/App/issues/31556,2023-11-20
31578,https://github.com/Expensify/App/issues/31578,Deploy Checklist: New Expensify 2023-11-20,31556,https://github.com/Expensify/App/issues/31556,2023-11-20
31580,https://github.com/Expensify/App/issues/31580,Deploy Checklist: New Expensify 2023-11-20,31556,https://github.com/Expensify/App/issues/31556,2023-11-20
31581,https://github.com/Expensify/App/issues/31581,Deploy Checklist: New Expensify 2023-11-20,31556,https://github.com/Expensify/App/issues/31556,2023-11-20
31592,https://github.com/Expensify/App/issues/31592,Deploy Checklist: New Expensify 2023-11-20,31556,https://github.com/Expensify/App/issues/31556,2023-11-20
31610,https://github.com/Expensify/App/issues/31610,Deploy Checklist: New Expensify 2023-11-20,31556,https://github.com/Expensify/App/issues/31556,2023-11-20
31612,https://github.com/Expensify/App/issues/31612,Deploy Checklist: New Expensify 2023-11-20,31556,https://github.com/Expensify/App/issues/31556,2023-11-20
31617,https://github.com/Expensify/App/issues/31617,Deploy Checklist: New Expensify 2023-11-20,31556,https://github.com/Expensify/App/issues/31556,2023-11-20
31623,https://github.com/Expensify/App/issues/31623,Deploy Checklist: New Expensify 2023-11-20,31556,https://github.com/Expensify/App/issues/31556,2023-11-20
31625,https://github.com/Expensify/App/issues/31625,Deploy Checklist: New Expensify 2023-11-20,31556,https://github.com/Expensify/App/issues/31556,2023-11-20
31628,https://github.com/Expensify/App/issues/31628,Deploy Checklist: New Expensify 2023-11-20,31556,https://github.com/Expensify/App/issues/31556,2023-11-20
31639,https://github.com/Expensify/App/issues/31639,Deploy Checklist: New Expensify 2023-11-20,31556,https://github.com/Expensify/App/issues/31556,2023-11-20
31654,https://github.com/Expensify/App/issues/31654,Deploy Checklist: New Expensify 2023-11-20,31556,https://github.com/Expensify/App/issues/31556,2023-11-20
27123,https://github.com/Expensify/App/issues/27123,Deploy Checklist: New Expensify 2023-11-15,31404,https://github.com/Expensify/App/issues/31404,2023-11-15
31407,https://github.com/Expensify/App/issues/31407,Deploy Checklist: New Expensify 2023-11-15,31404,https://github.com/Expensify/App/issues/31404,2023-11-15
31413,https://github.com/Expensify/App/issues/31413,Deploy Checklist: New Expensify 2023-11-15,31404,https://github.com/Expensify/App/issues/31404,2023-11-15
31418,https://github.com/Expensify/App/issues/31418,Deploy Checklist: New Expensify 2023-11-15,31404,https://github.com/Expensify/App/issues/31404,2023-11-15
31426,https://github.com/Expensify/App/issues/31426,Deploy Checklist: New Expensify 2023-11-15,31404,https://github.com/Expensify/App/issues/31404,2023-11-15
31431,https://github.com/Expensify/App/issues/31431,Deploy Checklist: New Expensify 2023-11-15,31404,https://github.com/Expensify/App/issues/31404,2023-11-15
31434,https://github.com/Expensify/App/issues/31434,Deploy Checklist: New Expensify 2023-11-15,31404,https://github.com/Expensify/App/issues/31404,2023-11-15
31463,https://github.com/Expensify/App/issues/31463,Deploy Checklist: New Expensify 2023-11-15,31404,https://github.com/Expensify/App/issues/31404,2023-11-15
31542,https://github.com/Expensify/App/issues/31542,Deploy Checklist: New Expensify 2023-11-15,31404,https://github.com/Expensify/App/issues/31404,2023-11-15
31350,https://github.com/Expensify/App/issues/31350,Deploy Checklist: New Expensify 2023-11-14,31324,https://github.com/Expensify/App/issues/31324,2023-11-14
31188,https://github.com/Expensify/App/issues/31188,Deploy Checklist: New Expensify 2023-11-10,31187,https://github.com/Expensify/App/issues/31187,2023-11-10
31190,https://github.com/Expensify/App/issues/31190,Deploy Checklist: New Expensify 2023-11-10,31187,https://github.com/Expensify/App/issues/31187,2023-11-10
31191,https://github.com/Expensify/App/issues/31191,Deploy Checklist: New Expensify 2023-11-10,31187,https://github.com/Expensify/App/issues/31187,2023-11-10
31192,https://github.com/Expensify/App/issues/31192,Deploy Checklist: New Expensify 2023-11-10,31187,https://github.com/Expensify/App/issues/31187,2023-11-10
31196,https://github.com/Expensify/App/issues/31196,Deploy Checklist: New Expensify 2023-11-10,31187,https://github.com/Expensify/App/issues/31187,2023-11-10
31199,https://github.com/Expensify/App/issues/31199,Deploy Checklist: New Expensify 2023-11-10,31187,https://github.com/Expensify/App/issues/31187,2023-11-10
31207,https://github.com/Expensify/App/issues/31207,Deploy Checklist: New Expensify 2023-11-10,31187,https://github.com/Expensify/App/issues/31187,2023-11-10
31212,https://github.com/Expensify/App/issues/31212,Deploy Checklist: New Expensify 2023-11-10,31187,https://github.com/Expensify/App/issues/31187,2023-11-10
31217,https://github.com/Expensify/App/issues/31217,Deploy Checklist: New Expensify 2023-11-10,31187,https://github.com/Expensify/App/issues/31187,2023-11-10
31222,https://github.com/Expensify/App/issues/31222,Deploy Checklist: New Expensify 2023-11-10,31187,https://github.com/Expensify/App/issues/31187,2023-11-10
31226,https://github.com/Expensify/App/issues/31226,Deploy Checklist: New Expensify 2023-11-10,31187,https://github.com/Expensify/App/issues/31187,2023-11-10
31236,https://github.com/Expensify/App/issues/31236,Deploy Checklist: New Expensify 2023-11-10,31187,https://github.com/Expensify/App/issues/31187,2023-11-10
31237,https://github.com/Expensify/App/issues/31237,Deploy Checklist: New Expensify 2023-11-10,31187,https://github.com/Expensify/App/issues/31187,2023-11-10
31238,https://github.com/Expensify/App/issues/31238,Deploy Checklist: New Expensify 2023-11-10,31187,https://github.com/Expensify/App/issues/31187,2023-11-10
31240,https://github.com/Expensify/App/issues/31240,Deploy Checklist: New Expensify 2023-11-10,31187,https://github.com/Expensify/App/issues/31187,2023-11-10
31069,https://github.com/Expensify/App/issues/31069,Deploy Checklist: New Expensify 2023-11-08,31077,https://github.com/Expensify/App/issues/31077,2023-11-08
31078,https://github.com/Expensify/App/issues/31078,Deploy Checklist: New Expensify 2023-11-08,31077,https://github.com/Expensify/App/issues/31077,2023-11-08
31080,https://github.com/Expensify/App/issues/31080,Deploy Checklist: New Expensify 2023-11-08,31077,https://github.com/Expensify/App/issues/31077,2023-11-08
31085,https://github.com/Expensify/App/issues/31085,Deploy Checklist: New Expensify 2023-11-08,31077,https://github.com/Expensify/App/issues/31077,2023-11-08
31086,https://github.com/Expensify/App/issues/31086,Deploy Checklist: New Expensify 2023-11-08,31077,https://github.com/Expensify/App/issues/31077,2023-11-08
31091,https://github.com/Expensify/App/issues/31091,Deploy Checklist: New Expensify 2023-11-08,31077,https://github.com/Expensify/App/issues/31077,2023-11-08
31098,https://github.com/Expensify/App/issues/31098,Deploy Checklist: New Expensify 2023-11-08,31077,https://github.com/Expensify/App/issues/31077,2023-11-08
31101,https://github.com/Expensify/App/issues/31101,Deploy Checklist: New Expensify 2023-11-08,31077,https://github.com/Expensify/App/issues/31077,2023-11-08
31103,https://github.com/Expensify/App/issues/31103,Deploy Checklist: New Expensify 2023-11-08,31077,https://github.com/Expensify/App/issues/31077,2023-11-08
31106,https://github.com/Expensify/App/issues/31106,Deploy Checklist: New Expensify 2023-11-08,31077,https://github.com/Expensify/App/issues/31077,2023-11-08
31108,https://github.com/Expensify/App/issues/31108,Deploy Checklist: New Expensify 2023-11-08,31077,https://github.com/Expensify/App/issues/31077,2023-11-08
31114,https://github.com/Expensify/App/issues/31114,Deploy Checklist: New Expensify 2023-11-08,31077,https://github.com/Expensify/App/issues/31077,2023-11-08
31119,https://github.com/Expensify/App/issues/31119,Deploy Checklist: New Expensify 2023-11-08,31077,https://github.com/Expensify/App/issues/31077,2023-11-08
31120,https://github.com/Expensify/App/issues/31120,Deploy Checklist: New Expensify 2023-11-08,31077,https://github.com/Expensify/App/issues/31077,2023-11-08
31132,https://github.com/Expensify/App/issues/31132,Deploy Checklist: New Expensify 2023-11-08,31077,https://github.com/Expensify/App/issues/31077,2023-11-08
31139,https://github.com/Expensify/App/issues/31139,Deploy Checklist: New Expensify 2023-11-08,31077,https://github.com/Expensify/App/issues/31077,2023-11-08
31143,https://github.com/Expensify/App/issues/31143,Deploy Checklist: New Expensify 2023-11-08,31077,https://github.com/Expensify/App/issues/31077,2023-11-08
31147,https://github.com/Expensify/App/issues/31147,Deploy Checklist: New Expensify 2023-11-08,31077,https://github.com/Expensify/App/issues/31077,2023-11-08
31149,https://github.com/Expensify/App/issues/31149,Deploy Checklist: New Expensify 2023-11-08,31077,https://github.com/Expensify/App/issues/31077,2023-11-08
31159,https://github.com/Expensify/App/issues/31159,Deploy Checklist: New Expensify 2023-11-08,31077,https://github.com/Expensify/App/issues/31077,2023-11-08
31166,https://github.com/Expensify/App/issues/31166,Deploy Checklist: New Expensify 2023-11-08,31077,https://github.com/Expensify/App/issues/31077,2023-11-08
30871,https://github.com/Expensify/App/issues/30871,Deploy Checklist: New Expensify 2023-11-06,30929,https://github.com/Expensify/App/issues/30929,2023-11-06
30932,https://github.com/Expensify/App/issues/30932,Deploy Checklist: New Expensify 2023-11-06,30929,https://github.com/Expensify/App/issues/30929,2023-11-06
30933,https://github.com/Expensify/App/issues/30933,Deploy Checklist: New Expensify 2023-11-06,30929,https://github.com/Expensify/App/issues/30929,2023-11-06
30934,https://github.com/Expensify/App/issues/30934,Deploy Checklist: New Expensify 2023-11-06,30929,https://github.com/Expensify/App/issues/30929,2023-11-06
30935,https://github.com/Expensify/App/issues/30935,Deploy Checklist: New Expensify 2023-11-06,30929,https://github.com/Expensify/App/issues/30929,2023-11-06
30936,https://github.com/Expensify/App/issues/30936,Deploy Checklist: New Expensify 2023-11-06,30929,https://github.com/Expensify/App/issues/30929,2023-11-06
30945,https://github.com/Expensify/App/issues/30945,Deploy Checklist: New Expensify 2023-11-06,30929,https://github.com/Expensify/App/issues/30929,2023-11-06
30947,https://github.com/Expensify/App/issues/30947,Deploy Checklist: New Expensify 2023-11-06,30929,https://github.com/Expensify/App/issues/30929,2023-11-06
30949,https://github.com/Expensify/App/issues/30949,Deploy Checklist: New Expensify 2023-11-06,30929,https://github.com/Expensify/App/issues/30929,2023-11-06
30950,https://github.com/Expensify/App/issues/30950,Deploy Checklist: New Expensify 2023-11-06,30929,https://github.com/Expensify/App/issues/30929,2023-11-06
30952,https://github.com/Expensify/App/issues/30952,Deploy Checklist: New Expensify 2023-11-06,30929,https://github.com/Expensify/App/issues/30929,2023-11-06
30976,https://github.com/Expensify/App/issues/30976,Deploy Checklist: New Expensify 2023-11-06,30929,https://github.com/Expensify/App/issues/30929,2023-11-06
30977,https://github.com/Expensify/App/issues/30977,Deploy Checklist: New Expensify 2023-11-06,30929,https://github.com/Expensify/App/issues/30929,2023-11-06
30979,https://github.com/Expensify/App/issues/30979,Deploy Checklist: New Expensify 2023-11-06,30929,https://github.com/Expensify/App/issues/30929,2023-11-06
30983,https://github.com/Expensify/App/issues/30983,Deploy Checklist: New Expensify 2023-11-06,30929,https://github.com/Expensify/App/issues/30929,2023-11-06
30988,https://github.com/Expensify/App/issues/30988,Deploy Checklist: New Expensify 2023-11-06,30929,https://github.com/Expensify/App/issues/30929,2023-11-06
30991,https://github.com/Expensify/App/issues/30991,Deploy Checklist: New Expensify 2023-11-06,30929,https://github.com/Expensify/App/issues/30929,2023-11-06
30992,https://github.com/Expensify/App/issues/30992,Deploy Checklist: New Expensify 2023-11-06,30929,https://github.com/Expensify/App/issues/30929,2023-11-06
30998,https://github.com/Expensify/App/issues/30998,Deploy Checklist: New Expensify 2023-11-06,30929,https://github.com/Expensify/App/issues/30929,2023-11-06
31000,https://github.com/Expensify/App/issues/31000,Deploy Checklist: New Expensify 2023-11-06,30929,https://github.com/Expensify/App/issues/30929,2023-11-06
31006,https://github.com/Expensify/App/issues/31006,Deploy Checklist: New Expensify 2023-11-06,30929,https://github.com/Expensify/App/issues/30929,2023-11-06
31027,https://github.com/Expensify/App/issues/31027,Deploy Checklist: New Expensify 2023-11-06,30929,https://github.com/Expensify/App/issues/30929,2023-11-06
31028,https://github.com/Expensify/App/issues/31028,Deploy Checklist: New Expensify 2023-11-06,30929,https://github.com/Expensify/App/issues/30929,2023-11-06
31062,https://github.com/Expensify/App/issues/31062,Deploy Checklist: New Expensify 2023-11-06,30929,https://github.com/Expensify/App/issues/30929,2023-11-06
31075,https://github.com/Expensify/App/issues/31075,Deploy Checklist: New Expensify 2023-11-06,30929,https://github.com/Expensify/App/issues/30929,2023-11-06
30775,https://github.com/Expensify/App/issues/30775,Deploy Checklist: New Expensify 2023-11-02,30752,https://github.com/Expensify/App/issues/30752,2023-11-02
30781,https://github.com/Expensify/App/issues/30781,Deploy Checklist: New Expensify 2023-11-02,30752,https://github.com/Expensify/App/issues/30752,2023-11-02
30792,https://github.com/Expensify/App/issues/30792,Deploy Checklist: New Expensify 2023-11-02,30752,https://github.com/Expensify/App/issues/30752,2023-11-02
30796,https://github.com/Expensify/App/issues/30796,Deploy Checklist: New Expensify 2023-11-02,30752,https://github.com/Expensify/App/issues/30752,2023-11-02
30798,https://github.com/Expensify/App/issues/30798,Deploy Checklist: New Expensify 2023-11-02,30752,https://github.com/Expensify/App/issues/30752,2023-11-02
30804,https://github.com/Expensify/App/issues/30804,Deploy Checklist: New Expensify 2023-11-02,30752,https://github.com/Expensify/App/issues/30752,2023-11-02
30807,https://github.com/Expensify/App/issues/30807,Deploy Checklist: New Expensify 2023-11-02,30752,https://github.com/Expensify/App/issues/30752,2023-11-02
30824,https://github.com/Expensify/App/issues/30824,Deploy Checklist: New Expensify 2023-11-02,30752,https://github.com/Expensify/App/issues/30752,2023-11-02
30840,https://github.com/Expensify/App/issues/30840,Deploy Checklist: New Expensify 2023-11-02,30752,https://github.com/Expensify/App/issues/30752,2023-11-02
30846,https://github.com/Expensify/App/issues/30846,Deploy Checklist: New Expensify 2023-11-02,30752,https://github.com/Expensify/App/issues/30752,2023-11-02
30847,https://github.com/Expensify/App/issues/30847,Deploy Checklist: New Expensify 2023-11-02,30752,https://github.com/Expensify/App/issues/30752,2023-11-02
30848,https://github.com/Expensify/App/issues/30848,Deploy Checklist: New Expensify 2023-11-02,30752,https://github.com/Expensify/App/issues/30752,2023-11-02
30861,https://github.com/Expensify/App/issues/30861,Deploy Checklist: New Expensify 2023-11-02,30752,https://github.com/Expensify/App/issues/30752,2023-11-02
30871,https://github.com/Expensify/App/issues/30871,Deploy Checklist: New Expensify 2023-11-02,30752,https://github.com/Expensify/App/issues/30752,2023-11-02
30666,https://github.com/Expensify/App/issues/30666,Deploy Checklist: New Expensify 2023-10-31,30662,https://github.com/Expensify/App/issues/30662,2023-10-31
30684,https://github.com/Expensify/App/issues/30684,Deploy Checklist: New Expensify 2023-10-31,30662,https://github.com/Expensify/App/issues/30662,2023-10-31
30696,https://github.com/Expensify/App/issues/30696,Deploy Checklist: New Expensify 2023-10-31,30662,https://github.com/Expensify/App/issues/30662,2023-10-31
30703,https://github.com/Expensify/App/issues/30703,Deploy Checklist: New Expensify 2023-10-31,30662,https://github.com/Expensify/App/issues/30662,2023-10-31
30729,https://github.com/Expensify/App/issues/30729,Deploy Checklist: New Expensify 2023-10-31,30662,https://github.com/Expensify/App/issues/30662,2023-10-31
30546,https://github.com/Expensify/App/issues/30546,Deploy Checklist: New Expensify 2023-10-30,30560,https://github.com/Expensify/App/issues/30560,2023-10-30
30578,https://github.com/Expensify/App/issues/30578,Deploy Checklist: New Expensify 2023-10-30,30560,https://github.com/Expensify/App/issues/30560,2023-10-30
30583,https://github.com/Expensify/App/issues/30583,Deploy Checklist: New Expensify 2023-10-30,30560,https://github.com/Expensify/App/issues/30560,2023-10-30
30587,https://github.com/Expensify/App/issues/30587,Deploy Checklist: New Expensify 2023-10-30,30560,https://github.com/Expensify/App/issues/30560,2023-10-30
30588,https://github.com/Expensify/App/issues/30588,Deploy Checklist: New Expensify 2023-10-30,30560,https://github.com/Expensify/App/issues/30560,2023-10-30
30592,https://github.com/Expensify/App/issues/30592,Deploy Checklist: New Expensify 2023-10-30,30560,https://github.com/Expensify/App/issues/30560,2023-10-30
30593,https://github.com/Expensify/App/issues/30593,Deploy Checklist: New Expensify 2023-10-30,30560,https://github.com/Expensify/App/issues/30560,2023-10-30
30594,https://github.com/Expensify/App/issues/30594,Deploy Checklist: New Expensify 2023-10-30,30560,https://github.com/Expensify/App/issues/30560,2023-10-30
30596,https://github.com/Expensify/App/issues/30596,Deploy Checklist: New Expensify 2023-10-30,30560,https://github.com/Expensify/App/issues/30560,2023-10-30
30607,https://github.com/Expensify/App/issues/30607,Deploy Checklist: New Expensify 2023-10-30,30560,https://github.com/Expensify/App/issues/30560,2023-10-30
30610,https://github.com/Expensify/App/issues/30610,Deploy Checklist: New Expensify 2023-10-30,30560,https://github.com/Expensify/App/issues/30560,2023-10-30
30644,https://github.com/Expensify/App/issues/30644,Deploy Checklist: New Expensify 2023-10-30,30560,https://github.com/Expensify/App/issues/30560,2023-10-30
30394,https://github.com/Expensify/App/issues/30394,Deploy Checklist: New Expensify 2023-10-26,30469,https://github.com/Expensify/App/issues/30469,2023-10-26
30489,https://github.com/Expensify/App/issues/30489,Deploy Checklist: New Expensify 2023-10-26,30469,https://github.com/Expensify/App/issues/30469,2023-10-26
30490,https://github.com/Expensify/App/issues/30490,Deploy Checklist: New Expensify 2023-10-26,30469,https://github.com/Expensify/App/issues/30469,2023-10-26
30499,https://github.com/Expensify/App/issues/30499,Deploy Checklist: New Expensify 2023-10-26,30469,https://github.com/Expensify/App/issues/30469,2023-10-26
30500,https://github.com/Expensify/App/issues/30500,Deploy Checklist: New Expensify 2023-10-26,30469,https://github.com/Expensify/App/issues/30469,2023-10-26
30504,https://github.com/Expensify/App/issues/30504,Deploy Checklist: New Expensify 2023-10-26,30469,https://github.com/Expensify/App/issues/30469,2023-10-26
30507,https://github.com/Expensify/App/issues/30507,Deploy Checklist: New Expensify 2023-10-26,30469,https://github.com/Expensify/App/issues/30469,2023-10-26
30510,https://github.com/Expensify/App/issues/30510,Deploy Checklist: New Expensify 2023-10-26,30469,https://github.com/Expensify/App/issues/30469,2023-10-26
30373,https://github.com/Expensify/App/issues/30373,Deploy Checklist: New Expensify 2023-10-25,30365,https://github.com/Expensify/App/issues/30365,2023-10-25
30386,https://github.com/Expensify/App/issues/30386,Deploy Checklist: New Expensify 2023-10-25,30365,https://github.com/Expensify/App/issues/30365,2023-10-25
30387,https://github.com/Expensify/App/issues/30387,Deploy Checklist: New Expensify 2023-10-25,30365,https://github.com/Expensify/App/issues/30365,2023-10-25
30389,https://github.com/Expensify/App/issues/30389,Deploy Checklist: New Expensify 2023-10-25,30365,https://github.com/Expensify/App/issues/30365,2023-10-25
30394,https://github.com/Expensify/App/issues/30394,Deploy Checklist: New Expensify 2023-10-25,30365,https://github.com/Expensify/App/issues/30365,2023-10-25
30395,https://github.com/Expensify/App/issues/30395,Deploy Checklist: New Expensify 2023-10-25,30365,https://github.com/Expensify/App/issues/30365,2023-10-25
30396,https://github.com/Expensify/App/issues/30396,Deploy Checklist: New Expensify 2023-10-25,30365,https://github.com/Expensify/App/issues/30365,2023-10-25
30400,https://github.com/Expensify/App/issues/30400,Deploy Checklist: New Expensify 2023-10-25,30365,https://github.com/Expensify/App/issues/30365,2023-10-25
30423,https://github.com/Expensify/App/issues/30423,Deploy Checklist: New Expensify 2023-10-25,30365,https://github.com/Expensify/App/issues/30365,2023-10-25
30256,https://github.com/Expensify/App/issues/30256,Deploy Checklist: New Expensify 2023-10-24,30224,https://github.com/Expensify/App/issues/30224,2023-10-24
30271,https://github.com/Expensify/App/issues/30271,Deploy Checklist: New Expensify 2023-10-24,30224,https://github.com/Expensify/App/issues/30224,2023-10-24
30280,https://github.com/Expensify/App/issues/30280,Deploy Checklist: New Expensify 2023-10-24,30224,https://github.com/Expensify/App/issues/30224,2023-10-24
30282,https://github.com/Expensify/App/issues/30282,Deploy Checklist: New Expensify 2023-10-24,30224,https://github.com/Expensify/App/issues/30224,2023-10-24
30319,https://github.com/Expensify/App/issues/30319,Deploy Checklist: New Expensify 2023-10-24,30224,https://github.com/Expensify/App/issues/30224,2023-10-24
30343,https://github.com/Expensify/App/issues/30343,Deploy Checklist: New Expensify 2023-10-24,30224,https://github.com/Expensify/App/issues/30224,2023-10-24
30206,https://github.com/Expensify/App/issues/30206,Deploy Checklist: New Expensify 2023-10-23,30157,https://github.com/Expensify/App/issues/30157,2023-10-23
30214,https://github.com/Expensify/App/issues/30214,Deploy Checklist: New Expensify 2023-10-23,30157,https://github.com/Expensify/App/issues/30157,2023-10-23
30080,https://github.com/Expensify/App/issues/30080,Deploy Checklist: New Expensify 2023-10-20,30108,https://github.com/Expensify/App/issues/30108,2023-10-20
30109,https://github.com/Expensify/App/issues/30109,Deploy Checklist: New Expensify 2023-10-20,30108,https://github.com/Expensify/App/issues/30108,2023-10-20
30126,https://github.com/Expensify/App/issues/30126,Deploy Checklist: New Expensify 2023-10-20,30108,https://github.com/Expensify/App/issues/30108,2023-10-20
30128,https://github.com/Expensify/App/issues/30128,Deploy Checklist: New Expensify 2023-10-20,30108,https://github.com/Expensify/App/issues/30108,2023-10-20
30129,https://github.com/Expensify/App/issues/30129,Deploy Checklist: New Expensify 2023-10-20,30108,https://github.com/Expensify/App/issues/30108,2023-10-20
30130,https://github.com/Expensify/App/issues/30130,Deploy Checklist: New Expensify 2023-10-20,30108,https://github.com/Expensify/App/issues/30108,2023-10-20
30140,https://github.com/Expensify/App/issues/30140,Deploy Checklist: New Expensify 2023-10-20,30108,https://github.com/Expensify/App/issues/30108,2023-10-20
30148,https://github.com/Expensify/App/issues/30148,Deploy Checklist: New Expensify 2023-10-20,30108,https://github.com/Expensify/App/issues/30108,2023-10-20
29917,https://github.com/Expensify/App/issues/29917,Deploy Checklist: New Expensify 2023-10-18,29926,https://github.com/Expensify/App/issues/29926,2023-10-18
29965,https://github.com/Expensify/App/issues/29965,Deploy Checklist: New Expensify 2023-10-18,29926,https://github.com/Expensify/App/issues/29926,2023-10-18
29967,https://github.com/Expensify/App/issues/29967,Deploy Checklist: New Expensify 2023-10-18,29926,https://github.com/Expensify/App/issues/29926,2023-10-18
29971,https://github.com/Expensify/App/issues/29971,Deploy Checklist: New Expensify 2023-10-18,29926,https://github.com/Expensify/App/issues/29926,2023-10-18
29976,https://github.com/Expensify/App/issues/29976,Deploy Checklist: New Expensify 2023-10-18,29926,https://github.com/Expensify/App/issues/29926,2023-10-18
29977,https://github.com/Expensify/App/issues/29977,Deploy Checklist: New Expensify 2023-10-18,29926,https://github.com/Expensify/App/issues/29926,2023-10-18
29978,https://github.com/Expensify/App/issues/29978,Deploy Checklist: New Expensify 2023-10-18,29926,https://github.com/Expensify/App/issues/29926,2023-10-18
29979,https://github.com/Expensify/App/issues/29979,Deploy Checklist: New Expensify 2023-10-18,29926,https://github.com/Expensify/App/issues/29926,2023-10-18
30016,https://github.com/Expensify/App/issues/30016,Deploy Checklist: New Expensify 2023-10-18,29926,https://github.com/Expensify/App/issues/29926,2023-10-18
30020,https://github.com/Expensify/App/issues/30020,Deploy Checklist: New Expensify 2023-10-18,29926,https://github.com/Expensify/App/issues/29926,2023-10-18
30022,https://github.com/Expensify/App/issues/30022,Deploy Checklist: New Expensify 2023-10-18,29926,https://github.com/Expensify/App/issues/29926,2023-10-18
30024,https://github.com/Expensify/App/issues/30024,Deploy Checklist: New Expensify 2023-10-18,29926,https://github.com/Expensify/App/issues/29926,2023-10-18
30032,https://github.com/Expensify/App/issues/30032,Deploy Checklist: New Expensify 2023-10-18,29926,https://github.com/Expensify/App/issues/29926,2023-10-18
30062,https://github.com/Expensify/App/issues/30062,Deploy Checklist: New Expensify 2023-10-18,29926,https://github.com/Expensify/App/issues/29926,2023-10-18
30064,https://github.com/Expensify/App/issues/30064,Deploy Checklist: New Expensify 2023-10-18,29926,https://github.com/Expensify/App/issues/29926,2023-10-18
30069,https://github.com/Expensify/App/issues/30069,Deploy Checklist: New Expensify 2023-10-18,29926,https://github.com/Expensify/App/issues/29926,2023-10-18
30078,https://github.com/Expensify/App/issues/30078,Deploy Checklist: New Expensify 2023-10-18,29926,https://github.com/Expensify/App/issues/29926,2023-10-18
30083,https://github.com/Expensify/App/issues/30083,Deploy Checklist: New Expensify 2023-10-18,29926,https://github.com/Expensify/App/issues/29926,2023-10-18
29746,https://github.com/Expensify/App/issues/29746,Deploy Checklist: New Expensify 2023-10-17,29837,https://github.com/Expensify/App/issues/29837,2023-10-17
29748,https://github.com/Expensify/App/issues/29748,Deploy Checklist: New Expensify 2023-10-17,29837,https://github.com/Expensify/App/issues/29837,2023-10-17
29807,https://github.com/Expensify/App/issues/29807,Deploy Checklist: New Expensify 2023-10-17,29837,https://github.com/Expensify/App/issues/29837,2023-10-17
29839,https://github.com/Expensify/App/issues/29839,Deploy Checklist: New Expensify 2023-10-17,29837,https://github.com/Expensify/App/issues/29837,2023-10-17
29849,https://github.com/Expensify/App/issues/29849,Deploy Checklist: New Expensify 2023-10-17,29837,https://github.com/Expensify/App/issues/29837,2023-10-17
29850,https://github.com/Expensify/App/issues/29850,Deploy Checklist: New Expensify 2023-10-17,29837,https://github.com/Expensify/App/issues/29837,2023-10-17
29853,https://github.com/Expensify/App/issues/29853,Deploy Checklist: New Expensify 2023-10-17,29837,https://github.com/Expensify/App/issues/29837,2023-10-17
29855,https://github.com/Expensify/App/issues/29855,Deploy Checklist: New Expensify 2023-10-17,29837,https://github.com/Expensify/App/issues/29837,2023-10-17
29862,https://github.com/Expensify/App/issues/29862,Deploy Checklist: New Expensify 2023-10-17,29837,https://github.com/Expensify/App/issues/29837,2023-10-17
29864,https://github.com/Expensify/App/issues/29864,Deploy Checklist: New Expensify 2023-10-17,29837,https://github.com/Expensify/App/issues/29837,2023-10-17
29877,https://github.com/Expensify/App/issues/29877,Deploy Checklist: New Expensify 2023-10-17,29837,https://github.com/Expensify/App/issues/29837,2023-10-17
29884,https://github.com/Expensify/App/issues/29884,Deploy Checklist: New Expensify 2023-10-17,29837,https://github.com/Expensify/App/issues/29837,2023-10-17
29918,https://github.com/Expensify/App/issues/29918,Deploy Checklist: New Expensify 2023-10-17,29837,https://github.com/Expensify/App/issues/29837,2023-10-17
29746,https://github.com/Expensify/App/issues/29746,Deploy Checklist: New Expensify 2023-10-16,29717,https://github.com/Expensify/App/issues/29717,2023-10-16
29747,https://github.com/Expensify/App/issues/29747,Deploy Checklist: New Expensify 2023-10-16,29717,https://github.com/Expensify/App/issues/29717,2023-10-16
29748,https://github.com/Expensify/App/issues/29748,Deploy Checklist: New Expensify 2023-10-16,29717,https://github.com/Expensify/App/issues/29717,2023-10-16
29773,https://github.com/Expensify/App/issues/29773,Deploy Checklist: New Expensify 2023-10-16,29717,https://github.com/Expensify/App/issues/29717,2023-10-16
29788,https://github.com/Expensify/App/issues/29788,Deploy Checklist: New Expensify 2023-10-16,29717,https://github.com/Expensify/App/issues/29717,2023-10-16
29807,https://github.com/Expensify/App/issues/29807,Deploy Checklist: New Expensify 2023-10-16,29717,https://github.com/Expensify/App/issues/29717,2023-10-16
29819,https://github.com/Expensify/App/issues/29819,Deploy Checklist: New Expensify 2023-10-16,29717,https://github.com/Expensify/App/issues/29717,2023-10-16
29602,https://github.com/Expensify/App/issues/29602,Deploy Checklist: New Expensify 2023-10-13,29585,https://github.com/Expensify/App/issues/29585,2023-10-13
29604,https://github.com/Expensify/App/issues/29604,Deploy Checklist: New Expensify 2023-10-13,29585,https://github.com/Expensify/App/issues/29585,2023-10-13
29606,https://github.com/Expensify/App/issues/29606,Deploy Checklist: New Expensify 2023-10-13,29585,https://github.com/Expensify/App/issues/29585,2023-10-13
29616,https://github.com/Expensify/App/issues/29616,Deploy Checklist: New Expensify 2023-10-13,29585,https://github.com/Expensify/App/issues/29585,2023-10-13
29621,https://github.com/Expensify/App/issues/29621,Deploy Checklist: New Expensify 2023-10-13,29585,https://github.com/Expensify/App/issues/29585,2023-10-13
29624,https://github.com/Expensify/App/issues/29624,Deploy Checklist: New Expensify 2023-10-13,29585,https://github.com/Expensify/App/issues/29585,2023-10-13
29625,https://github.com/Expensify/App/issues/29625,Deploy Checklist: New Expensify 2023-10-13,29585,https://github.com/Expensify/App/issues/29585,2023-10-13
29626,https://github.com/Expensify/App/issues/29626,Deploy Checklist: New Expensify 2023-10-13,29585,https://github.com/Expensify/App/issues/29585,2023-10-13
29627,https://github.com/Expensify/App/issues/29627,Deploy Checklist: New Expensify 2023-10-13,29585,https://github.com/Expensify/App/issues/29585,2023-10-13
29631,https://github.com/Expensify/App/issues/29631,Deploy Checklist: New Expensify 2023-10-13,29585,https://github.com/Expensify/App/issues/29585,2023-10-13
29632,https://github.com/Expensify/App/issues/29632,Deploy Checklist: New Expensify 2023-10-13,29585,https://github.com/Expensify/App/issues/29585,2023-10-13
29634,https://github.com/Expensify/App/issues/29634,Deploy Checklist: New Expensify 2023-10-13,29585,https://github.com/Expensify/App/issues/29585,2023-10-13
29639,https://github.com/Expensify/App/issues/29639,Deploy Checklist: New Expensify 2023-10-13,29585,https://github.com/Expensify/App/issues/29585,2023-10-13
29642,https://github.com/Expensify/App/issues/29642,Deploy Checklist: New Expensify 2023-10-13,29585,https://github.com/Expensify/App/issues/29585,2023-10-13
29650,https://github.com/Expensify/App/issues/29650,Deploy Checklist: New Expensify 2023-10-13,29585,https://github.com/Expensify/App/issues/29585,2023-10-13
29651,https://github.com/Expensify/App/issues/29651,Deploy Checklist: New Expensify 2023-10-13,29585,https://github.com/Expensify/App/issues/29585,2023-10-13
29676,https://github.com/Expensify/App/issues/29676,Deploy Checklist: New Expensify 2023-10-13,29585,https://github.com/Expensify/App/issues/29585,2023-10-13
29678,https://github.com/Expensify/App/issues/29678,Deploy Checklist: New Expensify 2023-10-13,29585,https://github.com/Expensify/App/issues/29585,2023-10-13
29679,https://github.com/Expensify/App/issues/29679,Deploy Checklist: New Expensify 2023-10-13,29585,https://github.com/Expensify/App/issues/29585,2023-10-13
29421,https://github.com/Expensify/App/issues/29421,Deploy Checklist: New Expensify 2023-10-12,29417,https://github.com/Expensify/App/issues/29417,2023-10-12
29432,https://github.com/Expensify/App/issues/29432,Deploy Checklist: New Expensify 2023-10-12,29417,https://github.com/Expensify/App/issues/29417,2023-10-12
29435,https://github.com/Expensify/App/issues/29435,Deploy Checklist: New Expensify 2023-10-12,29417,https://github.com/Expensify/App/issues/29417,2023-10-12
29439,https://github.com/Expensify/App/issues/29439,Deploy Checklist: New Expensify 2023-10-12,29417,https://github.com/Expensify/App/issues/29417,2023-10-12
29441,https://github.com/Expensify/App/issues/29441,Deploy Checklist: New Expensify 2023-10-12,29417,https://github.com/Expensify/App/issues/29417,2023-10-12
29442,https://github.com/Expensify/App/issues/29442,Deploy Checklist: New Expensify 2023-10-12,29417,https://github.com/Expensify/App/issues/29417,2023-10-12
29444,https://github.com/Expensify/App/issues/29444,Deploy Checklist: New Expensify 2023-10-12,29417,https://github.com/Expensify/App/issues/29417,2023-10-12
29450,https://github.com/Expensify/App/issues/29450,Deploy Checklist: New Expensify 2023-10-12,29417,https://github.com/Expensify/App/issues/29417,2023-10-12
29452,https://github.com/Expensify/App/issues/29452,Deploy Checklist: New Expensify 2023-10-12,29417,https://github.com/Expensify/App/issues/29417,2023-10-12
29455,https://github.com/Expensify/App/issues/29455,Deploy Checklist: New Expensify 2023-10-12,29417,https://github.com/Expensify/App/issues/29417,2023-10-12
29458,https://github.com/Expensify/App/issues/29458,Deploy Checklist: New Expensify 2023-10-12,29417,https://github.com/Expensify/App/issues/29417,2023-10-12
29462,https://github.com/Expensify/App/issues/29462,Deploy Checklist: New Expensify 2023-10-12,29417,https://github.com/Expensify/App/issues/29417,2023-10-12
29475,https://github.com/Expensify/App/issues/29475,Deploy Checklist: New Expensify 2023-10-12,29417,https://github.com/Expensify/App/issues/29417,2023-10-12
29484,https://github.com/Expensify/App/issues/29484,Deploy Checklist: New Expensify 2023-10-12,29417,https://github.com/Expensify/App/issues/29417,2023-10-12
29492,https://github.com/Expensify/App/issues/29492,Deploy Checklist: New Expensify 2023-10-12,29417,https://github.com/Expensify/App/issues/29417,2023-10-12
29494,https://github.com/Expensify/App/issues/29494,Deploy Checklist: New Expensify 2023-10-12,29417,https://github.com/Expensify/App/issues/29417,2023-10-12
29495,https://github.com/Expensify/App/issues/29495,Deploy Checklist: New Expensify 2023-10-12,29417,https://github.com/Expensify/App/issues/29417,2023-10-12
29496,https://github.com/Expensify/App/issues/29496,Deploy Checklist: New Expensify 2023-10-12,29417,https://github.com/Expensify/App/issues/29417,2023-10-12
29498,https://github.com/Expensify/App/issues/29498,Deploy Checklist: New Expensify 2023-10-12,29417,https://github.com/Expensify/App/issues/29417,2023-10-12
29503,https://github.com/Expensify/App/issues/29503,Deploy Checklist: New Expensify 2023-10-12,29417,https://github.com/Expensify/App/issues/29417,2023-10-12
29555,https://github.com/Expensify/App/issues/29555,Deploy Checklist: New Expensify 2023-10-12,29417,https://github.com/Expensify/App/issues/29417,2023-10-12
29160,https://github.com/Expensify/App/issues/29160,Deploy Checklist: New Expensify 2023-10-11,29252,https://github.com/Expensify/App/issues/29252,2023-10-11
29313,https://github.com/Expensify/App/issues/29313,Deploy Checklist: New Expensify 2023-10-11,29252,https://github.com/Expensify/App/issues/29252,2023-10-11
29316,https://github.com/Expensify/App/issues/29316,Deploy Checklist: New Expensify 2023-10-11,29252,https://github.com/Expensify/App/issues/29252,2023-10-11
29318,https://github.com/Expensify/App/issues/29318,Deploy Checklist: New Expensify 2023-10-11,29252,https://github.com/Expensify/App/issues/29252,2023-10-11
29321,https://github.com/Expensify/App/issues/29321,Deploy Checklist: New Expensify 2023-10-11,29252,https://github.com/Expensify/App/issues/29252,2023-10-11
29322,https://github.com/Expensify/App/issues/29322,Deploy Checklist: New Expensify 2023-10-11,29252,https://github.com/Expensify/App/issues/29252,2023-10-11
29335,https://github.com/Expensify/App/issues/29335,Deploy Checklist: New Expensify 2023-10-11,29252,https://github.com/Expensify/App/issues/29252,2023-10-11
29362,https://github.com/Expensify/App/issues/29362,Deploy Checklist: New Expensify 2023-10-11,29252,https://github.com/Expensify/App/issues/29252,2023-10-11
29363,https://github.com/Expensify/App/issues/29363,Deploy Checklist: New Expensify 2023-10-11,29252,https://github.com/Expensify/App/issues/29252,2023-10-11
29367,https://github.com/Expensify/App/issues/29367,Deploy Checklist: New Expensify 2023-10-11,29252,https://github.com/Expensify/App/issues/29252,2023-10-11
29369,https://github.com/Expensify/App/issues/29369,Deploy Checklist: New Expensify 2023-10-11,29252,https://github.com/Expensify/App/issues/29252,2023-10-11
29373,https://github.com/Expensify/App/issues/29373,Deploy Checklist: New Expensify 2023-10-11,29252,https://github.com/Expensify/App/issues/29252,2023-10-11
29374,https://github.com/Expensify/App/issues/29374,Deploy Checklist: New Expensify 2023-10-11,29252,https://github.com/Expensify/App/issues/29252,2023-10-11
29380,https://github.com/Expensify/App/issues/29380,Deploy Checklist: New Expensify 2023-10-11,29252,https://github.com/Expensify/App/issues/29252,2023-10-11
29381,https://github.com/Expensify/App/issues/29381,Deploy Checklist: New Expensify 2023-10-11,29252,https://github.com/Expensify/App/issues/29252,2023-10-11
29384,https://github.com/Expensify/App/issues/29384,Deploy Checklist: New Expensify 2023-10-11,29252,https://github.com/Expensify/App/issues/29252,2023-10-11
29159,https://github.com/Expensify/App/issues/29159,Deploy Checklist: New Expensify 2023-10-09,29131,https://github.com/Expensify/App/issues/29131,2023-10-09
29160,https://github.com/Expensify/App/issues/29160,Deploy Checklist: New Expensify 2023-10-09,29131,https://github.com/Expensify/App/issues/29131,2023-10-09
29162,https://github.com/Expensify/App/issues/29162,Deploy Checklist: New Expensify 2023-10-09,29131,https://github.com/Expensify/App/issues/29131,2023-10-09
29163,https://github.com/Expensify/App/issues/29163,Deploy Checklist: New Expensify 2023-10-09,29131,https://github.com/Expensify/App/issues/29131,2023-10-09
29170,https://github.com/Expensify/App/issues/29170,Deploy Checklist: New Expensify 2023-10-09,29131,https://github.com/Expensify/App/issues/29131,2023-10-09
29172,https://github.com/Expensify/App/issues/29172,Deploy Checklist: New Expensify 2023-10-09,29131,https://github.com/Expensify/App/issues/29131,2023-10-09
29183,https://github.com/Expensify/App/issues/29183,Deploy Checklist: New Expensify 2023-10-09,29131,https://github.com/Expensify/App/issues/29131,2023-10-09
29184,https://github.com/Expensify/App/issues/29184,Deploy Checklist: New Expensify 2023-10-09,29131,https://github.com/Expensify/App/issues/29131,2023-10-09
29186,https://github.com/Expensify/App/issues/29186,Deploy Checklist: New Expensify 2023-10-09,29131,https://github.com/Expensify/App/issues/29131,2023-10-09
29221,https://github.com/Expensify/App/issues/29221,Deploy Checklist: New Expensify 2023-10-09,29131,https://github.com/Expensify/App/issues/29131,2023-10-09
28997,https://github.com/Expensify/App/issues/28997,Deploy Checklist: New Expensify 2023-10-06,28983,https://github.com/Expensify/App/issues/28983,2023-10-06
29008,https://github.com/Expensify/App/issues/29008,Deploy Checklist: New Expensify 2023-10-06,28983,https://github.com/Expensify/App/issues/28983,2023-10-06
29015,https://github.com/Expensify/App/issues/29015,Deploy Checklist: New Expensify 2023-10-06,28983,https://github.com/Expensify/App/issues/28983,2023-10-06
29030,https://github.com/Expensify/App/issues/29030,Deploy Checklist: New Expensify 2023-10-06,28983,https://github.com/Expensify/App/issues/28983,2023-10-06
29032,https://github.com/Expensify/App/issues/29032,Deploy Checklist: New Expensify 2023-10-06,28983,https://github.com/Expensify/App/issues/28983,2023-10-06
29087,https://github.com/Expensify/App/issues/29087,Deploy Checklist: New Expensify 2023-10-06,28983,https://github.com/Expensify/App/issues/28983,2023-10-06
29088,https://github.com/Expensify/App/issues/29088,Deploy Checklist: New Expensify 2023-10-06,28983,https://github.com/Expensify/App/issues/28983,2023-10-06
28909,https://github.com/Expensify/App/issues/28909,Deploy Checklist: New Expensify 2023-10-05,28883,https://github.com/Expensify/App/issues/28883,2023-10-05
28911,https://github.com/Expensify/App/issues/28911,Deploy Checklist: New Expensify 2023-10-05,28883,https://github.com/Expensify/App/issues/28883,2023-10-05
28919,https://github.com/Expensify/App/issues/28919,Deploy Checklist: New Expensify 2023-10-05,28883,https://github.com/Expensify/App/issues/28883,2023-10-05
28930,https://github.com/Expensify/App/issues/28930,Deploy Checklist: New Expensify 2023-10-05,28883,https://github.com/Expensify/App/issues/28883,2023-10-05
28950,https://github.com/Expensify/App/issues/28950,Deploy Checklist: New Expensify 2023-10-05,28883,https://github.com/Expensify/App/issues/28883,2023-10-05
28971,https://github.com/Expensify/App/issues/28971,Deploy Checklist: New Expensify 2023-10-05,28883,https://github.com/Expensify/App/issues/28883,2023-10-05
28748,https://github.com/Expensify/App/issues/28748,Deploy Checklist: New Expensify 2023-10-03,28727,https://github.com/Expensify/App/issues/28727,2023-10-03
28752,https://github.com/Expensify/App/issues/28752,Deploy Checklist: New Expensify 2023-10-03,28727,https://github.com/Expensify/App/issues/28727,2023-10-03
28799,https://github.com/Expensify/App/issues/28799,Deploy Checklist: New Expensify 2023-10-03,28727,https://github.com/Expensify/App/issues/28727,2023-10-03
28807,https://github.com/Expensify/App/issues/28807,Deploy Checklist: New Expensify 2023-10-03,28727,https://github.com/Expensify/App/issues/28727,2023-10-03
28811,https://github.com/Expensify/App/issues/28811,Deploy Checklist: New Expensify 2023-10-03,28727,https://github.com/Expensify/App/issues/28727,2023-10-03
28814,https://github.com/Expensify/App/issues/28814,Deploy Checklist: New Expensify 2023-10-03,28727,https://github.com/Expensify/App/issues/28727,2023-10-03
28818,https://github.com/Expensify/App/issues/28818,Deploy Checklist: New Expensify 2023-10-03,28727,https://github.com/Expensify/App/issues/28727,2023-10-03
28825,https://github.com/Expensify/App/issues/28825,Deploy Checklist: New Expensify 2023-10-03,28727,https://github.com/Expensify/App/issues/28727,2023-10-03
28839,https://github.com/Expensify/App/issues/28839,Deploy Checklist: New Expensify 2023-10-03,28727,https://github.com/Expensify/App/issues/28727,2023-10-03
28634,https://github.com/Expensify/App/issues/28634,Deploy Checklist: New Expensify 2023-10-02,28635,https://github.com/Expensify/App/issues/28635,2023-10-02
28643,https://github.com/Expensify/App/issues/28643,Deploy Checklist: New Expensify 2023-10-02,28635,https://github.com/Expensify/App/issues/28635,2023-10-02
28647,https://github.com/Expensify/App/issues/28647,Deploy Checklist: New Expensify 2023-10-02,28635,https://github.com/Expensify/App/issues/28635,2023-10-02
28648,https://github.com/Expensify/App/issues/28648,Deploy Checklist: New Expensify 2023-10-02,28635,https://github.com/Expensify/App/issues/28635,2023-10-02
28649,https://github.com/Expensify/App/issues/28649,Deploy Checklist: New Expensify 2023-10-02,28635,https://github.com/Expensify/App/issues/28635,2023-10-02
28651,https://github.com/Expensify/App/issues/28651,Deploy Checklist: New Expensify 2023-10-02,28635,https://github.com/Expensify/App/issues/28635,2023-10-02
28652,https://github.com/Expensify/App/issues/28652,Deploy Checklist: New Expensify 2023-10-02,28635,https://github.com/Expensify/App/issues/28635,2023-10-02
28653,https://github.com/Expensify/App/issues/28653,Deploy Checklist: New Expensify 2023-10-02,28635,https://github.com/Expensify/App/issues/28635,2023-10-02
28654,https://github.com/Expensify/App/issues/28654,Deploy Checklist: New Expensify 2023-10-02,28635,https://github.com/Expensify/App/issues/28635,2023-10-02
28656,https://github.com/Expensify/App/issues/28656,Deploy Checklist: New Expensify 2023-10-02,28635,https://github.com/Expensify/App/issues/28635,2023-10-02
28658,https://github.com/Expensify/App/issues/28658,Deploy Checklist: New Expensify 2023-10-02,28635,https://github.com/Expensify/App/issues/28635,2023-10-02
28690,https://github.com/Expensify/App/issues/28690,Deploy Checklist: New Expensify 2023-10-02,28635,https://github.com/Expensify/App/issues/28635,2023-10-02
28693,https://github.com/Expensify/App/issues/28693,Deploy Checklist: New Expensify 2023-10-02,28635,https://github.com/Expensify/App/issues/28635,2023-10-02
28696,https://github.com/Expensify/App/issues/28696,Deploy Checklist: New Expensify 2023-10-02,28635,https://github.com/Expensify/App/issues/28635,2023-10-02
28699,https://github.com/Expensify/App/issues/28699,Deploy Checklist: New Expensify 2023-10-02,28635,https://github.com/Expensify/App/issues/28635,2023-10-02
28717,https://github.com/Expensify/App/issues/28717,Deploy Checklist: New Expensify 2023-10-02,28635,https://github.com/Expensify/App/issues/28635,2023-10-02
28719,https://github.com/Expensify/App/issues/28719,Deploy Checklist: New Expensify 2023-10-02,28635,https://github.com/Expensify/App/issues/28635,2023-10-02
28721,https://github.com/Expensify/App/issues/28721,Deploy Checklist: New Expensify 2023-10-02,28635,https://github.com/Expensify/App/issues/28635,2023-10-02
28328,https://github.com/Expensify/App/issues/28328,Deploy Checklist: New Expensify 2023-09-28,28412,https://github.com/Expensify/App/issues/28412,2023-09-28
28417,https://github.com/Expensify/App/issues/28417,Deploy Checklist: New Expensify 2023-09-28,28412,https://github.com/Expensify/App/issues/28412,2023-09-28
28418,https://github.com/Expensify/App/issues/28418,Deploy Checklist: New Expensify 2023-09-28,28412,https://github.com/Expensify/App/issues/28412,2023-09-28
28419,https://github.com/Expensify/App/issues/28419,Deploy Checklist: New Expensify 2023-09-28,28412,https://github.com/Expensify/App/issues/28412,2023-09-28
28420,https://github.com/Expensify/App/issues/28420,Deploy Checklist: New Expensify 2023-09-28,28412,https://github.com/Expensify/App/issues/28412,2023-09-28
28421,https://github.com/Expensify/App/issues/28421,Deploy Checklist: New Expensify 2023-09-28,28412,https://github.com/Expensify/App/issues/28412,2023-09-28
28463,https://github.com/Expensify/App/issues/28463,Deploy Checklist: New Expensify 2023-09-28,28412,https://github.com/Expensify/App/issues/28412,2023-09-28
28466,https://github.com/Expensify/App/issues/28466,Deploy Checklist: New Expensify 2023-09-28,28412,https://github.com/Expensify/App/issues/28412,2023-09-28
28467,https://github.com/Expensify/App/issues/28467,Deploy Checklist: New Expensify 2023-09-28,28412,https://github.com/Expensify/App/issues/28412,2023-09-28
28468,https://github.com/Expensify/App/issues/28468,Deploy Checklist: New Expensify 2023-09-28,28412,https://github.com/Expensify/App/issues/28412,2023-09-28
28471,https://github.com/Expensify/App/issues/28471,Deploy Checklist: New Expensify 2023-09-28,28412,https://github.com/Expensify/App/issues/28412,2023-09-28
28473,https://github.com/Expensify/App/issues/28473,Deploy Checklist: New Expensify 2023-09-28,28412,https://github.com/Expensify/App/issues/28412,2023-09-28
28478,https://github.com/Expensify/App/issues/28478,Deploy Checklist: New Expensify 2023-09-28,28412,https://github.com/Expensify/App/issues/28412,2023-09-28
28489,https://github.com/Expensify/App/issues/28489,Deploy Checklist: New Expensify 2023-09-28,28412,https://github.com/Expensify/App/issues/28412,2023-09-28
28490,https://github.com/Expensify/App/issues/28490,Deploy Checklist: New Expensify 2023-09-28,28412,https://github.com/Expensify/App/issues/28412,2023-09-28
28494,https://github.com/Expensify/App/issues/28494,Deploy Checklist: New Expensify 2023-09-28,28412,https://github.com/Expensify/App/issues/28412,2023-09-28
28501,https://github.com/Expensify/App/issues/28501,Deploy Checklist: New Expensify 2023-09-28,28412,https://github.com/Expensify/App/issues/28412,2023-09-28
28504,https://github.com/Expensify/App/issues/28504,Deploy Checklist: New Expensify 2023-09-28,28412,https://github.com/Expensify/App/issues/28412,2023-09-28
28508,https://github.com/Expensify/App/issues/28508,Deploy Checklist: New Expensify 2023-09-28,28412,https://github.com/Expensify/App/issues/28412,2023-09-28
28520,https://github.com/Expensify/App/issues/28520,Deploy Checklist: New Expensify 2023-09-28,28412,https://github.com/Expensify/App/issues/28412,2023-09-28
28521,https://github.com/Expensify/App/issues/28521,Deploy Checklist: New Expensify 2023-09-28,28412,https://github.com/Expensify/App/issues/28412,2023-09-28
28522,https://github.com/Expensify/App/issues/28522,Deploy Checklist: New Expensify 2023-09-28,28412,https://github.com/Expensify/App/issues/28412,2023-09-28
28523,https://github.com/Expensify/App/issues/28523,Deploy Checklist: New Expensify 2023-09-28,28412,https://github.com/Expensify/App/issues/28412,2023-09-28
28526,https://github.com/Expensify/App/issues/28526,Deploy Checklist: New Expensify 2023-09-28,28412,https://github.com/Expensify/App/issues/28412,2023-09-28
28538,https://github.com/Expensify/App/issues/28538,Deploy Checklist: New Expensify 2023-09-28,28412,https://github.com/Expensify/App/issues/28412,2023-09-28
28563,https://github.com/Expensify/App/issues/28563,Deploy Checklist: New Expensify 2023-09-28,28412,https://github.com/Expensify/App/issues/28412,2023-09-28
28590,https://github.com/Expensify/App/issues/28590,Deploy Checklist: New Expensify 2023-09-28,28412,https://github.com/Expensify/App/issues/28412,2023-09-28
28605,https://github.com/Expensify/App/issues/28605,Deploy Checklist: New Expensify 2023-09-28,28412,https://github.com/Expensify/App/issues/28412,2023-09-28
28626,https://github.com/Expensify/App/issues/28626,Deploy Checklist: New Expensify 2023-09-28,28412,https://github.com/Expensify/App/issues/28412,2023-09-28
28129,https://github.com/Expensify/App/issues/28129,Deploy Checklist: New Expensify 2023-09-25,28119,https://github.com/Expensify/App/issues/28119,2023-09-25
28130,https://github.com/Expensify/App/issues/28130,Deploy Checklist: New Expensify 2023-09-25,28119,https://github.com/Expensify/App/issues/28119,2023-09-25
28144,https://github.com/Expensify/App/issues/28144,Deploy Checklist: New Expensify 2023-09-25,28119,https://github.com/Expensify/App/issues/28119,2023-09-25
28147,https://github.com/Expensify/App/issues/28147,Deploy Checklist: New Expensify 2023-09-25,28119,https://github.com/Expensify/App/issues/28119,2023-09-25
28148,https://github.com/Expensify/App/issues/28148,Deploy Checklist: New Expensify 2023-09-25,28119,https://github.com/Expensify/App/issues/28119,2023-09-25
28163,https://github.com/Expensify/App/issues/28163,Deploy Checklist: New Expensify 2023-09-25,28119,https://github.com/Expensify/App/issues/28119,2023-09-25
28169,https://github.com/Expensify/App/issues/28169,Deploy Checklist: New Expensify 2023-09-25,28119,https://github.com/Expensify/App/issues/28119,2023-09-25
28196,https://github.com/Expensify/App/issues/28196,Deploy Checklist: New Expensify 2023-09-25,28119,https://github.com/Expensify/App/issues/28119,2023-09-25
28263,https://github.com/Expensify/App/issues/28263,Deploy Checklist: New Expensify 2023-09-25,28119,https://github.com/Expensify/App/issues/28119,2023-09-25
28289,https://github.com/Expensify/App/issues/28289,Deploy Checklist: New Expensify 2023-09-25,28119,https://github.com/Expensify/App/issues/28119,2023-09-25
28320,https://github.com/Expensify/App/issues/28320,Deploy Checklist: New Expensify 2023-09-25,28119,https://github.com/Expensify/App/issues/28119,2023-09-25
27094,https://github.com/Expensify/App/issues/27094,Deploy Checklist: New Expensify 2023-09-22,28013,https://github.com/Expensify/App/issues/28013,2023-09-22
27903,https://github.com/Expensify/App/issues/27903,Deploy Checklist: New Expensify 2023-09-22,28013,https://github.com/Expensify/App/issues/28013,2023-09-22
27928,https://github.com/Expensify/App/issues/27928,Deploy Checklist: New Expensify 2023-09-22,28013,https://github.com/Expensify/App/issues/28013,2023-09-22
28033,https://github.com/Expensify/App/issues/28033,Deploy Checklist: New Expensify 2023-09-22,28013,https://github.com/Expensify/App/issues/28013,2023-09-22
28036,https://github.com/Expensify/App/issues/28036,Deploy Checklist: New Expensify 2023-09-22,28013,https://github.com/Expensify/App/issues/28013,2023-09-22
28042,https://github.com/Expensify/App/issues/28042,Deploy Checklist: New Expensify 2023-09-22,28013,https://github.com/Expensify/App/issues/28013,2023-09-22
28044,https://github.com/Expensify/App/issues/28044,Deploy Checklist: New Expensify 2023-09-22,28013,https://github.com/Expensify/App/issues/28013,2023-09-22
28057,https://github.com/Expensify/App/issues/28057,Deploy Checklist: New Expensify 2023-09-22,28013,https://github.com/Expensify/App/issues/28013,2023-09-22
28063,https://github.com/Expensify/App/issues/28063,Deploy Checklist: New Expensify 2023-09-22,28013,https://github.com/Expensify/App/issues/28013,2023-09-22
28069,https://github.com/Expensify/App/issues/28069,Deploy Checklist: New Expensify 2023-09-22,28013,https://github.com/Expensify/App/issues/28013,2023-09-22
28079,https://github.com/Expensify/App/issues/28079,Deploy Checklist: New Expensify 2023-09-22,28013,https://github.com/Expensify/App/issues/28013,2023-09-22
28086,https://github.com/Expensify/App/issues/28086,Deploy Checklist: New Expensify 2023-09-22,28013,https://github.com/Expensify/App/issues/28013,2023-09-22
28092,https://github.com/Expensify/App/issues/28092,Deploy Checklist: New Expensify 2023-09-22,28013,https://github.com/Expensify/App/issues/28013,2023-09-22
27094,https://github.com/Expensify/App/issues/27094,Deploy Checklist: New Expensify 2023-09-20,27837,https://github.com/Expensify/App/issues/27837,2023-09-20
27560,https://github.com/Expensify/App/issues/27560,Deploy Checklist: New Expensify 2023-09-20,27837,https://github.com/Expensify/App/issues/27837,2023-09-20
27673,https://github.com/Expensify/App/issues/27673,Deploy Checklist: New Expensify 2023-09-20,27837,https://github.com/Expensify/App/issues/27837,2023-09-20
27677,https://github.com/Expensify/App/issues/27677,Deploy Checklist: New Expensify 2023-09-20,27837,https://github.com/Expensify/App/issues/27837,2023-09-20
27710,https://github.com/Expensify/App/issues/27710,Deploy Checklist: New Expensify 2023-09-20,27837,https://github.com/Expensify/App/issues/27837,2023-09-20
27713,https://github.com/Expensify/App/issues/27713,Deploy Checklist: New Expensify 2023-09-20,27837,https://github.com/Expensify/App/issues/27837,2023-09-20
27722,https://github.com/Expensify/App/issues/27722,Deploy Checklist: New Expensify 2023-09-20,27837,https://github.com/Expensify/App/issues/27837,2023-09-20
27754,https://github.com/Expensify/App/issues/27754,Deploy Checklist: New Expensify 2023-09-20,27837,https://github.com/Expensify/App/issues/27837,2023-09-20
27774,https://github.com/Expensify/App/issues/27774,Deploy Checklist: New Expensify 2023-09-20,27837,https://github.com/Expensify/App/issues/27837,2023-09-20
27782,https://github.com/Expensify/App/issues/27782,Deploy Checklist: New Expensify 2023-09-20,27837,https://github.com/Expensify/App/issues/27837,2023-09-20
27802,https://github.com/Expensify/App/issues/27802,Deploy Checklist: New Expensify 2023-09-20,27837,https://github.com/Expensify/App/issues/27837,2023-09-20
27805,https://github.com/Expensify/App/issues/27805,Deploy Checklist: New Expensify 2023-09-20,27837,https://github.com/Expensify/App/issues/27837,2023-09-20
27858,https://github.com/Expensify/App/issues/27858,Deploy Checklist: New Expensify 2023-09-20,27837,https://github.com/Expensify/App/issues/27837,2023-09-20
27864,https://github.com/Expensify/App/issues/27864,Deploy Checklist: New Expensify 2023-09-20,27837,https://github.com/Expensify/App/issues/27837,2023-09-20
27869,https://github.com/Expensify/App/issues/27869,Deploy Checklist: New Expensify 2023-09-20,27837,https://github.com/Expensify/App/issues/27837,2023-09-20
27873,https://github.com/Expensify/App/issues/27873,Deploy Checklist: New Expensify 2023-09-20,27837,https://github.com/Expensify/App/issues/27837,2023-09-20
27878,https://github.com/Expensify/App/issues/27878,Deploy Checklist: New Expensify 2023-09-20,27837,https://github.com/Expensify/App/issues/27837,2023-09-20
27890,https://github.com/Expensify/App/issues/27890,Deploy Checklist: New Expensify 2023-09-20,27837,https://github.com/Expensify/App/issues/27837,2023-09-20
27892,https://github.com/Expensify/App/issues/27892,Deploy Checklist: New Expensify 2023-09-20,27837,https://github.com/Expensify/App/issues/27837,2023-09-20
27895,https://github.com/Expensify/App/issues/27895,Deploy Checklist: New Expensify 2023-09-20,27837,https://github.com/Expensify/App/issues/27837,2023-09-20
27901,https://github.com/Expensify/App/issues/27901,Deploy Checklist: New Expensify 2023-09-20,27837,https://github.com/Expensify/App/issues/27837,2023-09-20
27903,https://github.com/Expensify/App/issues/27903,Deploy Checklist: New Expensify 2023-09-20,27837,https://github.com/Expensify/App/issues/27837,2023-09-20
27928,https://github.com/Expensify/App/issues/27928,Deploy Checklist: New Expensify 2023-09-20,27837,https://github.com/Expensify/App/issues/27837,2023-09-20
27931,https://github.com/Expensify/App/issues/27931,Deploy Checklist: New Expensify 2023-09-20,27837,https://github.com/Expensify/App/issues/27837,2023-09-20
27949,https://github.com/Expensify/App/issues/27949,Deploy Checklist: New Expensify 2023-09-20,27837,https://github.com/Expensify/App/issues/27837,2023-09-20
27995,https://github.com/Expensify/App/issues/27995,Deploy Checklist: New Expensify 2023-09-20,27837,https://github.com/Expensify/App/issues/27837,2023-09-20
27560,https://github.com/Expensify/App/issues/27560,Deploy Checklist: New Expensify 2023-09-18,27654,https://github.com/Expensify/App/issues/27654,2023-09-18
27669,https://github.com/Expensify/App/issues/27669,Deploy Checklist: New Expensify 2023-09-18,27654,https://github.com/Expensify/App/issues/27654,2023-09-18
27673,https://github.com/Expensify/App/issues/27673,Deploy Checklist: New Expensify 2023-09-18,27654,https://github.com/Expensify/App/issues/27654,2023-09-18
27677,https://github.com/Expensify/App/issues/27677,Deploy Checklist: New Expensify 2023-09-18,27654,https://github.com/Expensify/App/issues/27654,2023-09-18
27678,https://github.com/Expensify/App/issues/27678,Deploy Checklist: New Expensify 2023-09-18,27654,https://github.com/Expensify/App/issues/27654,2023-09-18
27684,https://github.com/Expensify/App/issues/27684,Deploy Checklist: New Expensify 2023-09-18,27654,https://github.com/Expensify/App/issues/27654,2023-09-18
27710,https://github.com/Expensify/App/issues/27710,Deploy Checklist: New Expensify 2023-09-18,27654,https://github.com/Expensify/App/issues/27654,2023-09-18
27712,https://github.com/Expensify/App/issues/27712,Deploy Checklist: New Expensify 2023-09-18,27654,https://github.com/Expensify/App/issues/27654,2023-09-18
27713,https://github.com/Expensify/App/issues/27713,Deploy Checklist: New Expensify 2023-09-18,27654,https://github.com/Expensify/App/issues/27654,2023-09-18
27722,https://github.com/Expensify/App/issues/27722,Deploy Checklist: New Expensify 2023-09-18,27654,https://github.com/Expensify/App/issues/27654,2023-09-18
27724,https://github.com/Expensify/App/issues/27724,Deploy Checklist: New Expensify 2023-09-18,27654,https://github.com/Expensify/App/issues/27654,2023-09-18
27754,https://github.com/Expensify/App/issues/27754,Deploy Checklist: New Expensify 2023-09-18,27654,https://github.com/Expensify/App/issues/27654,2023-09-18
27774,https://github.com/Expensify/App/issues/27774,Deploy Checklist: New Expensify 2023-09-18,27654,https://github.com/Expensify/App/issues/27654,2023-09-18
27777,https://github.com/Expensify/App/issues/27777,Deploy Checklist: New Expensify 2023-09-18,27654,https://github.com/Expensify/App/issues/27654,2023-09-18
27789,https://github.com/Expensify/App/issues/27789,Deploy Checklist: New Expensify 2023-09-18,27654,https://github.com/Expensify/App/issues/27654,2023-09-18
27791,https://github.com/Expensify/App/issues/27791,Deploy Checklist: New Expensify 2023-09-18,27654,https://github.com/Expensify/App/issues/27654,2023-09-18
27802,https://github.com/Expensify/App/issues/27802,Deploy Checklist: New Expensify 2023-09-18,27654,https://github.com/Expensify/App/issues/27654,2023-09-18
27824,https://github.com/Expensify/App/issues/27824,Deploy Checklist: New Expensify 2023-09-18,27654,https://github.com/Expensify/App/issues/27654,2023-09-18
25690,https://github.com/Expensify/App/issues/25690,Deploy Checklist: New Expensify 2023-09-14,27425,https://github.com/Expensify/App/issues/27425,2023-09-14
27444,https://github.com/Expensify/App/issues/27444,Deploy Checklist: New Expensify 2023-09-14,27425,https://github.com/Expensify/App/issues/27425,2023-09-14
27457,https://github.com/Expensify/App/issues/27457,Deploy Checklist: New Expensify 2023-09-14,27425,https://github.com/Expensify/App/issues/27425,2023-09-14
27467,https://github.com/Expensify/App/issues/27467,Deploy Checklist: New Expensify 2023-09-14,27425,https://github.com/Expensify/App/issues/27425,2023-09-14
27516,https://github.com/Expensify/App/issues/27516,Deploy Checklist: New Expensify 2023-09-14,27425,https://github.com/Expensify/App/issues/27425,2023-09-14
27519,https://github.com/Expensify/App/issues/27519,Deploy Checklist: New Expensify 2023-09-14,27425,https://github.com/Expensify/App/issues/27425,2023-09-14
27560,https://github.com/Expensify/App/issues/27560,Deploy Checklist: New Expensify 2023-09-14,27425,https://github.com/Expensify/App/issues/27425,2023-09-14
27234,https://github.com/Expensify/App/issues/27234,Deploy Checklist: New Expensify 2023-09-13,27313,https://github.com/Expensify/App/issues/27313,2023-09-13
27235,https://github.com/Expensify/App/issues/27235,Deploy Checklist: New Expensify 2023-09-13,27313,https://github.com/Expensify/App/issues/27313,2023-09-13
27325,https://github.com/Expensify/App/issues/27325,Deploy Checklist: New Expensify 2023-09-13,27313,https://github.com/Expensify/App/issues/27313,2023-09-13
27326,https://github.com/Expensify/App/issues/27326,Deploy Checklist: New Expensify 2023-09-13,27313,https://github.com/Expensify/App/issues/27313,2023-09-13
27334,https://github.com/Expensify/App/issues/27334,Deploy Checklist: New Expensify 2023-09-13,27313,https://github.com/Expensify/App/issues/27313,2023-09-13
27341,https://github.com/Expensify/App/issues/27341,Deploy Checklist: New Expensify 2023-09-13,27313,https://github.com/Expensify/App/issues/27313,2023-09-13
27343,https://github.com/Expensify/App/issues/27343,Deploy Checklist: New Expensify 2023-09-13,27313,https://github.com/Expensify/App/issues/27313,2023-09-13
27347,https://github.com/Expensify/App/issues/27347,Deploy Checklist: New Expensify 2023-09-13,27313,https://github.com/Expensify/App/issues/27313,2023-09-13
27353,https://github.com/Expensify/App/issues/27353,Deploy Checklist: New Expensify 2023-09-13,27313,https://github.com/Expensify/App/issues/27313,2023-09-13
27354,https://github.com/Expensify/App/issues/27354,Deploy Checklist: New Expensify 2023-09-13,27313,https://github.com/Expensify/App/issues/27313,2023-09-13
27366,https://github.com/Expensify/App/issues/27366,Deploy Checklist: New Expensify 2023-09-13,27313,https://github.com/Expensify/App/issues/27313,2023-09-13
27382,https://github.com/Expensify/App/issues/27382,Deploy Checklist: New Expensify 2023-09-13,27313,https://github.com/Expensify/App/issues/27313,2023-09-13
27391,https://github.com/Expensify/App/issues/27391,Deploy Checklist: New Expensify 2023-09-13,27313,https://github.com/Expensify/App/issues/27313,2023-09-13
27145,https://github.com/Expensify/App/issues/27145,Deploy Checklist: New Expensify 2023-09-12,27210,https://github.com/Expensify/App/issues/27210,2023-09-12
27234,https://github.com/Expensify/App/issues/27234,Deploy Checklist: New Expensify 2023-09-12,27210,https://github.com/Expensify/App/issues/27210,2023-09-12
27235,https://github.com/Expensify/App/issues/27235,Deploy Checklist: New Expensify 2023-09-12,27210,https://github.com/Expensify/App/issues/27210,2023-09-12
27238,https://github.com/Expensify/App/issues/27238,Deploy Checklist: New Expensify 2023-09-12,27210,https://github.com/Expensify/App/issues/27210,2023-09-12
27239,https://github.com/Expensify/App/issues/27239,Deploy Checklist: New Expensify 2023-09-12,27210,https://github.com/Expensify/App/issues/27210,2023-09-12
27250,https://github.com/Expensify/App/issues/27250,Deploy Checklist: New Expensify 2023-09-12,27210,https://github.com/Expensify/App/issues/27210,2023-09-12
26953,https://github.com/Expensify/App/issues/26953,Deploy Checklist: New Expensify 2023-09-11,27120,https://github.com/Expensify/App/issues/27120,2023-09-11
27145,https://github.com/Expensify/App/issues/27145,Deploy Checklist: New Expensify 2023-09-11,27120,https://github.com/Expensify/App/issues/27120,2023-09-11
27157,https://github.com/Expensify/App/issues/27157,Deploy Checklist: New Expensify 2023-09-11,27120,https://github.com/Expensify/App/issues/27120,2023-09-11
27160,https://github.com/Expensify/App/issues/27160,Deploy Checklist: New Expensify 2023-09-11,27120,https://github.com/Expensify/App/issues/27120,2023-09-11
27163,https://github.com/Expensify/App/issues/27163,Deploy Checklist: New Expensify 2023-09-11,27120,https://github.com/Expensify/App/issues/27120,2023-09-11
26953,https://github.com/Expensify/App/issues/26953,Deploy Checklist: New Expensify 2023-09-08,27003,https://github.com/Expensify/App/issues/27003,2023-09-08
27054,https://github.com/Expensify/App/issues/27054,Deploy Checklist: New Expensify 2023-09-08,27003,https://github.com/Expensify/App/issues/27003,2023-09-08
26953,https://github.com/Expensify/App/issues/26953,Deploy Checklist: New Expensify 2023-09-06,26894,https://github.com/Expensify/App/issues/26894,2023-09-06
26737,https://github.com/Expensify/App/issues/26737,Deploy Checklist: New Expensify 2023-09-05,26820,https://github.com/Expensify/App/issues/26820,2023-09-05
26827,https://github.com/Expensify/App/issues/26827,Deploy Checklist: New Expensify 2023-09-05,26820,https://github.com/Expensify/App/issues/26820,2023-09-05
26869,https://github.com/Expensify/App/issues/26869,Deploy Checklist: New Expensify 2023-09-05,26820,https://github.com/Expensify/App/issues/26820,2023-09-05
26872,https://github.com/Expensify/App/issues/26872,Deploy Checklist: New Expensify 2023-09-05,26820,https://github.com/Expensify/App/issues/26820,2023-09-05
26689,https://github.com/Expensify/App/issues/26689,Deploy Checklist: New Expensify 2023-09-04,26686,https://github.com/Expensify/App/issues/26686,2023-09-04
26691,https://github.com/Expensify/App/issues/26691,Deploy Checklist: New Expensify 2023-09-04,26686,https://github.com/Expensify/App/issues/26686,2023-09-04
26709,https://github.com/Expensify/App/issues/26709,Deploy Checklist: New Expensify 2023-09-04,26686,https://github.com/Expensify/App/issues/26686,2023-09-04
26725,https://github.com/Expensify/App/issues/26725,Deploy Checklist: New Expensify 2023-09-04,26686,https://github.com/Expensify/App/issues/26686,2023-09-04
26737,https://github.com/Expensify/App/issues/26737,Deploy Checklist: New Expensify 2023-09-04,26686,https://github.com/Expensify/App/issues/26686,2023-09-04
26767,https://github.com/Expensify/App/issues/26767,Deploy Checklist: New Expensify 2023-09-04,26686,https://github.com/Expensify/App/issues/26686,2023-09-04
26558,https://github.com/Expensify/App/issues/26558,Deploy Checklist: New Expensify 2023-09-01,26539,https://github.com/Expensify/App/issues/26539,2023-09-01
26559,https://github.com/Expensify/App/issues/26559,Deploy Checklist: New Expensify 2023-09-01,26539,https://github.com/Expensify/App/issues/26539,2023-09-01
26585,https://github.com/Expensify/App/issues/26585,Deploy Checklist: New Expensify 2023-09-01,26539,https://github.com/Expensify/App/issues/26539,2023-09-01
26586,https://github.com/Expensify/App/issues/26586,Deploy Checklist: New Expensify 2023-09-01,26539,https://github.com/Expensify/App/issues/26539,2023-09-01
26587,https://github.com/Expensify/App/issues/26587,Deploy Checklist: New Expensify 2023-09-01,26539,https://github.com/Expensify/App/issues/26539,2023-09-01
26588,https://github.com/Expensify/App/issues/26588,Deploy Checklist: New Expensify 2023-09-01,26539,https://github.com/Expensify/App/issues/26539,2023-09-01
26417,https://github.com/Expensify/App/issues/26417,Deploy Checklist: New Expensify 2023-08-31,26444,https://github.com/Expensify/App/issues/26444,2023-08-31
26478,https://github.com/Expensify/App/issues/26478,Deploy Checklist: New Expensify 2023-08-31,26444,https://github.com/Expensify/App/issues/26444,2023-08-31
26482,https://github.com/Expensify/App/issues/26482,Deploy Checklist: New Expensify 2023-08-31,26444,https://github.com/Expensify/App/issues/26444,2023-08-31
26483,https://github.com/Expensify/App/issues/26483,Deploy Checklist: New Expensify 2023-08-31,26444,https://github.com/Expensify/App/issues/26444,2023-08-31
26484,https://github.com/Expensify/App/issues/26484,Deploy Checklist: New Expensify 2023-08-31,26444,https://github.com/Expensify/App/issues/26444,2023-08-31
26510,https://github.com/Expensify/App/issues/26510,Deploy Checklist: New Expensify 2023-08-31,26444,https://github.com/Expensify/App/issues/26444,2023-08-31
26322,https://github.com/Expensify/App/issues/26322,Deploy Checklist: New Expensify 2023-08-31,26359,https://github.com/Expensify/App/issues/26359,2023-08-31
26405,https://github.com/Expensify/App/issues/26405,Deploy Checklist: New Expensify 2023-08-31,26359,https://github.com/Expensify/App/issues/26359,2023-08-31
26407,https://github.com/Expensify/App/issues/26407,Deploy Checklist: New Expensify 2023-08-31,26359,https://github.com/Expensify/App/issues/26359,2023-08-31
26413,https://github.com/Expensify/App/issues/26413,Deploy Checklist: New Expensify 2023-08-31,26359,https://github.com/Expensify/App/issues/26359,2023-08-31
26417,https://github.com/Expensify/App/issues/26417,Deploy Checklist: New Expensify 2023-08-31,26359,https://github.com/Expensify/App/issues/26359,2023-08-31
26421,https://github.com/Expensify/App/issues/26421,Deploy Checklist: New Expensify 2023-08-31,26359,https://github.com/Expensify/App/issues/26359,2023-08-31
26441,https://github.com/Expensify/App/issues/26441,Deploy Checklist: New Expensify 2023-08-31,26359,https://github.com/Expensify/App/issues/26359,2023-08-31
26273,https://github.com/Expensify/App/issues/26273,Deploy Checklist: New Expensify 2023-08-30,26268,https://github.com/Expensify/App/issues/26268,2023-08-30
26275,https://github.com/Expensify/App/issues/26275,Deploy Checklist: New Expensify 2023-08-30,26268,https://github.com/Expensify/App/issues/26268,2023-08-30
26277,https://github.com/Expensify/App/issues/26277,Deploy Checklist: New Expensify 2023-08-30,26268,https://github.com/Expensify/App/issues/26268,2023-08-30
26279,https://github.com/Expensify/App/issues/26279,Deploy Checklist: New Expensify 2023-08-30,26268,https://github.com/Expensify/App/issues/26268,2023-08-30
26282,https://github.com/Expensify/App/issues/26282,Deploy Checklist: New Expensify 2023-08-30,26268,https://github.com/Expensify/App/issues/26268,2023-08-30
26286,https://github.com/Expensify/App/issues/26286,Deploy Checklist: New Expensify 2023-08-30,26268,https://github.com/Expensify/App/issues/26268,2023-08-30
26287,https://github.com/Expensify/App/issues/26287,Deploy Checklist: New Expensify 2023-08-30,26268,https://github.com/Expensify/App/issues/26268,2023-08-30
26288,https://github.com/Expensify/App/issues/26288,Deploy Checklist: New Expensify 2023-08-30,26268,https://github.com/Expensify/App/issues/26268,2023-08-30
26289,https://github.com/Expensify/App/issues/26289,Deploy Checklist: New Expensify 2023-08-30,26268,https://github.com/Expensify/App/issues/26268,2023-08-30
26291,https://github.com/Expensify/App/issues/26291,Deploy Checklist: New Expensify 2023-08-30,26268,https://github.com/Expensify/App/issues/26268,2023-08-30
26311,https://github.com/Expensify/App/issues/26311,Deploy Checklist: New Expensify 2023-08-30,26268,https://github.com/Expensify/App/issues/26268,2023-08-30
26314,https://github.com/Expensify/App/issues/26314,Deploy Checklist: New Expensify 2023-08-30,26268,https://github.com/Expensify/App/issues/26268,2023-08-30
26319,https://github.com/Expensify/App/issues/26319,Deploy Checklist: New Expensify 2023-08-30,26268,https://github.com/Expensify/App/issues/26268,2023-08-30
26322,https://github.com/Expensify/App/issues/26322,Deploy Checklist: New Expensify 2023-08-30,26268,https://github.com/Expensify/App/issues/26268,2023-08-30
26324,https://github.com/Expensify/App/issues/26324,Deploy Checklist: New Expensify 2023-08-30,26268,https://github.com/Expensify/App/issues/26268,2023-08-30
26354,https://github.com/Expensify/App/issues/26354,Deploy Checklist: New Expensify 2023-08-30,26268,https://github.com/Expensify/App/issues/26268,2023-08-30
26115,https://github.com/Expensify/App/issues/26115,Deploy Checklist: New Expensify 2023-08-28,26113,https://github.com/Expensify/App/issues/26113,2023-08-28
26116,https://github.com/Expensify/App/issues/26116,Deploy Checklist: New Expensify 2023-08-28,26113,https://github.com/Expensify/App/issues/26113,2023-08-28
26135,https://github.com/Expensify/App/issues/26135,Deploy Checklist: New Expensify 2023-08-28,26113,https://github.com/Expensify/App/issues/26113,2023-08-28
26137,https://github.com/Expensify/App/issues/26137,Deploy Checklist: New Expensify 2023-08-28,26113,https://github.com/Expensify/App/issues/26113,2023-08-28
26139,https://github.com/Expensify/App/issues/26139,Deploy Checklist: New Expensify 2023-08-28,26113,https://github.com/Expensify/App/issues/26113,2023-08-28
26143,https://github.com/Expensify/App/issues/26143,Deploy Checklist: New Expensify 2023-08-28,26113,https://github.com/Expensify/App/issues/26113,2023-08-28
26178,https://github.com/Expensify/App/issues/26178,Deploy Checklist: New Expensify 2023-08-28,26113,https://github.com/Expensify/App/issues/26113,2023-08-28
26181,https://github.com/Expensify/App/issues/26181,Deploy Checklist: New Expensify 2023-08-28,26113,https://github.com/Expensify/App/issues/26113,2023-08-28
26189,https://github.com/Expensify/App/issues/26189,Deploy Checklist: New Expensify 2023-08-28,26113,https://github.com/Expensify/App/issues/26113,2023-08-28
26190,https://github.com/Expensify/App/issues/26190,Deploy Checklist: New Expensify 2023-08-28,26113,https://github.com/Expensify/App/issues/26113,2023-08-28
26191,https://github.com/Expensify/App/issues/26191,Deploy Checklist: New Expensify 2023-08-28,26113,https://github.com/Expensify/App/issues/26113,2023-08-28
26193,https://github.com/Expensify/App/issues/26193,Deploy Checklist: New Expensify 2023-08-28,26113,https://github.com/Expensify/App/issues/26113,2023-08-28
26195,https://github.com/Expensify/App/issues/26195,Deploy Checklist: New Expensify 2023-08-28,26113,https://github.com/Expensify/App/issues/26113,2023-08-28
26196,https://github.com/Expensify/App/issues/26196,Deploy Checklist: New Expensify 2023-08-28,26113,https://github.com/Expensify/App/issues/26113,2023-08-28
26204,https://github.com/Expensify/App/issues/26204,Deploy Checklist: New Expensify 2023-08-28,26113,https://github.com/Expensify/App/issues/26113,2023-08-28
26208,https://github.com/Expensify/App/issues/26208,Deploy Checklist: New Expensify 2023-08-28,26113,https://github.com/Expensify/App/issues/26113,2023-08-28
26209,https://github.com/Expensify/App/issues/26209,Deploy Checklist: New Expensify 2023-08-28,26113,https://github.com/Expensify/App/issues/26113,2023-08-28
26243,https://github.com/Expensify/App/issues/26243,Deploy Checklist: New Expensify 2023-08-28,26113,https://github.com/Expensify/App/issues/26113,2023-08-28
26251,https://github.com/Expensify/App/issues/26251,Deploy Checklist: New Expensify 2023-08-28,26113,https://github.com/Expensify/App/issues/26113,2023-08-28
26256,https://github.com/Expensify/App/issues/26256,Deploy Checklist: New Expensify 2023-08-28,26113,https://github.com/Expensify/App/issues/26113,2023-08-28
25797,https://github.com/Expensify/App/issues/25797,Deploy Checklist: New Expensify 2023-08-24,25813,https://github.com/Expensify/App/issues/25813,2023-08-24
25830,https://github.com/Expensify/App/issues/25830,Deploy Checklist: New Expensify 2023-08-24,25813,https://github.com/Expensify/App/issues/25813,2023-08-24
25841,https://github.com/Expensify/App/issues/25841,Deploy Checklist: New Expensify 2023-08-24,25813,https://github.com/Expensify/App/issues/25813,2023-08-24
25859,https://github.com/Expensify/App/issues/25859,Deploy Checklist: New Expensify 2023-08-24,25813,https://github.com/Expensify/App/issues/25813,2023-08-24
25860,https://github.com/Expensify/App/issues/25860,Deploy Checklist: New Expensify 2023-08-24,25813,https://github.com/Expensify/App/issues/25813,2023-08-24
25870,https://github.com/Expensify/App/issues/25870,Deploy Checklist: New Expensify 2023-08-24,25813,https://github.com/Expensify/App/issues/25813,2023-08-24
25871,https://github.com/Expensify/App/issues/25871,Deploy Checklist: New Expensify 2023-08-24,25813,https://github.com/Expensify/App/issues/25813,2023-08-24
25874,https://github.com/Expensify/App/issues/25874,Deploy Checklist: New Expensify 2023-08-24,25813,https://github.com/Expensify/App/issues/25813,2023-08-24
25875,https://github.com/Expensify/App/issues/25875,Deploy Checklist: New Expensify 2023-08-24,25813,https://github.com/Expensify/App/issues/25813,2023-08-24
25877,https://github.com/Expensify/App/issues/25877,Deploy Checklist: New Expensify 2023-08-24,25813,https://github.com/Expensify/App/issues/25813,2023-08-24
25878,https://github.com/Expensify/App/issues/25878,Deploy Checklist: New Expensify 2023-08-24,25813,https://github.com/Expensify/App/issues/25813,2023-08-24
25879,https://github.com/Expensify/App/issues/25879,Deploy Checklist: New Expensify 2023-08-24,25813,https://github.com/Expensify/App/issues/25813,2023-08-24
25883,https://github.com/Expensify/App/issues/25883,Deploy Checklist: New Expensify 2023-08-24,25813,https://github.com/Expensify/App/issues/25813,2023-08-24
25884,https://github.com/Expensify/App/issues/25884,Deploy Checklist: New Expensify 2023-08-24,25813,https://github.com/Expensify/App/issues/25813,2023-08-24
25885,https://github.com/Expensify/App/issues/25885,Deploy Checklist: New Expensify 2023-08-24,25813,https://github.com/Expensify/App/issues/25813,2023-08-24
25887,https://github.com/Expensify/App/issues/25887,Deploy Checklist: New Expensify 2023-08-24,25813,https://github.com/Expensify/App/issues/25813,2023-08-24
25888,https://github.com/Expensify/App/issues/25888,Deploy Checklist: New Expensify 2023-08-24,25813,https://github.com/Expensify/App/issues/25813,2023-08-24
25889,https://github.com/Expensify/App/issues/25889,Deploy Checklist: New Expensify 2023-08-24,25813,https://github.com/Expensify/App/issues/25813,2023-08-24
25890,https://github.com/Expensify/App/issues/25890,Deploy Checklist: New Expensify 2023-08-24,25813,https://github.com/Expensify/App/issues/25813,2023-08-24
25893,https://github.com/Expensify/App/issues/25893,Deploy Checklist: New Expensify 2023-08-24,25813,https://github.com/Expensify/App/issues/25813,2023-08-24
25895,https://github.com/Expensify/App/issues/25895,Deploy Checklist: New Expensify 2023-08-24,25813,https://github.com/Expensify/App/issues/25813,2023-08-24
25896,https://github.com/Expensify/App/issues/25896,Deploy Checklist: New Expensify 2023-08-24,25813,https://github.com/Expensify/App/issues/25813,2023-08-24
25898,https://github.com/Expensify/App/issues/25898,Deploy Checklist: New Expensify 2023-08-24,25813,https://github.com/Expensify/App/issues/25813,2023-08-24
25966,https://github.com/Expensify/App/issues/25966,Deploy Checklist: New Expensify 2023-08-24,25813,https://github.com/Expensify/App/issues/25813,2023-08-24
25979,https://github.com/Expensify/App/issues/25979,Deploy Checklist: New Expensify 2023-08-24,25813,https://github.com/Expensify/App/issues/25813,2023-08-24
25998,https://github.com/Expensify/App/issues/25998,Deploy Checklist: New Expensify 2023-08-24,25813,https://github.com/Expensify/App/issues/25813,2023-08-24
26027,https://github.com/Expensify/App/issues/26027,Deploy Checklist: New Expensify 2023-08-24,25813,https://github.com/Expensify/App/issues/25813,2023-08-24
26074,https://github.com/Expensify/App/issues/26074,Deploy Checklist: New Expensify 2023-08-24,25813,https://github.com/Expensify/App/issues/25813,2023-08-24
25481,https://github.com/Expensify/App/issues/25481,Deploy Checklist: New Expensify 2023-08-21,25625,https://github.com/Expensify/App/issues/25625,2023-08-21
25616,https://github.com/Expensify/App/issues/25616,Deploy Checklist: New Expensify 2023-08-21,25625,https://github.com/Expensify/App/issues/25625,2023-08-21
25626,https://github.com/Expensify/App/issues/25626,Deploy Checklist: New Expensify 2023-08-21,25625,https://github.com/Expensify/App/issues/25625,2023-08-21
25637,https://github.com/Expensify/App/issues/25637,Deploy Checklist: New Expensify 2023-08-21,25625,https://github.com/Expensify/App/issues/25625,2023-08-21
25640,https://github.com/Expensify/App/issues/25640,Deploy Checklist: New Expensify 2023-08-21,25625,https://github.com/Expensify/App/issues/25625,2023-08-21
25644,https://github.com/Expensify/App/issues/25644,Deploy Checklist: New Expensify 2023-08-21,25625,https://github.com/Expensify/App/issues/25625,2023-08-21
25647,https://github.com/Expensify/App/issues/25647,Deploy Checklist: New Expensify 2023-08-21,25625,https://github.com/Expensify/App/issues/25625,2023-08-21
25648,https://github.com/Expensify/App/issues/25648,Deploy Checklist: New Expensify 2023-08-21,25625,https://github.com/Expensify/App/issues/25625,2023-08-21
25649,https://github.com/Expensify/App/issues/25649,Deploy Checklist: New Expensify 2023-08-21,25625,https://github.com/Expensify/App/issues/25625,2023-08-21
25650,https://github.com/Expensify/App/issues/25650,Deploy Checklist: New Expensify 2023-08-21,25625,https://github.com/Expensify/App/issues/25625,2023-08-21
25673,https://github.com/Expensify/App/issues/25673,Deploy Checklist: New Expensify 2023-08-21,25625,https://github.com/Expensify/App/issues/25625,2023-08-21
25674,https://github.com/Expensify/App/issues/25674,Deploy Checklist: New Expensify 2023-08-21,25625,https://github.com/Expensify/App/issues/25625,2023-08-21
25676,https://github.com/Expensify/App/issues/25676,Deploy Checklist: New Expensify 2023-08-21,25625,https://github.com/Expensify/App/issues/25625,2023-08-21
25678,https://github.com/Expensify/App/issues/25678,Deploy Checklist: New Expensify 2023-08-21,25625,https://github.com/Expensify/App/issues/25625,2023-08-21
25679,https://github.com/Expensify/App/issues/25679,Deploy Checklist: New Expensify 2023-08-21,25625,https://github.com/Expensify/App/issues/25625,2023-08-21
25680,https://github.com/Expensify/App/issues/25680,Deploy Checklist: New Expensify 2023-08-21,25625,https://github.com/Expensify/App/issues/25625,2023-08-21
25683,https://github.com/Expensify/App/issues/25683,Deploy Checklist: New Expensify 2023-08-21,25625,https://github.com/Expensify/App/issues/25625,2023-08-21
25685,https://github.com/Expensify/App/issues/25685,Deploy Checklist: New Expensify 2023-08-21,25625,https://github.com/Expensify/App/issues/25625,2023-08-21
25686,https://github.com/Expensify/App/issues/25686,Deploy Checklist: New Expensify 2023-08-21,25625,https://github.com/Expensify/App/issues/25625,2023-08-21
25688,https://github.com/Expensify/App/issues/25688,Deploy Checklist: New Expensify 2023-08-21,25625,https://github.com/Expensify/App/issues/25625,2023-08-21
25690,https://github.com/Expensify/App/issues/25690,Deploy Checklist: New Expensify 2023-08-21,25625,https://github.com/Expensify/App/issues/25625,2023-08-21
25692,https://github.com/Expensify/App/issues/25692,Deploy Checklist: New Expensify 2023-08-21,25625,https://github.com/Expensify/App/issues/25625,2023-08-21
25694,https://github.com/Expensify/App/issues/25694,Deploy Checklist: New Expensify 2023-08-21,25625,https://github.com/Expensify/App/issues/25625,2023-08-21
25696,https://github.com/Expensify/App/issues/25696,Deploy Checklist: New Expensify 2023-08-21,25625,https://github.com/Expensify/App/issues/25625,2023-08-21
25697,https://github.com/Expensify/App/issues/25697,Deploy Checklist: New Expensify 2023-08-21,25625,https://github.com/Expensify/App/issues/25625,2023-08-21
25698,https://github.com/Expensify/App/issues/25698,Deploy Checklist: New Expensify 2023-08-21,25625,https://github.com/Expensify/App/issues/25625,2023-08-21
25705,https://github.com/Expensify/App/issues/25705,Deploy Checklist: New Expensify 2023-08-21,25625,https://github.com/Expensify/App/issues/25625,2023-08-21
25713,https://github.com/Expensify/App/issues/25713,Deploy Checklist: New Expensify 2023-08-21,25625,https://github.com/Expensify/App/issues/25625,2023-08-21
25715,https://github.com/Expensify/App/issues/25715,Deploy Checklist: New Expensify 2023-08-21,25625,https://github.com/Expensify/App/issues/25625,2023-08-21
25717,https://github.com/Expensify/App/issues/25717,Deploy Checklist: New Expensify 2023-08-21,25625,https://github.com/Expensify/App/issues/25625,2023-08-21
25718,https://github.com/Expensify/App/issues/25718,Deploy Checklist: New Expensify 2023-08-21,25625,https://github.com/Expensify/App/issues/25625,2023-08-21
25728,https://github.com/Expensify/App/issues/25728,Deploy Checklist: New Expensify 2023-08-21,25625,https://github.com/Expensify/App/issues/25625,2023-08-21
25737,https://github.com/Expensify/App/issues/25737,Deploy Checklist: New Expensify 2023-08-21,25625,https://github.com/Expensify/App/issues/25625,2023-08-21
25767,https://github.com/Expensify/App/issues/25767,Deploy Checklist: New Expensify 2023-08-21,25625,https://github.com/Expensify/App/issues/25625,2023-08-21
25768,https://github.com/Expensify/App/issues/25768,Deploy Checklist: New Expensify 2023-08-21,25625,https://github.com/Expensify/App/issues/25625,2023-08-21
25776,https://github.com/Expensify/App/issues/25776,Deploy Checklist: New Expensify 2023-08-21,25625,https://github.com/Expensify/App/issues/25625,2023-08-21
25779,https://github.com/Expensify/App/issues/25779,Deploy Checklist: New Expensify 2023-08-21,25625,https://github.com/Expensify/App/issues/25625,2023-08-21
25780,https://github.com/Expensify/App/issues/25780,Deploy Checklist: New Expensify 2023-08-21,25625,https://github.com/Expensify/App/issues/25625,2023-08-21
25784,https://github.com/Expensify/App/issues/25784,Deploy Checklist: New Expensify 2023-08-21,25625,https://github.com/Expensify/App/issues/25625,2023-08-21
25787,https://github.com/Expensify/App/issues/25787,Deploy Checklist: New Expensify 2023-08-21,25625,https://github.com/Expensify/App/issues/25625,2023-08-21
25790,https://github.com/Expensify/App/issues/25790,Deploy Checklist: New Expensify 2023-08-21,25625,https://github.com/Expensify/App/issues/25625,2023-08-21
25795,https://github.com/Expensify/App/issues/25795,Deploy Checklist: New Expensify 2023-08-21,25625,https://github.com/Expensify/App/issues/25625,2023-08-21
25797,https://github.com/Expensify/App/issues/25797,Deploy Checklist: New Expensify 2023-08-21,25625,https://github.com/Expensify/App/issues/25625,2023-08-21
25803,https://github.com/Expensify/App/issues/25803,Deploy Checklist: New Expensify 2023-08-21,25625,https://github.com/Expensify/App/issues/25625,2023-08-21
24593,https://github.com/Expensify/App/issues/24593,Deploy Checklist: New Expensify 2023-08-17,25160,https://github.com/Expensify/App/issues/25160,2023-08-17
24623,https://github.com/Expensify/App/issues/24623,Deploy Checklist: New Expensify 2023-08-17,25160,https://github.com/Expensify/App/issues/25160,2023-08-17
25386,https://github.com/Expensify/App/issues/25386,Deploy Checklist: New Expensify 2023-08-17,25160,https://github.com/Expensify/App/issues/25160,2023-08-17
25388,https://github.com/Expensify/App/issues/25388,Deploy Checklist: New Expensify 2023-08-17,25160,https://github.com/Expensify/App/issues/25160,2023-08-17
25389,https://github.com/Expensify/App/issues/25389,Deploy Checklist: New Expensify 2023-08-17,25160,https://github.com/Expensify/App/issues/25160,2023-08-17
25390,https://github.com/Expensify/App/issues/25390,Deploy Checklist: New Expensify 2023-08-17,25160,https://github.com/Expensify/App/issues/25160,2023-08-17
25392,https://github.com/Expensify/App/issues/25392,Deploy Checklist: New Expensify 2023-08-17,25160,https://github.com/Expensify/App/issues/25160,2023-08-17
25393,https://github.com/Expensify/App/issues/25393,Deploy Checklist: New Expensify 2023-08-17,25160,https://github.com/Expensify/App/issues/25160,2023-08-17
25409,https://github.com/Expensify/App/issues/25409,Deploy Checklist: New Expensify 2023-08-17,25160,https://github.com/Expensify/App/issues/25160,2023-08-17
25413,https://github.com/Expensify/App/issues/25413,Deploy Checklist: New Expensify 2023-08-17,25160,https://github.com/Expensify/App/issues/25160,2023-08-17
25415,https://github.com/Expensify/App/issues/25415,Deploy Checklist: New Expensify 2023-08-17,25160,https://github.com/Expensify/App/issues/25160,2023-08-17
25423,https://github.com/Expensify/App/issues/25423,Deploy Checklist: New Expensify 2023-08-17,25160,https://github.com/Expensify/App/issues/25160,2023-08-17
25436,https://github.com/Expensify/App/issues/25436,Deploy Checklist: New Expensify 2023-08-17,25160,https://github.com/Expensify/App/issues/25160,2023-08-17
25447,https://github.com/Expensify/App/issues/25447,Deploy Checklist: New Expensify 2023-08-17,25160,https://github.com/Expensify/App/issues/25160,2023-08-17
25451,https://github.com/Expensify/App/issues/25451,Deploy Checklist: New Expensify 2023-08-17,25160,https://github.com/Expensify/App/issues/25160,2023-08-17
25472,https://github.com/Expensify/App/issues/25472,Deploy Checklist: New Expensify 2023-08-17,25160,https://github.com/Expensify/App/issues/25160,2023-08-17
25481,https://github.com/Expensify/App/issues/25481,Deploy Checklist: New Expensify 2023-08-17,25160,https://github.com/Expensify/App/issues/25160,2023-08-17
25523,https://github.com/Expensify/App/issues/25523,Deploy Checklist: New Expensify 2023-08-17,25160,https://github.com/Expensify/App/issues/25160,2023-08-17
25525,https://github.com/Expensify/App/issues/25525,Deploy Checklist: New Expensify 2023-08-17,25160,https://github.com/Expensify/App/issues/25160,2023-08-17
25526,https://github.com/Expensify/App/issues/25526,Deploy Checklist: New Expensify 2023-08-17,25160,https://github.com/Expensify/App/issues/25160,2023-08-17
25527,https://github.com/Expensify/App/issues/25527,Deploy Checklist: New Expensify 2023-08-17,25160,https://github.com/Expensify/App/issues/25160,2023-08-17
25585,https://github.com/Expensify/App/issues/25585,Deploy Checklist: New Expensify 2023-08-17,25160,https://github.com/Expensify/App/issues/25160,2023-08-17
25595,https://github.com/Expensify/App/issues/25595,Deploy Checklist: New Expensify 2023-08-17,25160,https://github.com/Expensify/App/issues/25160,2023-08-17
25602,https://github.com/Expensify/App/issues/25602,Deploy Checklist: New Expensify 2023-08-17,25160,https://github.com/Expensify/App/issues/25160,2023-08-17
25606,https://github.com/Expensify/App/issues/25606,Deploy Checklist: New Expensify 2023-08-17,25160,https://github.com/Expensify/App/issues/25160,2023-08-17
25608,https://github.com/Expensify/App/issues/25608,Deploy Checklist: New Expensify 2023-08-17,25160,https://github.com/Expensify/App/issues/25160,2023-08-17
25616,https://github.com/Expensify/App/issues/25616,Deploy Checklist: New Expensify 2023-08-17,25160,https://github.com/Expensify/App/issues/25160,2023-08-17
24424,https://github.com/Expensify/App/issues/24424,Deploy Checklist: New Expensify 2023-08-14,24550,https://github.com/Expensify/App/issues/24550,2023-08-14
24568,https://github.com/Expensify/App/issues/24568,Deploy Checklist: New Expensify 2023-08-14,24550,https://github.com/Expensify/App/issues/24550,2023-08-14
24569,https://github.com/Expensify/App/issues/24569,Deploy Checklist: New Expensify 2023-08-14,24550,https://github.com/Expensify/App/issues/24550,2023-08-14
24570,https://github.com/Expensify/App/issues/24570,Deploy Checklist: New Expensify 2023-08-14,24550,https://github.com/Expensify/App/issues/24550,2023-08-14
24573,https://github.com/Expensify/App/issues/24573,Deploy Checklist: New Expensify 2023-08-14,24550,https://github.com/Expensify/App/issues/24550,2023-08-14
24578,https://github.com/Expensify/App/issues/24578,Deploy Checklist: New Expensify 2023-08-14,24550,https://github.com/Expensify/App/issues/24550,2023-08-14
24580,https://github.com/Expensify/App/issues/24580,Deploy Checklist: New Expensify 2023-08-14,24550,https://github.com/Expensify/App/issues/24550,2023-08-14
24584,https://github.com/Expensify/App/issues/24584,Deploy Checklist: New Expensify 2023-08-14,24550,https://github.com/Expensify/App/issues/24550,2023-08-14
24585,https://github.com/Expensify/App/issues/24585,Deploy Checklist: New Expensify 2023-08-14,24550,https://github.com/Expensify/App/issues/24550,2023-08-14
24593,https://github.com/Expensify/App/issues/24593,Deploy Checklist: New Expensify 2023-08-14,24550,https://github.com/Expensify/App/issues/24550,2023-08-14
24596,https://github.com/Expensify/App/issues/24596,Deploy Checklist: New Expensify 2023-08-14,24550,https://github.com/Expensify/App/issues/24550,2023-08-14
24623,https://github.com/Expensify/App/issues/24623,Deploy Checklist: New Expensify 2023-08-14,24550,https://github.com/Expensify/App/issues/24550,2023-08-14
24311,https://github.com/Expensify/App/issues/24311,Deploy Checklist: New Expensify 2023-08-10,24388,https://github.com/Expensify/App/issues/24388,2023-08-10
24326,https://github.com/Expensify/App/issues/24326,Deploy Checklist: New Expensify 2023-08-10,24388,https://github.com/Expensify/App/issues/24388,2023-08-10
24419,https://github.com/Expensify/App/issues/24419,Deploy Checklist: New Expensify 2023-08-10,24388,https://github.com/Expensify/App/issues/24388,2023-08-10
24423,https://github.com/Expensify/App/issues/24423,Deploy Checklist: New Expensify 2023-08-10,24388,https://github.com/Expensify/App/issues/24388,2023-08-10
24424,https://github.com/Expensify/App/issues/24424,Deploy Checklist: New Expensify 2023-08-10,24388,https://github.com/Expensify/App/issues/24388,2023-08-10
24430,https://github.com/Expensify/App/issues/24430,Deploy Checklist: New Expensify 2023-08-10,24388,https://github.com/Expensify/App/issues/24388,2023-08-10
24490,https://github.com/Expensify/App/issues/24490,Deploy Checklist: New Expensify 2023-08-10,24388,https://github.com/Expensify/App/issues/24388,2023-08-10
24311,https://github.com/Expensify/App/issues/24311,Deploy Checklist: New Expensify 2023-08-09,24307,https://github.com/Expensify/App/issues/24307,2023-08-09
24323,https://github.com/Expensify/App/issues/24323,Deploy Checklist: New Expensify 2023-08-09,24307,https://github.com/Expensify/App/issues/24307,2023-08-09
24326,https://github.com/Expensify/App/issues/24326,Deploy Checklist: New Expensify 2023-08-09,24307,https://github.com/Expensify/App/issues/24307,2023-08-09
24337,https://github.com/Expensify/App/issues/24337,Deploy Checklist: New Expensify 2023-08-09,24307,https://github.com/Expensify/App/issues/24307,2023-08-09
24338,https://github.com/Expensify/App/issues/24338,Deploy Checklist: New Expensify 2023-08-09,24307,https://github.com/Expensify/App/issues/24307,2023-08-09
24340,https://github.com/Expensify/App/issues/24340,Deploy Checklist: New Expensify 2023-08-09,24307,https://github.com/Expensify/App/issues/24307,2023-08-09
24343,https://github.com/Expensify/App/issues/24343,Deploy Checklist: New Expensify 2023-08-09,24307,https://github.com/Expensify/App/issues/24307,2023-08-09
24365,https://github.com/Expensify/App/issues/24365,Deploy Checklist: New Expensify 2023-08-09,24307,https://github.com/Expensify/App/issues/24307,2023-08-09
24234,https://github.com/Expensify/App/issues/24234,Deploy Checklist: New Expensify 2023-08-07,24230,https://github.com/Expensify/App/issues/24230,2023-08-07
24239,https://github.com/Expensify/App/issues/24239,Deploy Checklist: New Expensify 2023-08-07,24230,https://github.com/Expensify/App/issues/24230,2023-08-07
24256,https://github.com/Expensify/App/issues/24256,Deploy Checklist: New Expensify 2023-08-07,24230,https://github.com/Expensify/App/issues/24230,2023-08-07
24266,https://github.com/Expensify/App/issues/24266,Deploy Checklist: New Expensify 2023-08-07,24230,https://github.com/Expensify/App/issues/24230,2023-08-07
24267,https://github.com/Expensify/App/issues/24267,Deploy Checklist: New Expensify 2023-08-07,24230,https://github.com/Expensify/App/issues/24230,2023-08-07
24275,https://github.com/Expensify/App/issues/24275,Deploy Checklist: New Expensify 2023-08-07,24230,https://github.com/Expensify/App/issues/24230,2023-08-07
24284,https://github.com/Expensify/App/issues/24284,Deploy Checklist: New Expensify 2023-08-07,24230,https://github.com/Expensify/App/issues/24230,2023-08-07
24300,https://github.com/Expensify/App/issues/24300,Deploy Checklist: New Expensify 2023-08-07,24230,https://github.com/Expensify/App/issues/24230,2023-08-07
24123,https://github.com/Expensify/App/issues/24123,Deploy Checklist: New Expensify 2023-08-03,24121,https://github.com/Expensify/App/issues/24121,2023-08-03
24124,https://github.com/Expensify/App/issues/24124,Deploy Checklist: New Expensify 2023-08-03,24121,https://github.com/Expensify/App/issues/24121,2023-08-03
24131,https://github.com/Expensify/App/issues/24131,Deploy Checklist: New Expensify 2023-08-03,24121,https://github.com/Expensify/App/issues/24121,2023-08-03
24147,https://github.com/Expensify/App/issues/24147,Deploy Checklist: New Expensify 2023-08-03,24121,https://github.com/Expensify/App/issues/24121,2023-08-03
24157,https://github.com/Expensify/App/issues/24157,Deploy Checklist: New Expensify 2023-08-03,24121,https://github.com/Expensify/App/issues/24121,2023-08-03
24160,https://github.com/Expensify/App/issues/24160,Deploy Checklist: New Expensify 2023-08-03,24121,https://github.com/Expensify/App/issues/24121,2023-08-03
24183,https://github.com/Expensify/App/issues/24183,Deploy Checklist: New Expensify 2023-08-03,24121,https://github.com/Expensify/App/issues/24121,2023-08-03
24193,https://github.com/Expensify/App/issues/24193,Deploy Checklist: New Expensify 2023-08-03,24121,https://github.com/Expensify/App/issues/24121,2023-08-03
24005,https://github.com/Expensify/App/issues/24005,Deploy Checklist: New Expensify 2023-08-01,24028,https://github.com/Expensify/App/issues/24028,2023-08-01
24063,https://github.com/Expensify/App/issues/24063,Deploy Checklist: New Expensify 2023-08-01,24028,https://github.com/Expensify/App/issues/24028,2023-08-01
24069,https://github.com/Expensify/App/issues/24069,Deploy Checklist: New Expensify 2023-08-01,24028,https://github.com/Expensify/App/issues/24028,2023-08-01
24077,https://github.com/Expensify/App/issues/24077,Deploy Checklist: New Expensify 2023-08-01,24028,https://github.com/Expensify/App/issues/24028,2023-08-01
24085,https://github.com/Expensify/App/issues/24085,Deploy Checklist: New Expensify 2023-08-01,24028,https://github.com/Expensify/App/issues/24028,2023-08-01
24092,https://github.com/Expensify/App/issues/24092,Deploy Checklist: New Expensify 2023-08-01,24028,https://github.com/Expensify/App/issues/24028,2023-08-01
24112,https://github.com/Expensify/App/issues/24112,Deploy Checklist: New Expensify 2023-08-01,24028,https://github.com/Expensify/App/issues/24028,2023-08-01
23950,https://github.com/Expensify/App/issues/23950,Deploy Checklist: New Expensify 2023-07-31,23945,https://github.com/Expensify/App/issues/23945,2023-07-31
23951,https://github.com/Expensify/App/issues/23951,Deploy Checklist: New Expensify 2023-07-31,23945,https://github.com/Expensify/App/issues/23945,2023-07-31
23962,https://github.com/Expensify/App/issues/23962,Deploy Checklist: New Expensify 2023-07-31,23945,https://github.com/Expensify/App/issues/23945,2023-07-31
23964,https://github.com/Expensify/App/issues/23964,Deploy Checklist: New Expensify 2023-07-31,23945,https://github.com/Expensify/App/issues/23945,2023-07-31
23966,https://github.com/Expensify/App/issues/23966,Deploy Checklist: New Expensify 2023-07-31,23945,https://github.com/Expensify/App/issues/23945,2023-07-31
23968,https://github.com/Expensify/App/issues/23968,Deploy Checklist: New Expensify 2023-07-31,23945,https://github.com/Expensify/App/issues/23945,2023-07-31
23969,https://github.com/Expensify/App/issues/23969,Deploy Checklist: New Expensify 2023-07-31,23945,https://github.com/Expensify/App/issues/23945,2023-07-31
23973,https://github.com/Expensify/App/issues/23973,Deploy Checklist: New Expensify 2023-07-31,23945,https://github.com/Expensify/App/issues/23945,2023-07-31
24005,https://github.com/Expensify/App/issues/24005,Deploy Checklist: New Expensify 2023-07-31,23945,https://github.com/Expensify/App/issues/23945,2023-07-31
24006,https://github.com/Expensify/App/issues/24006,Deploy Checklist: New Expensify 2023-07-31,23945,https://github.com/Expensify/App/issues/23945,2023-07-31
24016,https://github.com/Expensify/App/issues/24016,Deploy Checklist: New Expensify 2023-07-31,23945,https://github.com/Expensify/App/issues/23945,2023-07-31
23742,https://github.com/Expensify/App/issues/23742,Deploy Checklist: New Expensify 2023-07-27,23765,https://github.com/Expensify/App/issues/23765,2023-07-27
23785,https://github.com/Expensify/App/issues/23785,Deploy Checklist: New Expensify 2023-07-27,23765,https://github.com/Expensify/App/issues/23765,2023-07-27
23794,https://github.com/Expensify/App/issues/23794,Deploy Checklist: New Expensify 2023-07-27,23765,https://github.com/Expensify/App/issues/23765,2023-07-27
23824,https://github.com/Expensify/App/issues/23824,Deploy Checklist: New Expensify 2023-07-27,23765,https://github.com/Expensify/App/issues/23765,2023-07-27
23827,https://github.com/Expensify/App/issues/23827,Deploy Checklist: New Expensify 2023-07-27,23765,https://github.com/Expensify/App/issues/23765,2023-07-27
23848,https://github.com/Expensify/App/issues/23848,Deploy Checklist: New Expensify 2023-07-27,23765,https://github.com/Expensify/App/issues/23765,2023-07-27
23858,https://github.com/Expensify/App/issues/23858,Deploy Checklist: New Expensify 2023-07-27,23765,https://github.com/Expensify/App/issues/23765,2023-07-27
23863,https://github.com/Expensify/App/issues/23863,Deploy Checklist: New Expensify 2023-07-27,23765,https://github.com/Expensify/App/issues/23765,2023-07-27
23881,https://github.com/Expensify/App/issues/23881,Deploy Checklist: New Expensify 2023-07-27,23765,https://github.com/Expensify/App/issues/23765,2023-07-27
23675,https://github.com/Expensify/App/issues/23675,Deploy Checklist: New Expensify 2023-07-26,23657,https://github.com/Expensify/App/issues/23657,2023-07-26
23680,https://github.com/Expensify/App/issues/23680,Deploy Checklist: New Expensify 2023-07-26,23657,https://github.com/Expensify/App/issues/23657,2023-07-26
23684,https://github.com/Expensify/App/issues/23684,Deploy Checklist: New Expensify 2023-07-26,23657,https://github.com/Expensify/App/issues/23657,2023-07-26
23725,https://github.com/Expensify/App/issues/23725,Deploy Checklist: New Expensify 2023-07-26,23657,https://github.com/Expensify/App/issues/23657,2023-07-26
23746,https://github.com/Expensify/App/issues/23746,Deploy Checklist: New Expensify 2023-07-26,23657,https://github.com/Expensify/App/issues/23657,2023-07-26
23727,https://github.com/Expensify/App/issues/23727,Deploy Checklist: New Expensify 2023-07-26,23657,https://github.com/Expensify/App/issues/23657,2023-07-26
23716,https://github.com/Expensify/App/issues/23716,Deploy Checklist: New Expensify 2023-07-26,23657,https://github.com/Expensify/App/issues/23657,2023-07-26
23189,https://github.com/Expensify/App/issues/23189,Deploy Checklist: New Expensify 2023-07-25,23522,https://github.com/Expensify/App/issues/23522,2023-07-25
23250,https://github.com/Expensify/App/issues/23250,Deploy Checklist: New Expensify 2023-07-25,23522,https://github.com/Expensify/App/issues/23522,2023-07-25
23401,https://github.com/Expensify/App/issues/23401,Deploy Checklist: New Expensify 2023-07-25,23522,https://github.com/Expensify/App/issues/23522,2023-07-25
23416,https://github.com/Expensify/App/issues/23416,Deploy Checklist: New Expensify 2023-07-25,23522,https://github.com/Expensify/App/issues/23522,2023-07-25
23536,https://github.com/Expensify/App/issues/23536,Deploy Checklist: New Expensify 2023-07-25,23522,https://github.com/Expensify/App/issues/23522,2023-07-25
23537,https://github.com/Expensify/App/issues/23537,Deploy Checklist: New Expensify 2023-07-25,23522,https://github.com/Expensify/App/issues/23522,2023-07-25
23539,https://github.com/Expensify/App/issues/23539,Deploy Checklist: New Expensify 2023-07-25,23522,https://github.com/Expensify/App/issues/23522,2023-07-25
23540,https://github.com/Expensify/App/issues/23540,Deploy Checklist: New Expensify 2023-07-25,23522,https://github.com/Expensify/App/issues/23522,2023-07-25
23542,https://github.com/Expensify/App/issues/23542,Deploy Checklist: New Expensify 2023-07-25,23522,https://github.com/Expensify/App/issues/23522,2023-07-25
23544,https://github.com/Expensify/App/issues/23544,Deploy Checklist: New Expensify 2023-07-25,23522,https://github.com/Expensify/App/issues/23522,2023-07-25
23504,https://github.com/Expensify/App/issues/23504,Deploy Checklist: New Expensify 2023-07-25,23522,https://github.com/Expensify/App/issues/23522,2023-07-25
23584,https://github.com/Expensify/App/issues/23584,Deploy Checklist: New Expensify 2023-07-25,23522,https://github.com/Expensify/App/issues/23522,2023-07-25
23583,https://github.com/Expensify/App/issues/23583,Deploy Checklist: New Expensify 2023-07-25,23522,https://github.com/Expensify/App/issues/23522,2023-07-25
23576,https://github.com/Expensify/App/issues/23576,Deploy Checklist: New Expensify 2023-07-25,23522,https://github.com/Expensify/App/issues/23522,2023-07-25
23189,https://github.com/Expensify/App/issues/23189,Deploy Checklist: New Expensify 2023-07-21,23362,https://github.com/Expensify/App/issues/23362,2023-07-21
23250,https://github.com/Expensify/App/issues/23250,Deploy Checklist: New Expensify 2023-07-21,23362,https://github.com/Expensify/App/issues/23362,2023-07-21
23388,https://github.com/Expensify/App/issues/23388,Deploy Checklist: New Expensify 2023-07-21,23362,https://github.com/Expensify/App/issues/23362,2023-07-21
23399,https://github.com/Expensify/App/issues/23399,Deploy Checklist: New Expensify 2023-07-21,23362,https://github.com/Expensify/App/issues/23362,2023-07-21
23410,https://github.com/Expensify/App/issues/23410,Deploy Checklist: New Expensify 2023-07-21,23362,https://github.com/Expensify/App/issues/23362,2023-07-21
23412,https://github.com/Expensify/App/issues/23412,Deploy Checklist: New Expensify 2023-07-21,23362,https://github.com/Expensify/App/issues/23362,2023-07-21
23416,https://github.com/Expensify/App/issues/23416,Deploy Checklist: New Expensify 2023-07-21,23362,https://github.com/Expensify/App/issues/23362,2023-07-21
23401,https://github.com/Expensify/App/issues/23401,Deploy Checklist: New Expensify 2023-07-21,23362,https://github.com/Expensify/App/issues/23362,2023-07-21
23083,https://github.com/Expensify/App/issues/23083,Deploy Checklist: New Expensify 2023-07-19,23183,https://github.com/Expensify/App/issues/23183,2023-07-19
23102,https://github.com/Expensify/App/issues/23102,Deploy Checklist: New Expensify 2023-07-19,23183,https://github.com/Expensify/App/issues/23183,2023-07-19
23123,https://github.com/Expensify/App/issues/23123,Deploy Checklist: New Expensify 2023-07-19,23183,https://github.com/Expensify/App/issues/23183,2023-07-19
23187,https://github.com/Expensify/App/issues/23187,Deploy Checklist: New Expensify 2023-07-19,23183,https://github.com/Expensify/App/issues/23183,2023-07-19
23189,https://github.com/Expensify/App/issues/23189,Deploy Checklist: New Expensify 2023-07-19,23183,https://github.com/Expensify/App/issues/23183,2023-07-19
23190,https://github.com/Expensify/App/issues/23190,Deploy Checklist: New Expensify 2023-07-19,23183,https://github.com/Expensify/App/issues/23183,2023-07-19
23195,https://github.com/Expensify/App/issues/23195,Deploy Checklist: New Expensify 2023-07-19,23183,https://github.com/Expensify/App/issues/23183,2023-07-19
23202,https://github.com/Expensify/App/issues/23202,Deploy Checklist: New Expensify 2023-07-19,23183,https://github.com/Expensify/App/issues/23183,2023-07-19
23210,https://github.com/Expensify/App/issues/23210,Deploy Checklist: New Expensify 2023-07-19,23183,https://github.com/Expensify/App/issues/23183,2023-07-19
23233,https://github.com/Expensify/App/issues/23233,Deploy Checklist: New Expensify 2023-07-19,23183,https://github.com/Expensify/App/issues/23183,2023-07-19
23250,https://github.com/Expensify/App/issues/23250,Deploy Checklist: New Expensify 2023-07-19,23183,https://github.com/Expensify/App/issues/23183,2023-07-19
23257,https://github.com/Expensify/App/issues/23257,Deploy Checklist: New Expensify 2023-07-19,23183,https://github.com/Expensify/App/issues/23183,2023-07-19
23262,https://github.com/Expensify/App/issues/23262,Deploy Checklist: New Expensify 2023-07-19,23183,https://github.com/Expensify/App/issues/23183,2023-07-19
23264,https://github.com/Expensify/App/issues/23264,Deploy Checklist: New Expensify 2023-07-19,23183,https://github.com/Expensify/App/issues/23183,2023-07-19
23265,https://github.com/Expensify/App/issues/23265,Deploy Checklist: New Expensify 2023-07-19,23183,https://github.com/Expensify/App/issues/23183,2023-07-19
23285,https://github.com/Expensify/App/issues/23285,Deploy Checklist: New Expensify 2023-07-19,23183,https://github.com/Expensify/App/issues/23183,2023-07-19
23287,https://github.com/Expensify/App/issues/23287,Deploy Checklist: New Expensify 2023-07-19,23183,https://github.com/Expensify/App/issues/23183,2023-07-19
23288,https://github.com/Expensify/App/issues/23288,Deploy Checklist: New Expensify 2023-07-19,23183,https://github.com/Expensify/App/issues/23183,2023-07-19
23353,https://github.com/Expensify/App/issues/23353,Deploy Checklist: New Expensify 2023-07-19,23183,https://github.com/Expensify/App/issues/23183,2023-07-19
23050,https://github.com/Expensify/App/issues/23050,Deploy Checklist: New Expensify 2023-07-17,23033,https://github.com/Expensify/App/issues/23033,2023-07-17
23052,https://github.com/Expensify/App/issues/23052,Deploy Checklist: New Expensify 2023-07-17,23033,https://github.com/Expensify/App/issues/23033,2023-07-17
23069,https://github.com/Expensify/App/issues/23069,Deploy Checklist: New Expensify 2023-07-17,23033,https://github.com/Expensify/App/issues/23033,2023-07-17
23070,https://github.com/Expensify/App/issues/23070,Deploy Checklist: New Expensify 2023-07-17,23033,https://github.com/Expensify/App/issues/23033,2023-07-17
23073,https://github.com/Expensify/App/issues/23073,Deploy Checklist: New Expensify 2023-07-17,23033,https://github.com/Expensify/App/issues/23033,2023-07-17
23075,https://github.com/Expensify/App/issues/23075,Deploy Checklist: New Expensify 2023-07-17,23033,https://github.com/Expensify/App/issues/23033,2023-07-17
23077,https://github.com/Expensify/App/issues/23077,Deploy Checklist: New Expensify 2023-07-17,23033,https://github.com/Expensify/App/issues/23033,2023-07-17
23083,https://github.com/Expensify/App/issues/23083,Deploy Checklist: New Expensify 2023-07-17,23033,https://github.com/Expensify/App/issues/23033,2023-07-17
23087,https://github.com/Expensify/App/issues/23087,Deploy Checklist: New Expensify 2023-07-17,23033,https://github.com/Expensify/App/issues/23033,2023-07-17
23091,https://github.com/Expensify/App/issues/23091,Deploy Checklist: New Expensify 2023-07-17,23033,https://github.com/Expensify/App/issues/23033,2023-07-17
23100,https://github.com/Expensify/App/issues/23100,Deploy Checklist: New Expensify 2023-07-17,23033,https://github.com/Expensify/App/issues/23033,2023-07-17
23102,https://github.com/Expensify/App/issues/23102,Deploy Checklist: New Expensify 2023-07-17,23033,https://github.com/Expensify/App/issues/23033,2023-07-17
23106,https://github.com/Expensify/App/issues/23106,Deploy Checklist: New Expensify 2023-07-17,23033,https://github.com/Expensify/App/issues/23033,2023-07-17
23115,https://github.com/Expensify/App/issues/23115,Deploy Checklist: New Expensify 2023-07-17,23033,https://github.com/Expensify/App/issues/23033,2023-07-17
23123,https://github.com/Expensify/App/issues/23123,Deploy Checklist: New Expensify 2023-07-17,23033,https://github.com/Expensify/App/issues/23033,2023-07-17
22897,https://github.com/Expensify/App/issues/22897,Deploy Checklist: New Expensify 2023-07-14,22896,https://github.com/Expensify/App/issues/22896,2023-07-14
22924,https://github.com/Expensify/App/issues/22924,Deploy Checklist: New Expensify 2023-07-14,22896,https://github.com/Expensify/App/issues/22896,2023-07-14
22948,https://github.com/Expensify/App/issues/22948,Deploy Checklist: New Expensify 2023-07-14,22896,https://github.com/Expensify/App/issues/22896,2023-07-14
22955,https://github.com/Expensify/App/issues/22955,Deploy Checklist: New Expensify 2023-07-14,22896,https://github.com/Expensify/App/issues/22896,2023-07-14
22803,https://github.com/Expensify/App/issues/22803,Deploy Checklist: New Expensify 2023-07-13,22783,https://github.com/Expensify/App/issues/22783,2023-07-13
22833,https://github.com/Expensify/App/issues/22833,Deploy Checklist: New Expensify 2023-07-13,22783,https://github.com/Expensify/App/issues/22783,2023-07-13
22837,https://github.com/Expensify/App/issues/22837,Deploy Checklist: New Expensify 2023-07-13,22783,https://github.com/Expensify/App/issues/22783,2023-07-13
22862,https://github.com/Expensify/App/issues/22862,Deploy Checklist: New Expensify 2023-07-13,22783,https://github.com/Expensify/App/issues/22783,2023-07-13
22286,https://github.com/Expensify/App/issues/22286,Deploy Checklist: New Expensify 2023-07-10,22598,https://github.com/Expensify/App/issues/22598,2023-07-10
22636,https://github.com/Expensify/App/issues/22636,Deploy Checklist: New Expensify 2023-07-10,22598,https://github.com/Expensify/App/issues/22598,2023-07-10
22640,https://github.com/Expensify/App/issues/22640,Deploy Checklist: New Expensify 2023-07-10,22598,https://github.com/Expensify/App/issues/22598,2023-07-10
22647,https://github.com/Expensify/App/issues/22647,Deploy Checklist: New Expensify 2023-07-10,22598,https://github.com/Expensify/App/issues/22598,2023-07-10
22654,https://github.com/Expensify/App/issues/22654,Deploy Checklist: New Expensify 2023-07-10,22598,https://github.com/Expensify/App/issues/22598,2023-07-10
22657,https://github.com/Expensify/App/issues/22657,Deploy Checklist: New Expensify 2023-07-10,22598,https://github.com/Expensify/App/issues/22598,2023-07-10
22684,https://github.com/Expensify/App/issues/22684,Deploy Checklist: New Expensify 2023-07-10,22598,https://github.com/Expensify/App/issues/22598,2023-07-10
22687,https://github.com/Expensify/App/issues/22687,Deploy Checklist: New Expensify 2023-07-10,22598,https://github.com/Expensify/App/issues/22598,2023-07-10
22694,https://github.com/Expensify/App/issues/22694,Deploy Checklist: New Expensify 2023-07-10,22598,https://github.com/Expensify/App/issues/22598,2023-07-10
22742,https://github.com/Expensify/App/issues/22742,Deploy Checklist: New Expensify 2023-07-10,22598,https://github.com/Expensify/App/issues/22598,2023-07-10
22747,https://github.com/Expensify/App/issues/22747,Deploy Checklist: New Expensify 2023-07-10,22598,https://github.com/Expensify/App/issues/22598,2023-07-10
22756,https://github.com/Expensify/App/issues/22756,Deploy Checklist: New Expensify 2023-07-10,22598,https://github.com/Expensify/App/issues/22598,2023-07-10
22398,https://github.com/Expensify/App/issues/22398,Deploy Checklist: New Expensify 2023-07-07,22399,https://github.com/Expensify/App/issues/22399,2023-07-07
22426,https://github.com/Expensify/App/issues/22426,Deploy Checklist: New Expensify 2023-07-07,22399,https://github.com/Expensify/App/issues/22399,2023-07-07
22445,https://github.com/Expensify/App/issues/22445,Deploy Checklist: New Expensify 2023-07-07,22399,https://github.com/Expensify/App/issues/22399,2023-07-07
22469,https://github.com/Expensify/App/issues/22469,Deploy Checklist: New Expensify 2023-07-07,22399,https://github.com/Expensify/App/issues/22399,2023-07-07
22480,https://github.com/Expensify/App/issues/22480,Deploy Checklist: New Expensify 2023-07-07,22399,https://github.com/Expensify/App/issues/22399,2023-07-07
22485,https://github.com/Expensify/App/issues/22485,Deploy Checklist: New Expensify 2023-07-07,22399,https://github.com/Expensify/App/issues/22399,2023-07-07
22487,https://github.com/Expensify/App/issues/22487,Deploy Checklist: New Expensify 2023-07-07,22399,https://github.com/Expensify/App/issues/22399,2023-07-07
22494,https://github.com/Expensify/App/issues/22494,Deploy Checklist: New Expensify 2023-07-07,22399,https://github.com/Expensify/App/issues/22399,2023-07-07
22498,https://github.com/Expensify/App/issues/22498,Deploy Checklist: New Expensify 2023-07-07,22399,https://github.com/Expensify/App/issues/22399,2023-07-07
22502,https://github.com/Expensify/App/issues/22502,Deploy Checklist: New Expensify 2023-07-07,22399,https://github.com/Expensify/App/issues/22399,2023-07-07
22183,https://github.com/Expensify/App/issues/22183,Deploy Checklist: New Expensify 2023-07-05,22282,https://github.com/Expensify/App/issues/22282,2023-07-05
22286,https://github.com/Expensify/App/issues/22286,Deploy Checklist: New Expensify 2023-07-05,22282,https://github.com/Expensify/App/issues/22282,2023-07-05
22289,https://github.com/Expensify/App/issues/22289,Deploy Checklist: New Expensify 2023-07-05,22282,https://github.com/Expensify/App/issues/22282,2023-07-05
22297,https://github.com/Expensify/App/issues/22297,Deploy Checklist: New Expensify 2023-07-05,22282,https://github.com/Expensify/App/issues/22282,2023-07-05
22298,https://github.com/Expensify/App/issues/22298,Deploy Checklist: New Expensify 2023-07-05,22282,https://github.com/Expensify/App/issues/22282,2023-07-05
22300,https://github.com/Expensify/App/issues/22300,Deploy Checklist: New Expensify 2023-07-05,22282,https://github.com/Expensify/App/issues/22282,2023-07-05
22302,https://github.com/Expensify/App/issues/22302,Deploy Checklist: New Expensify 2023-07-05,22282,https://github.com/Expensify/App/issues/22282,2023-07-05
22308,https://github.com/Expensify/App/issues/22308,Deploy Checklist: New Expensify 2023-07-05,22282,https://github.com/Expensify/App/issues/22282,2023-07-05
22340,https://github.com/Expensify/App/issues/22340,Deploy Checklist: New Expensify 2023-07-05,22282,https://github.com/Expensify/App/issues/22282,2023-07-05
22351,https://github.com/Expensify/App/issues/22351,Deploy Checklist: New Expensify 2023-07-05,22282,https://github.com/Expensify/App/issues/22282,2023-07-05
22353,https://github.com/Expensify/App/issues/22353,Deploy Checklist: New Expensify 2023-07-05,22282,https://github.com/Expensify/App/issues/22282,2023-07-05
22373,https://github.com/Expensify/App/issues/22373,Deploy Checklist: New Expensify 2023-07-05,22282,https://github.com/Expensify/App/issues/22282,2023-07-05
22119,https://github.com/Expensify/App/issues/22119,Deploy Checklist: New Expensify 2023-07-03,22116,https://github.com/Expensify/App/issues/22116,2023-07-03
22123,https://github.com/Expensify/App/issues/22123,Deploy Checklist: New Expensify 2023-07-03,22116,https://github.com/Expensify/App/issues/22116,2023-07-03
22130,https://github.com/Expensify/App/issues/22130,Deploy Checklist: New Expensify 2023-07-03,22116,https://github.com/Expensify/App/issues/22116,2023-07-03
22133,https://github.com/Expensify/App/issues/22133,Deploy Checklist: New Expensify 2023-07-03,22116,https://github.com/Expensify/App/issues/22116,2023-07-03
22218,https://github.com/Expensify/App/issues/22218,Deploy Checklist: New Expensify 2023-07-03,22116,https://github.com/Expensify/App/issues/22116,2023-07-03
22219,https://github.com/Expensify/App/issues/22219,Deploy Checklist: New Expensify 2023-07-03,22116,https://github.com/Expensify/App/issues/22116,2023-07-03
22258,https://github.com/Expensify/App/issues/22258,Deploy Checklist: New Expensify 2023-07-03,22116,https://github.com/Expensify/App/issues/22116,2023-07-03
21944,https://github.com/Expensify/App/issues/21944,Deploy Checklist: New Expensify 2023-06-29,21911,https://github.com/Expensify/App/issues/21911,2023-06-29
21952,https://github.com/Expensify/App/issues/21952,Deploy Checklist: New Expensify 2023-06-29,21911,https://github.com/Expensify/App/issues/21911,2023-06-29
21967,https://github.com/Expensify/App/issues/21967,Deploy Checklist: New Expensify 2023-06-29,21911,https://github.com/Expensify/App/issues/21911,2023-06-29
21970,https://github.com/Expensify/App/issues/21970,Deploy Checklist: New Expensify 2023-06-29,21911,https://github.com/Expensify/App/issues/21911,2023-06-29
22002,https://github.com/Expensify/App/issues/22002,Deploy Checklist: New Expensify 2023-06-29,21911,https://github.com/Expensify/App/issues/21911,2023-06-29
22021,https://github.com/Expensify/App/issues/22021,Deploy Checklist: New Expensify 2023-06-29,21911,https://github.com/Expensify/App/issues/21911,2023-06-29
22104,https://github.com/Expensify/App/issues/22104,Deploy Checklist: New Expensify 2023-06-29,21911,https://github.com/Expensify/App/issues/21911,2023-06-29
21495,https://github.com/Expensify/App/issues/21495,Deploy Checklist: New Expensify 2023-06-24,21477,https://github.com/Expensify/App/issues/21477,2023-06-24
20934,https://github.com/Expensify/App/issues/20934,Deploy Checklist: New Expensify 2023-06-22,21330,https://github.com/Expensify/App/issues/21330,2023-06-22
21351,https://github.com/Expensify/App/issues/21351,Deploy Checklist: New Expensify 2023-06-22,21330,https://github.com/Expensify/App/issues/21330,2023-06-22
21354,https://github.com/Expensify/App/issues/21354,Deploy Checklist: New Expensify 2023-06-22,21330,https://github.com/Expensify/App/issues/21330,2023-06-22
21365,https://github.com/Expensify/App/issues/21365,Deploy Checklist: New Expensify 2023-06-22,21330,https://github.com/Expensify/App/issues/21330,2023-06-22
21390,https://github.com/Expensify/App/issues/21390,Deploy Checklist: New Expensify 2023-06-22,21330,https://github.com/Expensify/App/issues/21330,2023-06-22
21393,https://github.com/Expensify/App/issues/21393,Deploy Checklist: New Expensify 2023-06-22,21330,https://github.com/Expensify/App/issues/21330,2023-06-22
21040,https://github.com/Expensify/App/issues/21040,Deploy Checklist: New Expensify 2023-06-21,21172,https://github.com/Expensify/App/issues/21172,2023-06-21
21184,https://github.com/Expensify/App/issues/21184,Deploy Checklist: New Expensify 2023-06-21,21172,https://github.com/Expensify/App/issues/21172,2023-06-21
21199,https://github.com/Expensify/App/issues/21199,Deploy Checklist: New Expensify 2023-06-21,21172,https://github.com/Expensify/App/issues/21172,2023-06-21
21208,https://github.com/Expensify/App/issues/21208,Deploy Checklist: New Expensify 2023-06-21,21172,https://github.com/Expensify/App/issues/21172,2023-06-21
21222,https://github.com/Expensify/App/issues/21222,Deploy Checklist: New Expensify 2023-06-21,21172,https://github.com/Expensify/App/issues/21172,2023-06-21
21268,https://github.com/Expensify/App/issues/21268,Deploy Checklist: New Expensify 2023-06-21,21172,https://github.com/Expensify/App/issues/21172,2023-06-21
21276,https://github.com/Expensify/App/issues/21276,Deploy Checklist: New Expensify 2023-06-21,21172,https://github.com/Expensify/App/issues/21172,2023-06-21
21277,https://github.com/Expensify/App/issues/21277,Deploy Checklist: New Expensify 2023-06-21,21172,https://github.com/Expensify/App/issues/21172,2023-06-21
21283,https://github.com/Expensify/App/issues/21283,Deploy Checklist: New Expensify 2023-06-21,21172,https://github.com/Expensify/App/issues/21172,2023-06-21
21303,https://github.com/Expensify/App/issues/21303,Deploy Checklist: New Expensify 2023-06-21,21172,https://github.com/Expensify/App/issues/21172,2023-06-21
21309,https://github.com/Expensify/App/issues/21309,Deploy Checklist: New Expensify 2023-06-21,21172,https://github.com/Expensify/App/issues/21172,2023-06-21
20676,https://github.com/Expensify/App/issues/20676,Deploy Checklist: New Expensify 2023-06-16,20928,https://github.com/Expensify/App/issues/20928,2023-06-16
20809,https://github.com/Expensify/App/issues/20809,Deploy Checklist: New Expensify 2023-06-16,20928,https://github.com/Expensify/App/issues/20928,2023-06-16
20819,https://github.com/Expensify/App/issues/20819,Deploy Checklist: New Expensify 2023-06-16,20928,https://github.com/Expensify/App/issues/20928,2023-06-16
20934,https://github.com/Expensify/App/issues/20934,Deploy Checklist: New Expensify 2023-06-16,20928,https://github.com/Expensify/App/issues/20928,2023-06-16
20939,https://github.com/Expensify/App/issues/20939,Deploy Checklist: New Expensify 2023-06-16,20928,https://github.com/Expensify/App/issues/20928,2023-06-16
20940,https://github.com/Expensify/App/issues/20940,Deploy Checklist: New Expensify 2023-06-16,20928,https://github.com/Expensify/App/issues/20928,2023-06-16
20943,https://github.com/Expensify/App/issues/20943,Deploy Checklist: New Expensify 2023-06-16,20928,https://github.com/Expensify/App/issues/20928,2023-06-16
20950,https://github.com/Expensify/App/issues/20950,Deploy Checklist: New Expensify 2023-06-16,20928,https://github.com/Expensify/App/issues/20928,2023-06-16
20955,https://github.com/Expensify/App/issues/20955,Deploy Checklist: New Expensify 2023-06-16,20928,https://github.com/Expensify/App/issues/20928,2023-06-16
20956,https://github.com/Expensify/App/issues/20956,Deploy Checklist: New Expensify 2023-06-16,20928,https://github.com/Expensify/App/issues/20928,2023-06-16
20961,https://github.com/Expensify/App/issues/20961,Deploy Checklist: New Expensify 2023-06-16,20928,https://github.com/Expensify/App/issues/20928,2023-06-16
20962,https://github.com/Expensify/App/issues/20962,Deploy Checklist: New Expensify 2023-06-16,20928,https://github.com/Expensify/App/issues/20928,2023-06-16
20963,https://github.com/Expensify/App/issues/20963,Deploy Checklist: New Expensify 2023-06-16,20928,https://github.com/Expensify/App/issues/20928,2023-06-16
20964,https://github.com/Expensify/App/issues/20964,Deploy Checklist: New Expensify 2023-06-16,20928,https://github.com/Expensify/App/issues/20928,2023-06-16
20965,https://github.com/Expensify/App/issues/20965,Deploy Checklist: New Expensify 2023-06-16,20928,https://github.com/Expensify/App/issues/20928,2023-06-16
20966,https://github.com/Expensify/App/issues/20966,Deploy Checklist: New Expensify 2023-06-16,20928,https://github.com/Expensify/App/issues/20928,2023-06-16
20967,https://github.com/Expensify/App/issues/20967,Deploy Checklist: New Expensify 2023-06-16,20928,https://github.com/Expensify/App/issues/20928,2023-06-16
20969,https://github.com/Expensify/App/issues/20969,Deploy Checklist: New Expensify 2023-06-16,20928,https://github.com/Expensify/App/issues/20928,2023-06-16
20970,https://github.com/Expensify/App/issues/20970,Deploy Checklist: New Expensify 2023-06-16,20928,https://github.com/Expensify/App/issues/20928,2023-06-16
20971,https://github.com/Expensify/App/issues/20971,Deploy Checklist: New Expensify 2023-06-16,20928,https://github.com/Expensify/App/issues/20928,2023-06-16
20977,https://github.com/Expensify/App/issues/20977,Deploy Checklist: New Expensify 2023-06-16,20928,https://github.com/Expensify/App/issues/20928,2023-06-16
20981,https://github.com/Expensify/App/issues/20981,Deploy Checklist: New Expensify 2023-06-16,20928,https://github.com/Expensify/App/issues/20928,2023-06-16
20982,https://github.com/Expensify/App/issues/20982,Deploy Checklist: New Expensify 2023-06-16,20928,https://github.com/Expensify/App/issues/20928,2023-06-16
20991,https://github.com/Expensify/App/issues/20991,Deploy Checklist: New Expensify 2023-06-16,20928,https://github.com/Expensify/App/issues/20928,2023-06-16
20992,https://github.com/Expensify/App/issues/20992,Deploy Checklist: New Expensify 2023-06-16,20928,https://github.com/Expensify/App/issues/20928,2023-06-16
20993,https://github.com/Expensify/App/issues/20993,Deploy Checklist: New Expensify 2023-06-16,20928,https://github.com/Expensify/App/issues/20928,2023-06-16
20994,https://github.com/Expensify/App/issues/20994,Deploy Checklist: New Expensify 2023-06-16,20928,https://github.com/Expensify/App/issues/20928,2023-06-16
20995,https://github.com/Expensify/App/issues/20995,Deploy Checklist: New Expensify 2023-06-16,20928,https://github.com/Expensify/App/issues/20928,2023-06-16
21002,https://github.com/Expensify/App/issues/21002,Deploy Checklist: New Expensify 2023-06-16,20928,https://github.com/Expensify/App/issues/20928,2023-06-16
21032,https://github.com/Expensify/App/issues/21032,Deploy Checklist: New Expensify 2023-06-16,20928,https://github.com/Expensify/App/issues/20928,2023-06-16
21035,https://github.com/Expensify/App/issues/21035,Deploy Checklist: New Expensify 2023-06-16,20928,https://github.com/Expensify/App/issues/20928,2023-06-16
21036,https://github.com/Expensify/App/issues/21036,Deploy Checklist: New Expensify 2023-06-16,20928,https://github.com/Expensify/App/issues/20928,2023-06-16
21037,https://github.com/Expensify/App/issues/21037,Deploy Checklist: New Expensify 2023-06-16,20928,https://github.com/Expensify/App/issues/20928,2023-06-16
21039,https://github.com/Expensify/App/issues/21039,Deploy Checklist: New Expensify 2023-06-16,20928,https://github.com/Expensify/App/issues/20928,2023-06-16
21040,https://github.com/Expensify/App/issues/21040,Deploy Checklist: New Expensify 2023-06-16,20928,https://github.com/Expensify/App/issues/20928,2023-06-16
21041,https://github.com/Expensify/App/issues/21041,Deploy Checklist: New Expensify 2023-06-16,20928,https://github.com/Expensify/App/issues/20928,2023-06-16
21044,https://github.com/Expensify/App/issues/21044,Deploy Checklist: New Expensify 2023-06-16,20928,https://github.com/Expensify/App/issues/20928,2023-06-16
21075,https://github.com/Expensify/App/issues/21075,Deploy Checklist: New Expensify 2023-06-16,20928,https://github.com/Expensify/App/issues/20928,2023-06-16
21079,https://github.com/Expensify/App/issues/21079,Deploy Checklist: New Expensify 2023-06-16,20928,https://github.com/Expensify/App/issues/20928,2023-06-16
21086,https://github.com/Expensify/App/issues/21086,Deploy Checklist: New Expensify 2023-06-16,20928,https://github.com/Expensify/App/issues/20928,2023-06-16
21112,https://github.com/Expensify/App/issues/21112,Deploy Checklist: New Expensify 2023-06-16,20928,https://github.com/Expensify/App/issues/20928,2023-06-16
21127,https://github.com/Expensify/App/issues/21127,Deploy Checklist: New Expensify 2023-06-16,20928,https://github.com/Expensify/App/issues/20928,2023-06-16
21135,https://github.com/Expensify/App/issues/21135,Deploy Checklist: New Expensify 2023-06-16,20928,https://github.com/Expensify/App/issues/20928,2023-06-16
21149,https://github.com/Expensify/App/issues/21149,Deploy Checklist: New Expensify 2023-06-16,20928,https://github.com/Expensify/App/issues/20928,2023-06-16
20069,https://github.com/Expensify/App/issues/20069,Deploy Checklist: New Expensify 2023-06-14,20782,https://github.com/Expensify/App/issues/20782,2023-06-14
20676,https://github.com/Expensify/App/issues/20676,Deploy Checklist: New Expensify 2023-06-14,20782,https://github.com/Expensify/App/issues/20782,2023-06-14
20814,https://github.com/Expensify/App/issues/20814,Deploy Checklist: New Expensify 2023-06-14,20782,https://github.com/Expensify/App/issues/20782,2023-06-14
20819,https://github.com/Expensify/App/issues/20819,Deploy Checklist: New Expensify 2023-06-14,20782,https://github.com/Expensify/App/issues/20782,2023-06-14
20831,https://github.com/Expensify/App/issues/20831,Deploy Checklist: New Expensify 2023-06-14,20782,https://github.com/Expensify/App/issues/20782,2023-06-14
20832,https://github.com/Expensify/App/issues/20832,Deploy Checklist: New Expensify 2023-06-14,20782,https://github.com/Expensify/App/issues/20782,2023-06-14
20835,https://github.com/Expensify/App/issues/20835,Deploy Checklist: New Expensify 2023-06-14,20782,https://github.com/Expensify/App/issues/20782,2023-06-14
20836,https://github.com/Expensify/App/issues/20836,Deploy Checklist: New Expensify 2023-06-14,20782,https://github.com/Expensify/App/issues/20782,2023-06-14
20851,https://github.com/Expensify/App/issues/20851,Deploy Checklist: New Expensify 2023-06-14,20782,https://github.com/Expensify/App/issues/20782,2023-06-14
20857,https://github.com/Expensify/App/issues/20857,Deploy Checklist: New Expensify 2023-06-14,20782,https://github.com/Expensify/App/issues/20782,2023-06-14
20867,https://github.com/Expensify/App/issues/20867,Deploy Checklist: New Expensify 2023-06-14,20782,https://github.com/Expensify/App/issues/20782,2023-06-14
20879,https://github.com/Expensify/App/issues/20879,Deploy Checklist: New Expensify 2023-06-14,20782,https://github.com/Expensify/App/issues/20782,2023-06-14
20882,https://github.com/Expensify/App/issues/20882,Deploy Checklist: New Expensify 2023-06-14,20782,https://github.com/Expensify/App/issues/20782,2023-06-14
20885,https://github.com/Expensify/App/issues/20885,Deploy Checklist: New Expensify 2023-06-14,20782,https://github.com/Expensify/App/issues/20782,2023-06-14
20901,https://github.com/Expensify/App/issues/20901,Deploy Checklist: New Expensify 2023-06-14,20782,https://github.com/Expensify/App/issues/20782,2023-06-14
20902,https://github.com/Expensify/App/issues/20902,Deploy Checklist: New Expensify 2023-06-14,20782,https://github.com/Expensify/App/issues/20782,2023-06-14
20583,https://github.com/Expensify/App/issues/20583,Deploy Checklist: New Expensify 2023-06-12,20640,https://github.com/Expensify/App/issues/20640,2023-06-12
20669,https://github.com/Expensify/App/issues/20669,Deploy Checklist: New Expensify 2023-06-12,20640,https://github.com/Expensify/App/issues/20640,2023-06-12
20670,https://github.com/Expensify/App/issues/20670,Deploy Checklist: New Expensify 2023-06-12,20640,https://github.com/Expensify/App/issues/20640,2023-06-12
20672,https://github.com/Expensify/App/issues/20672,Deploy Checklist: New Expensify 2023-06-12,20640,https://github.com/Expensify/App/issues/20640,2023-06-12
20676,https://github.com/Expensify/App/issues/20676,Deploy Checklist: New Expensify 2023-06-12,20640,https://github.com/Expensify/App/issues/20640,2023-06-12
20682,https://github.com/Expensify/App/issues/20682,Deploy Checklist: New Expensify 2023-06-12,20640,https://github.com/Expensify/App/issues/20640,2023-06-12
20683,https://github.com/Expensify/App/issues/20683,Deploy Checklist: New Expensify 2023-06-12,20640,https://github.com/Expensify/App/issues/20640,2023-06-12
20700,https://github.com/Expensify/App/issues/20700,Deploy Checklist: New Expensify 2023-06-12,20640,https://github.com/Expensify/App/issues/20640,2023-06-12
20716,https://github.com/Expensify/App/issues/20716,Deploy Checklist: New Expensify 2023-06-12,20640,https://github.com/Expensify/App/issues/20640,2023-06-12
20722,https://github.com/Expensify/App/issues/20722,Deploy Checklist: New Expensify 2023-06-12,20640,https://github.com/Expensify/App/issues/20640,2023-06-12
20741,https://github.com/Expensify/App/issues/20741,Deploy Checklist: New Expensify 2023-06-12,20640,https://github.com/Expensify/App/issues/20640,2023-06-12
20751,https://github.com/Expensify/App/issues/20751,Deploy Checklist: New Expensify 2023-06-12,20640,https://github.com/Expensify/App/issues/20640,2023-06-12
20478,https://github.com/Expensify/App/issues/20478,Deploy Checklist: New Expensify 2023-06-08,20466,https://github.com/Expensify/App/issues/20466,2023-06-08
20492,https://github.com/Expensify/App/issues/20492,Deploy Checklist: New Expensify 2023-06-08,20466,https://github.com/Expensify/App/issues/20466,2023-06-08
20493,https://github.com/Expensify/App/issues/20493,Deploy Checklist: New Expensify 2023-06-08,20466,https://github.com/Expensify/App/issues/20466,2023-06-08
20495,https://github.com/Expensify/App/issues/20495,Deploy Checklist: New Expensify 2023-06-08,20466,https://github.com/Expensify/App/issues/20466,2023-06-08
20514,https://github.com/Expensify/App/issues/20514,Deploy Checklist: New Expensify 2023-06-08,20466,https://github.com/Expensify/App/issues/20466,2023-06-08
20520,https://github.com/Expensify/App/issues/20520,Deploy Checklist: New Expensify 2023-06-08,20466,https://github.com/Expensify/App/issues/20466,2023-06-08
20550,https://github.com/Expensify/App/issues/20550,Deploy Checklist: New Expensify 2023-06-08,20466,https://github.com/Expensify/App/issues/20466,2023-06-08
20564,https://github.com/Expensify/App/issues/20564,Deploy Checklist: New Expensify 2023-06-08,20466,https://github.com/Expensify/App/issues/20466,2023-06-08
20565,https://github.com/Expensify/App/issues/20565,Deploy Checklist: New Expensify 2023-06-08,20466,https://github.com/Expensify/App/issues/20466,2023-06-08
20566,https://github.com/Expensify/App/issues/20566,Deploy Checklist: New Expensify 2023-06-08,20466,https://github.com/Expensify/App/issues/20466,2023-06-08
20567,https://github.com/Expensify/App/issues/20567,Deploy Checklist: New Expensify 2023-06-08,20466,https://github.com/Expensify/App/issues/20466,2023-06-08
20583,https://github.com/Expensify/App/issues/20583,Deploy Checklist: New Expensify 2023-06-08,20466,https://github.com/Expensify/App/issues/20466,2023-06-08
20609,https://github.com/Expensify/App/issues/20609,Deploy Checklist: New Expensify 2023-06-08,20466,https://github.com/Expensify/App/issues/20466,2023-06-08
20370,https://github.com/Expensify/App/issues/20370,Deploy Checklist: New Expensify 2023-06-06,20312,https://github.com/Expensify/App/issues/20312,2023-06-06
20398,https://github.com/Expensify/App/issues/20398,Deploy Checklist: New Expensify 2023-06-06,20312,https://github.com/Expensify/App/issues/20312,2023-06-06
20404,https://github.com/Expensify/App/issues/20404,Deploy Checklist: New Expensify 2023-06-06,20312,https://github.com/Expensify/App/issues/20312,2023-06-06
20408,https://github.com/Expensify/App/issues/20408,Deploy Checklist: New Expensify 2023-06-06,20312,https://github.com/Expensify/App/issues/20312,2023-06-06
20410,https://github.com/Expensify/App/issues/20410,Deploy Checklist: New Expensify 2023-06-06,20312,https://github.com/Expensify/App/issues/20312,2023-06-06
20411,https://github.com/Expensify/App/issues/20411,Deploy Checklist: New Expensify 2023-06-06,20312,https://github.com/Expensify/App/issues/20312,2023-06-06
20412,https://github.com/Expensify/App/issues/20412,Deploy Checklist: New Expensify 2023-06-06,20312,https://github.com/Expensify/App/issues/20312,2023-06-06
20413,https://github.com/Expensify/App/issues/20413,Deploy Checklist: New Expensify 2023-06-06,20312,https://github.com/Expensify/App/issues/20312,2023-06-06
20422,https://github.com/Expensify/App/issues/20422,Deploy Checklist: New Expensify 2023-06-06,20312,https://github.com/Expensify/App/issues/20312,2023-06-06
20209,https://github.com/Expensify/App/issues/20209,Deploy Checklist: New Expensify 2023-06-05,20195,https://github.com/Expensify/App/issues/20195,2023-06-05
20219,https://github.com/Expensify/App/issues/20219,Deploy Checklist: New Expensify 2023-06-05,20195,https://github.com/Expensify/App/issues/20195,2023-06-05
20227,https://github.com/Expensify/App/issues/20227,Deploy Checklist: New Expensify 2023-06-05,20195,https://github.com/Expensify/App/issues/20195,2023-06-05
20229,https://github.com/Expensify/App/issues/20229,Deploy Checklist: New Expensify 2023-06-05,20195,https://github.com/Expensify/App/issues/20195,2023-06-05
20264,https://github.com/Expensify/App/issues/20264,Deploy Checklist: New Expensify 2023-06-05,20195,https://github.com/Expensify/App/issues/20195,2023-06-05
20275,https://github.com/Expensify/App/issues/20275,Deploy Checklist: New Expensify 2023-06-05,20195,https://github.com/Expensify/App/issues/20195,2023-06-05
20281,https://github.com/Expensify/App/issues/20281,Deploy Checklist: New Expensify 2023-06-05,20195,https://github.com/Expensify/App/issues/20195,2023-06-05
20284,https://github.com/Expensify/App/issues/20284,Deploy Checklist: New Expensify 2023-06-05,20195,https://github.com/Expensify/App/issues/20195,2023-06-05
20285,https://github.com/Expensify/App/issues/20285,Deploy Checklist: New Expensify 2023-06-05,20195,https://github.com/Expensify/App/issues/20195,2023-06-05
20154,https://github.com/Expensify/App/issues/20154,Deploy Checklist: New Expensify 2023-06-02,20042,https://github.com/Expensify/App/issues/20042,2023-06-02
20169,https://github.com/Expensify/App/issues/20169,Deploy Checklist: New Expensify 2023-06-02,20042,https://github.com/Expensify/App/issues/20042,2023-06-02
19910,https://github.com/Expensify/App/issues/19910,Deploy Checklist: New Expensify 2023-05-31,19896,https://github.com/Expensify/App/issues/19896,2023-05-31
19911,https://github.com/Expensify/App/issues/19911,Deploy Checklist: New Expensify 2023-05-31,19896,https://github.com/Expensify/App/issues/19896,2023-05-31
19919,https://github.com/Expensify/App/issues/19919,Deploy Checklist: New Expensify 2023-05-31,19896,https://github.com/Expensify/App/issues/19896,2023-05-31
19923,https://github.com/Expensify/App/issues/19923,Deploy Checklist: New Expensify 2023-05-31,19896,https://github.com/Expensify/App/issues/19896,2023-05-31
19814,https://github.com/Expensify/App/issues/19814,Deploy Checklist: New Expensify 2023-05-29,19785,https://github.com/Expensify/App/issues/19785,2023-05-29
19823,https://github.com/Expensify/App/issues/19823,Deploy Checklist: New Expensify 2023-05-29,19785,https://github.com/Expensify/App/issues/19785,2023-05-29
19839,https://github.com/Expensify/App/issues/19839,Deploy Checklist: New Expensify 2023-05-29,19785,https://github.com/Expensify/App/issues/19785,2023-05-29
19687,https://github.com/Expensify/App/issues/19687,Deploy Checklist: New Expensify 2023-05-26,19657,https://github.com/Expensify/App/issues/19657,2023-05-26
19688,https://github.com/Expensify/App/issues/19688,Deploy Checklist: New Expensify 2023-05-26,19657,https://github.com/Expensify/App/issues/19657,2023-05-26
19703,https://github.com/Expensify/App/issues/19703,Deploy Checklist: New Expensify 2023-05-26,19657,https://github.com/Expensify/App/issues/19657,2023-05-26
19720,https://github.com/Expensify/App/issues/19720,Deploy Checklist: New Expensify 2023-05-26,19657,https://github.com/Expensify/App/issues/19657,2023-05-26
19605,https://github.com/Expensify/App/issues/19605,Deploy Checklist: New Expensify 2023-05-25,19565,https://github.com/Expensify/App/issues/19565,2023-05-25
19652,https://github.com/Expensify/App/issues/19652,Deploy Checklist: New Expensify 2023-05-25,19565,https://github.com/Expensify/App/issues/19565,2023-05-25
19440,https://github.com/Expensify/App/issues/19440,Deploy Checklist: New Expensify 2023-05-22,19422,https://github.com/Expensify/App/issues/19422,2023-05-22
19482,https://github.com/Expensify/App/issues/19482,Deploy Checklist: New Expensify 2023-05-22,19422,https://github.com/Expensify/App/issues/19422,2023-05-22
19542,https://github.com/Expensify/App/issues/19542,Deploy Checklist: New Expensify 2023-05-22,19422,https://github.com/Expensify/App/issues/19422,2023-05-22
19543,https://github.com/Expensify/App/issues/19543,Deploy Checklist: New Expensify 2023-05-22,19422,https://github.com/Expensify/App/issues/19422,2023-05-22
19123,https://github.com/Expensify/App/issues/19123,Deploy Checklist: New Expensify 2023-05-18,19175,https://github.com/Expensify/App/issues/19175,2023-05-18
19209,https://github.com/Expensify/App/issues/19209,Deploy Checklist: New Expensify 2023-05-18,19175,https://github.com/Expensify/App/issues/19175,2023-05-18
19286,https://github.com/Expensify/App/issues/19286,Deploy Checklist: New Expensify 2023-05-18,19175,https://github.com/Expensify/App/issues/19175,2023-05-18
19358,https://github.com/Expensify/App/issues/19358,Deploy Checklist: New Expensify 2023-05-18,19175,https://github.com/Expensify/App/issues/19175,2023-05-18
19010,https://github.com/Expensify/App/issues/19010,Deploy Checklist: New Expensify 2023-05-16,19088,https://github.com/Expensify/App/issues/19088,2023-05-16
19123,https://github.com/Expensify/App/issues/19123,Deploy Checklist: New Expensify 2023-05-16,19088,https://github.com/Expensify/App/issues/19088,2023-05-16
19143,https://github.com/Expensify/App/issues/19143,Deploy Checklist: New Expensify 2023-05-16,19088,https://github.com/Expensify/App/issues/19088,2023-05-16
19144,https://github.com/Expensify/App/issues/19144,Deploy Checklist: New Expensify 2023-05-16,19088,https://github.com/Expensify/App/issues/19088,2023-05-16
19154,https://github.com/Expensify/App/issues/19154,Deploy Checklist: New Expensify 2023-05-16,19088,https://github.com/Expensify/App/issues/19088,2023-05-16
19166,https://github.com/Expensify/App/issues/19166,Deploy Checklist: New Expensify 2023-05-16,19088,https://github.com/Expensify/App/issues/19088,2023-05-16
19171,https://github.com/Expensify/App/issues/19171,Deploy Checklist: New Expensify 2023-05-16,19088,https://github.com/Expensify/App/issues/19088,2023-05-16
18888,https://github.com/Expensify/App/issues/18888,Deploy Checklist: New Expensify 2023-05-15,18938,https://github.com/Expensify/App/issues/18938,2023-05-15
18969,https://github.com/Expensify/App/issues/18969,Deploy Checklist: New Expensify 2023-05-15,18938,https://github.com/Expensify/App/issues/18938,2023-05-15
18973,https://github.com/Expensify/App/issues/18973,Deploy Checklist: New Expensify 2023-05-15,18938,https://github.com/Expensify/App/issues/18938,2023-05-15
18979,https://github.com/Expensify/App/issues/18979,Deploy Checklist: New Expensify 2023-05-15,18938,https://github.com/Expensify/App/issues/18938,2023-05-15
19010,https://github.com/Expensify/App/issues/19010,Deploy Checklist: New Expensify 2023-05-15,18938,https://github.com/Expensify/App/issues/18938,2023-05-15
19034,https://github.com/Expensify/App/issues/19034,Deploy Checklist: New Expensify 2023-05-15,18938,https://github.com/Expensify/App/issues/18938,2023-05-15
19047,https://github.com/Expensify/App/issues/19047,Deploy Checklist: New Expensify 2023-05-15,18938,https://github.com/Expensify/App/issues/18938,2023-05-15
18781,https://github.com/Expensify/App/issues/18781,Deploy Checklist: New Expensify 2023-05-11,18764,https://github.com/Expensify/App/issues/18764,2023-05-11
18888,https://github.com/Expensify/App/issues/18888,Deploy Checklist: New Expensify 2023-05-11,18764,https://github.com/Expensify/App/issues/18764,2023-05-11
18650,https://github.com/Expensify/App/issues/18650,Deploy Checklist: New Expensify 2023-05-09,18627,https://github.com/Expensify/App/issues/18627,2023-05-09
18682,https://github.com/Expensify/App/issues/18682,Deploy Checklist: New Expensify 2023-05-09,18627,https://github.com/Expensify/App/issues/18627,2023-05-09
18696,https://github.com/Expensify/App/issues/18696,Deploy Checklist: New Expensify 2023-05-09,18627,https://github.com/Expensify/App/issues/18627,2023-05-09
18516,https://github.com/Expensify/App/issues/18516,Deploy Checklist: New Expensify 2023-05-05,18498,https://github.com/Expensify/App/issues/18498,2023-05-05
18525,https://github.com/Expensify/App/issues/18525,Deploy Checklist: New Expensify 2023-05-05,18498,https://github.com/Expensify/App/issues/18498,2023-05-05
18527,https://github.com/Expensify/App/issues/18527,Deploy Checklist: New Expensify 2023-05-05,18498,https://github.com/Expensify/App/issues/18498,2023-05-05
18420,https://github.com/Expensify/App/issues/18420,Deploy Checklist: New Expensify 2023-05-04,18411,https://github.com/Expensify/App/issues/18411,2023-05-04
18457,https://github.com/Expensify/App/issues/18457,Deploy Checklist: New Expensify 2023-05-04,18411,https://github.com/Expensify/App/issues/18411,2023-05-04
18477,https://github.com/Expensify/App/issues/18477,Deploy Checklist: New Expensify 2023-05-04,18411,https://github.com/Expensify/App/issues/18411,2023-05-04
18304,https://github.com/Expensify/App/issues/18304,Deploy Checklist: New Expensify 2023-05-02,18322,https://github.com/Expensify/App/issues/18322,2023-05-03
18314,https://github.com/Expensify/App/issues/18314,Deploy Checklist: New Expensify 2023-05-02,18322,https://github.com/Expensify/App/issues/18322,2023-05-03
18323,https://github.com/Expensify/App/issues/18323,Deploy Checklist: New Expensify 2023-05-02,18322,https://github.com/Expensify/App/issues/18322,2023-05-03
18335,https://github.com/Expensify/App/issues/18335,Deploy Checklist: New Expensify 2023-05-02,18322,https://github.com/Expensify/App/issues/18322,2023-05-03
18341,https://github.com/Expensify/App/issues/18341,Deploy Checklist: New Expensify 2023-05-02,18322,https://github.com/Expensify/App/issues/18322,2023-05-03
18345,https://github.com/Expensify/App/issues/18345,Deploy Checklist: New Expensify 2023-05-02,18322,https://github.com/Expensify/App/issues/18322,2023-05-03
18355,https://github.com/Expensify/App/issues/18355,Deploy Checklist: New Expensify 2023-05-02,18322,https://github.com/Expensify/App/issues/18322,2023-05-03
18356,https://github.com/Expensify/App/issues/18356,Deploy Checklist: New Expensify 2023-05-02,18322,https://github.com/Expensify/App/issues/18322,2023-05-03
18358,https://github.com/Expensify/App/issues/18358,Deploy Checklist: New Expensify 2023-05-02,18322,https://github.com/Expensify/App/issues/18322,2023-05-03
18359,https://github.com/Expensify/App/issues/18359,Deploy Checklist: New Expensify 2023-05-02,18322,https://github.com/Expensify/App/issues/18322,2023-05-03
18376,https://github.com/Expensify/App/issues/18376,Deploy Checklist: New Expensify 2023-05-02,18322,https://github.com/Expensify/App/issues/18322,2023-05-03
18145,https://github.com/Expensify/App/issues/18145,Deploy Checklist: New Expensify 2023-04-28,18132,https://github.com/Expensify/App/issues/18132,2023-04-28
18146,https://github.com/Expensify/App/issues/18146,Deploy Checklist: New Expensify 2023-04-28,18132,https://github.com/Expensify/App/issues/18132,2023-04-28
18154,https://github.com/Expensify/App/issues/18154,Deploy Checklist: New Expensify 2023-04-28,18132,https://github.com/Expensify/App/issues/18132,2023-04-28
18169,https://github.com/Expensify/App/issues/18169,Deploy Checklist: New Expensify 2023-04-28,18132,https://github.com/Expensify/App/issues/18132,2023-04-28
18231,https://github.com/Expensify/App/issues/18231,Deploy Checklist: New Expensify 2023-04-28,18132,https://github.com/Expensify/App/issues/18132,2023-04-28
18083,https://github.com/Expensify/App/issues/18083,Deploy Checklist: New Expensify 2023-04-27,18063,https://github.com/Expensify/App/issues/18063,2023-04-27
17915,https://github.com/Expensify/App/issues/17915,Deploy Checklist: New Expensify 2023-04-25,17948,https://github.com/Expensify/App/issues/17948,2023-04-25
17966,https://github.com/Expensify/App/issues/17966,Deploy Checklist: New Expensify 2023-04-25,17948,https://github.com/Expensify/App/issues/17948,2023-04-25
17574,https://github.com/Expensify/App/issues/17574,Deploy Checklist: New Expensify 2023-04-19,17671,https://github.com/Expensify/App/issues/17671,2023-04-19
17684,https://github.com/Expensify/App/issues/17684,Deploy Checklist: New Expensify 2023-04-19,17671,https://github.com/Expensify/App/issues/17671,2023-04-19
17693,https://github.com/Expensify/App/issues/17693,Deploy Checklist: New Expensify 2023-04-19,17671,https://github.com/Expensify/App/issues/17671,2023-04-19
17713,https://github.com/Expensify/App/issues/17713,Deploy Checklist: New Expensify 2023-04-19,17671,https://github.com/Expensify/App/issues/17671,2023-04-19
17731,https://github.com/Expensify/App/issues/17731,Deploy Checklist: New Expensify 2023-04-19,17671,https://github.com/Expensify/App/issues/17671,2023-04-19
17574,https://github.com/Expensify/App/issues/17574,Deploy Checklist: New Expensify 2023-04-17,17546,https://github.com/Expensify/App/issues/17546,2023-04-17
17580,https://github.com/Expensify/App/issues/17580,Deploy Checklist: New Expensify 2023-04-17,17546,https://github.com/Expensify/App/issues/17546,2023-04-17
17601,https://github.com/Expensify/App/issues/17601,Deploy Checklist: New Expensify 2023-04-17,17546,https://github.com/Expensify/App/issues/17546,2023-04-17
17413,https://github.com/Expensify/App/issues/17413,Deploy Checklist: New Expensify 2023-04-13,17379,https://github.com/Expensify/App/issues/17379,2023-04-13
17427,https://github.com/Expensify/App/issues/17427,Deploy Checklist: New Expensify 2023-04-13,17379,https://github.com/Expensify/App/issues/17379,2023-04-13
17465,https://github.com/Expensify/App/issues/17465,Deploy Checklist: New Expensify 2023-04-13,17379,https://github.com/Expensify/App/issues/17379,2023-04-13
17478,https://github.com/Expensify/App/issues/17478,Deploy Checklist: New Expensify 2023-04-13,17379,https://github.com/Expensify/App/issues/17379,2023-04-13
17282,https://github.com/Expensify/App/issues/17282,Deploy Checklist: New Expensify 2023-04-10,17230,https://github.com/Expensify/App/issues/17230,2023-04-10
16897,https://github.com/Expensify/App/issues/16897,Deploy Checklist: New Expensify 2023-04-07,17160,https://github.com/Expensify/App/issues/17160,2023-04-07
16908,https://github.com/Expensify/App/issues/16908,Deploy Checklist: New Expensify 2023-04-07,17160,https://github.com/Expensify/App/issues/17160,2023-04-07
17185,https://github.com/Expensify/App/issues/17185,Deploy Checklist: New Expensify 2023-04-07,17160,https://github.com/Expensify/App/issues/17160,2023-04-07
17190,https://github.com/Expensify/App/issues/17190,Deploy Checklist: New Expensify 2023-04-07,17160,https://github.com/Expensify/App/issues/17160,2023-04-07
16897,https://github.com/Expensify/App/issues/16897,Deploy Checklist: New Expensify 2023-04-06,16996,https://github.com/Expensify/App/issues/16996,2023-04-06
16908,https://github.com/Expensify/App/issues/16908,Deploy Checklist: New Expensify 2023-04-06,16996,https://github.com/Expensify/App/issues/16996,2023-04-06
17091,https://github.com/Expensify/App/issues/17091,Deploy Checklist: New Expensify 2023-04-06,16996,https://github.com/Expensify/App/issues/16996,2023-04-06
16896,https://github.com/Expensify/App/issues/16896,Deploy Checklist: New Expensify 2023-04-03,16880,https://github.com/Expensify/App/issues/16880,2023-04-03
16897,https://github.com/Expensify/App/issues/16897,Deploy Checklist: New Expensify 2023-04-03,16880,https://github.com/Expensify/App/issues/16880,2023-04-03
16908,https://github.com/Expensify/App/issues/16908,Deploy Checklist: New Expensify 2023-04-03,16880,https://github.com/Expensify/App/issues/16880,2023-04-03
16915,https://github.com/Expensify/App/issues/16915,Deploy Checklist: New Expensify 2023-04-03,16880,https://github.com/Expensify/App/issues/16880,2023-04-03
16761,https://github.com/Expensify/App/issues/16761,Deploy Checklist: New Expensify 2023-03-31,16787,https://github.com/Expensify/App/issues/16787,2023-03-31
16837,https://github.com/Expensify/App/issues/16837,Deploy Checklist: New Expensify 2023-03-31,16787,https://github.com/Expensify/App/issues/16787,2023-03-31
16761,https://github.com/Expensify/App/issues/16761,Deploy Checklist: New Expensify 2023-03-29,16701,https://github.com/Expensify/App/issues/16701,2023-03-29
16636,https://github.com/Expensify/App/issues/16636,Deploy Checklist: New Expensify 2023-03-28,16632,https://github.com/Expensify/App/issues/16632,2023-03-28
16639,https://github.com/Expensify/App/issues/16639,Deploy Checklist: New Expensify 2023-03-28,16632,https://github.com/Expensify/App/issues/16632,2023-03-28
16641,https://github.com/Expensify/App/issues/16641,Deploy Checklist: New Expensify 2023-03-28,16632,https://github.com/Expensify/App/issues/16632,2023-03-28
16653,https://github.com/Expensify/App/issues/16653,Deploy Checklist: New Expensify 2023-03-28,16632,https://github.com/Expensify/App/issues/16632,2023-03-28
16354,https://github.com/Expensify/App/issues/16354,Deploy Checklist: New Expensify 2023-03-27,16536,https://github.com/Expensify/App/issues/16536,2023-03-27
16562,https://github.com/Expensify/App/issues/16562,Deploy Checklist: New Expensify 2023-03-27,16536,https://github.com/Expensify/App/issues/16536,2023-03-27
16563,https://github.com/Expensify/App/issues/16563,Deploy Checklist: New Expensify 2023-03-27,16536,https://github.com/Expensify/App/issues/16536,2023-03-27
16594,https://github.com/Expensify/App/issues/16594,Deploy Checklist: New Expensify 2023-03-27,16536,https://github.com/Expensify/App/issues/16536,2023-03-27
16354,https://github.com/Expensify/App/issues/16354,Deploy Checklist: New Expensify 2023-03-24,16489,https://github.com/Expensify/App/issues/16489,2023-03-24
16495,https://github.com/Expensify/App/issues/16495,Deploy Checklist: New Expensify 2023-03-24,16489,https://github.com/Expensify/App/issues/16489,2023-03-24
16354,https://github.com/Expensify/App/issues/16354,Deploy Checklist: New Expensify 2023-03-21,16345,https://github.com/Expensify/App/issues/16345,2023-03-21
16375,https://github.com/Expensify/App/issues/16375,Deploy Checklist: New Expensify 2023-03-21,16345,https://github.com/Expensify/App/issues/16345,2023-03-21
16376,https://github.com/Expensify/App/issues/16376,Deploy Checklist: New Expensify 2023-03-21,16345,https://github.com/Expensify/App/issues/16345,2023-03-21
16328,https://github.com/Expensify/App/issues/16328,Deploy Checklist: New Expensify 2023-03-17,16074,https://github.com/Expensify/App/issues/16074,2023-03-17
15918,https://github.com/Expensify/App/issues/15918,Deploy Checklist: New Expensify 2023-03-14,15938,https://github.com/Expensify/App/issues/15938,2023-03-14
15915,https://github.com/Expensify/App/issues/15915,Deploy Checklist: New Expensify 2023-03-13,15889,https://github.com/Expensify/App/issues/15889,2023-03-13
15918,https://github.com/Expensify/App/issues/15918,Deploy Checklist: New Expensify 2023-03-13,15889,https://github.com/Expensify/App/issues/15889,2023-03-13
15770,https://github.com/Expensify/App/issues/15770,Deploy Checklist: New Expensify 2023-03-10,15836,https://github.com/Expensify/App/issues/15836,2023-03-10
15770,https://github.com/Expensify/App/issues/15770,Deploy Checklist: New Expensify 2023-03-09,15767,https://github.com/Expensify/App/issues/15767,2023-03-09
15725,https://github.com/Expensify/App/issues/15725,Deploy Checklist: New Expensify 2023-03-07,15717,https://github.com/Expensify/App/issues/15717,2023-03-07
15697,https://github.com/Expensify/App/issues/15697,Deploy Checklist: New Expensify 2023-03-06,15684,https://github.com/Expensify/App/issues/15684,2023-03-06
15703,https://github.com/Expensify/App/issues/15703,Deploy Checklist: New Expensify 2023-03-06,15684,https://github.com/Expensify/App/issues/15684,2023-03-06
15559,https://github.com/Expensify/App/issues/15559,Deploy Checklist: New Expensify 2023-02-27,15521,https://github.com/Expensify/App/issues/15521,2023-02-27
15564,https://github.com/Expensify/App/issues/15564,Deploy Checklist: New Expensify 2023-02-27,15521,https://github.com/Expensify/App/issues/15521,2023-02-27
15576,https://github.com/Expensify/App/issues/15576,Deploy Checklist: New Expensify 2023-02-27,15521,https://github.com/Expensify/App/issues/15521,2023-02-27
15414,https://github.com/Expensify/App/issues/15414,Deploy Checklist: New Expensify 2023-02-22,15389,https://github.com/Expensify/App/issues/15389,2023-02-22
15186,https://github.com/Expensify/App/issues/15186,Deploy Checklist: New Expensify 2023-02-15,15175,https://github.com/Expensify/App/issues/15175,2023-02-15
15111,https://github.com/Expensify/App/issues/15111,Deploy Checklist: New Expensify 2023-02-13,15094,https://github.com/Expensify/App/issues/15094,2023-02-13
14757,https://github.com/Expensify/App/issues/14757,Deploy Checklist: New Expensify 2023-02-07,14911,https://github.com/Expensify/App/issues/14911,2023-02-07
14847,https://github.com/Expensify/App/issues/14847,Deploy Checklist: New Expensify 2023-02-07,14911,https://github.com/Expensify/App/issues/14911,2023-02-07
14918,https://github.com/Expensify/App/issues/14918,Deploy Checklist: New Expensify 2023-02-07,14911,https://github.com/Expensify/App/issues/14911,2023-02-07
14948,https://github.com/Expensify/App/issues/14948,Deploy Checklist: New Expensify 2023-02-07,14911,https://github.com/Expensify/App/issues/14911,2023-02-07
14757,https://github.com/Expensify/App/issues/14757,Deploy Checklist: New Expensify 2023-02-03,14833,https://github.com/Expensify/App/issues/14833,2023-02-03
14780,https://github.com/Expensify/App/issues/14780,Deploy Checklist: New Expensify 2023-02-03,14833,https://github.com/Expensify/App/issues/14833,2023-02-03
14836,https://github.com/Expensify/App/issues/14836,Deploy Checklist: New Expensify 2023-02-03,14833,https://github.com/Expensify/App/issues/14833,2023-02-03
14837,https://github.com/Expensify/App/issues/14837,Deploy Checklist: New Expensify 2023-02-03,14833,https://github.com/Expensify/App/issues/14833,2023-02-03
14847,https://github.com/Expensify/App/issues/14847,Deploy Checklist: New Expensify 2023-02-03,14833,https://github.com/Expensify/App/issues/14833,2023-02-03
14757,https://github.com/Expensify/App/issues/14757,Deploy Checklist: New Expensify 2023-02-02,14771,https://github.com/Expensify/App/issues/14771,2023-02-02
14781,https://github.com/Expensify/App/issues/14781,Deploy Checklist: New Expensify 2023-02-02,14771,https://github.com/Expensify/App/issues/14771,2023-02-02
14784,https://github.com/Expensify/App/issues/14784,Deploy Checklist: New Expensify 2023-02-02,14771,https://github.com/Expensify/App/issues/14771,2023-02-02
14787,https://github.com/Expensify/App/issues/14787,Deploy Checklist: New Expensify 2023-02-02,14771,https://github.com/Expensify/App/issues/14771,2023-02-02
14665,https://github.com/Expensify/App/issues/14665,Deploy Checklist: New Expensify 2023-01-30,14661,https://github.com/Expensify/App/issues/14661,2023-01-30
14666,https://github.com/Expensify/App/issues/14666,Deploy Checklist: New Expensify 2023-01-30,14661,https://github.com/Expensify/App/issues/14661,2023-01-30
14613,https://github.com/Expensify/App/issues/14613,Deploy Checklist: New Expensify 2023-01-26,14604,https://github.com/Expensify/App/issues/14604,2023-01-26
14614,https://github.com/Expensify/App/issues/14614,Deploy Checklist: New Expensify 2023-01-26,14604,https://github.com/Expensify/App/issues/14604,2023-01-26
14548,https://github.com/Expensify/App/issues/14548,Deploy Checklist: New Expensify 2023-01-25,14537,https://github.com/Expensify/App/issues/14537,2023-01-25
14571,https://github.com/Expensify/App/issues/14571,Deploy Checklist: New Expensify 2023-01-25,14537,https://github.com/Expensify/App/issues/14537,2023-01-25
14503,https://github.com/Expensify/App/issues/14503,Deploy Checklist: New Expensify 2023-01-23,14471,https://github.com/Expensify/App/issues/14471,2023-01-23
14505,https://github.com/Expensify/App/issues/14505,Deploy Checklist: New Expensify 2023-01-23,14471,https://github.com/Expensify/App/issues/14471,2023-01-23
14437,https://github.com/Expensify/App/issues/14437,Deploy Checklist: New Expensify 2023-01-19,14423,https://github.com/Expensify/App/issues/14423,2023-01-19
14447,https://github.com/Expensify/App/issues/14447,Deploy Checklist: New Expensify 2023-01-19,14423,https://github.com/Expensify/App/issues/14423,2023-01-19
14350,https://github.com/Expensify/App/issues/14350,Deploy Checklist: New Expensify 2023-01-16,14333,https://github.com/Expensify/App/issues/14333,2023-01-16
14121,https://github.com/Expensify/App/issues/14121,Deploy Checklist: New Expensify 2023-01-09,14145,https://github.com/Expensify/App/issues/14145,2023-01-09
14149,https://github.com/Expensify/App/issues/14149,Deploy Checklist: New Expensify 2023-01-09,14145,https://github.com/Expensify/App/issues/14145,2023-01-09
14089,https://github.com/Expensify/App/issues/14089,Deploy Checklist: New Expensify 2023-01-06,14067,https://github.com/Expensify/App/issues/14067,2023-01-06
14110,https://github.com/Expensify/App/issues/14110,Deploy Checklist: New Expensify 2023-01-06,14067,https://github.com/Expensify/App/issues/14067,2023-01-06
14111,https://github.com/Expensify/App/issues/14111,Deploy Checklist: New Expensify 2023-01-06,14067,https://github.com/Expensify/App/issues/14067,2023-01-06
14121,https://github.com/Expensify/App/issues/14121,Deploy Checklist: New Expensify 2023-01-06,14067,https://github.com/Expensify/App/issues/14067,2023-01-06
13951,https://github.com/Expensify/App/issues/13951,Deploy Checklist: New Expensify 2023-01-02,13933,https://github.com/Expensify/App/issues/13933,2023-01-02
13661,https://github.com/Expensify/App/issues/13661,Deploy Checklist: New Expensify 2022-12-20,13723,https://github.com/Expensify/App/issues/13723,2022-12-20
13687,https://github.com/Expensify/App/issues/13687,Deploy Checklist: New Expensify 2022-12-20,13723,https://github.com/Expensify/App/issues/13723,2022-12-20
13753,https://github.com/Expensify/App/issues/13753,Deploy Checklist: New Expensify 2022-12-20,13723,https://github.com/Expensify/App/issues/13723,2022-12-20
13755,https://github.com/Expensify/App/issues/13755,Deploy Checklist: New Expensify 2022-12-20,13723,https://github.com/Expensify/App/issues/13723,2022-12-20
13661,https://github.com/Expensify/App/issues/13661,Deploy Checklist: New Expensify 2022-12-16,13654,https://github.com/Expensify/App/issues/13654,2022-12-16
13665,https://github.com/Expensify/App/issues/13665,Deploy Checklist: New Expensify 2022-12-16,13654,https://github.com/Expensify/App/issues/13654,2022-12-16
13687,https://github.com/Expensify/App/issues/13687,Deploy Checklist: New Expensify 2022-12-16,13654,https://github.com/Expensify/App/issues/13654,2022-12-16
13718,https://github.com/Expensify/App/issues/13718,Deploy Checklist: New Expensify 2022-12-16,13654,https://github.com/Expensify/App/issues/13654,2022-12-16
13719,https://github.com/Expensify/App/issues/13719,Deploy Checklist: New Expensify 2022-12-16,13654,https://github.com/Expensify/App/issues/13654,2022-12-16
13488,https://github.com/Expensify/App/issues/13488,Deploy Checklist: New Expensify 2022-12-09,13498,https://github.com/Expensify/App/issues/13498,2022-12-10
13508,https://github.com/Expensify/App/issues/13508,Deploy Checklist: New Expensify 2022-12-09,13498,https://github.com/Expensify/App/issues/13498,2022-12-10
13510,https://github.com/Expensify/App/issues/13510,Deploy Checklist: New Expensify 2022-12-09,13498,https://github.com/Expensify/App/issues/13498,2022-12-10
13473,https://github.com/Expensify/App/issues/13473,Deploy Checklist: New Expensify 2022-12-07,13431,https://github.com/Expensify/App/issues/13431,2022-12-08
13435,https://github.com/Expensify/App/issues/13435,Deploy Checklist: New Expensify 2022-12-07,13431,https://github.com/Expensify/App/issues/13431,2022-12-08
13466,https://github.com/Expensify/App/issues/13466,Deploy Checklist: New Expensify 2022-12-07,13431,https://github.com/Expensify/App/issues/13431,2022-12-08
13447,https://github.com/Expensify/App/issues/13447,Deploy Checklist: New Expensify 2022-12-07,13431,https://github.com/Expensify/App/issues/13431,2022-12-08
13286,https://github.com/Expensify/App/issues/13286,Deploy Checklist: New Expensify 2022-12-02,13283,https://github.com/Expensify/App/issues/13283,2022-12-02
13287,https://github.com/Expensify/App/issues/13287,Deploy Checklist: New Expensify 2022-12-02,13283,https://github.com/Expensify/App/issues/13283,2022-12-02
13292,https://github.com/Expensify/App/issues/13292,Deploy Checklist: New Expensify 2022-12-02,13283,https://github.com/Expensify/App/issues/13283,2022-12-02
13327,https://github.com/Expensify/App/issues/13327,Deploy Checklist: New Expensify 2022-12-02,13283,https://github.com/Expensify/App/issues/13283,2022-12-02
13269,https://github.com/Expensify/App/issues/13269,Deploy Checklist: New Expensify 2022-12-01,13240,https://github.com/Expensify/App/issues/13240,2022-12-01
13025,https://github.com/Expensify/App/issues/13025,Deploy Checklist: New Expensify 2022-11-30,13180,https://github.com/Expensify/App/issues/13180,2022-11-30
13111,https://github.com/Expensify/App/issues/13111,Deploy Checklist: New Expensify 2022-11-30,13180,https://github.com/Expensify/App/issues/13180,2022-11-30
13116,https://github.com/Expensify/App/issues/13116,Deploy Checklist: New Expensify 2022-11-30,13180,https://github.com/Expensify/App/issues/13180,2022-11-30
13127,https://github.com/Expensify/App/issues/13127,Deploy Checklist: New Expensify 2022-11-30,13180,https://github.com/Expensify/App/issues/13180,2022-11-30
13132,https://github.com/Expensify/App/issues/13132,Deploy Checklist: New Expensify 2022-11-30,13180,https://github.com/Expensify/App/issues/13180,2022-11-30
13192,https://github.com/Expensify/App/issues/13192,Deploy Checklist: New Expensify 2022-11-30,13180,https://github.com/Expensify/App/issues/13180,2022-11-30
13205,https://github.com/Expensify/App/issues/13205,Deploy Checklist: New Expensify 2022-11-30,13180,https://github.com/Expensify/App/issues/13180,2022-11-30
13111,https://github.com/Expensify/App/issues/13111,Deploy Checklist: New Expensify 2022-11-28,13099,https://github.com/Expensify/App/issues/13099,2022-11-28
13116,https://github.com/Expensify/App/issues/13116,Deploy Checklist: New Expensify 2022-11-28,13099,https://github.com/Expensify/App/issues/13099,2022-11-28
13127,https://github.com/Expensify/App/issues/13127,Deploy Checklist: New Expensify 2022-11-28,13099,https://github.com/Expensify/App/issues/13099,2022-11-28
13132,https://github.com/Expensify/App/issues/13132,Deploy Checklist: New Expensify 2022-11-28,13099,https://github.com/Expensify/App/issues/13099,2022-11-28
13139,https://github.com/Expensify/App/issues/13139,Deploy Checklist: New Expensify 2022-11-28,13099,https://github.com/Expensify/App/issues/13099,2022-11-28
13141,https://github.com/Expensify/App/issues/13141,Deploy Checklist: New Expensify 2022-11-28,13099,https://github.com/Expensify/App/issues/13099,2022-11-28
13163,https://github.com/Expensify/App/issues/13163,Deploy Checklist: New Expensify 2022-11-28,13099,https://github.com/Expensify/App/issues/13099,2022-11-28
13000,https://github.com/Expensify/App/issues/13000,Deploy Checklist: New Expensify 2022-11-25,13059,https://github.com/Expensify/App/issues/13059,2022-11-25
13072,https://github.com/Expensify/App/issues/13072,Deploy Checklist: New Expensify 2022-11-25,13059,https://github.com/Expensify/App/issues/13059,2022-11-25
12981,https://github.com/Expensify/App/issues/12981,Deploy Checklist: New Expensify 2022-11-23,12976,https://github.com/Expensify/App/issues/12976,2022-11-23
12982,https://github.com/Expensify/App/issues/12982,Deploy Checklist: New Expensify 2022-11-23,12976,https://github.com/Expensify/App/issues/12976,2022-11-23
12999,https://github.com/Expensify/App/issues/12999,Deploy Checklist: New Expensify 2022-11-23,12976,https://github.com/Expensify/App/issues/12976,2022-11-23
13000,https://github.com/Expensify/App/issues/13000,Deploy Checklist: New Expensify 2022-11-23,12976,https://github.com/Expensify/App/issues/12976,2022-11-23
13002,https://github.com/Expensify/App/issues/13002,Deploy Checklist: New Expensify 2022-11-23,12976,https://github.com/Expensify/App/issues/12976,2022-11-23
13008,https://github.com/Expensify/App/issues/13008,Deploy Checklist: New Expensify 2022-11-23,12976,https://github.com/Expensify/App/issues/12976,2022-11-23
13009,https://github.com/Expensify/App/issues/13009,Deploy Checklist: New Expensify 2022-11-23,12976,https://github.com/Expensify/App/issues/12976,2022-11-23
13011,https://github.com/Expensify/App/issues/13011,Deploy Checklist: New Expensify 2022-11-23,12976,https://github.com/Expensify/App/issues/12976,2022-11-23
13025,https://github.com/Expensify/App/issues/13025,Deploy Checklist: New Expensify 2022-11-23,12976,https://github.com/Expensify/App/issues/12976,2022-11-23
12947,https://github.com/Expensify/App/issues/12947,Deploy Checklist: New Expensify 2022-11-22,12934,https://github.com/Expensify/App/issues/12934,2022-11-22
12822,https://github.com/Expensify/App/issues/12822,Deploy Checklist: New Expensify 2022-11-17,12812,https://github.com/Expensify/App/issues/12812,2022-11-17
12865,https://github.com/Expensify/App/issues/12865,Deploy Checklist: New Expensify 2022-11-17,12812,https://github.com/Expensify/App/issues/12812,2022-11-17
12889,https://github.com/Expensify/App/issues/12889,Deploy Checklist: New Expensify 2022-11-17,12812,https://github.com/Expensify/App/issues/12812,2022-11-17
12760,https://github.com/Expensify/App/issues/12760,Deploy Checklist: New Expensify 2022-11-15,12753,https://github.com/Expensify/App/issues/12753,2022-11-15
12666,https://github.com/Expensify/App/issues/12666,Deploy Checklist: New Expensify 2022-11-11,12662,https://github.com/Expensify/App/issues/12662,2022-11-11
12670,https://github.com/Expensify/App/issues/12670,Deploy Checklist: New Expensify 2022-11-11,12662,https://github.com/Expensify/App/issues/12662,2022-11-11
12671,https://github.com/Expensify/App/issues/12671,Deploy Checklist: New Expensify 2022-11-11,12662,https://github.com/Expensify/App/issues/12662,2022-11-11
12687,https://github.com/Expensify/App/issues/12687,Deploy Checklist: New Expensify 2022-11-11,12662,https://github.com/Expensify/App/issues/12662,2022-11-11
12569,https://github.com/Expensify/App/issues/12569,Deploy Checklist: New Expensify 2022-11-08,12563,https://github.com/Expensify/App/issues/12563,2022-11-08
12575,https://github.com/Expensify/App/issues/12575,Deploy Checklist: New Expensify 2022-11-08,12563,https://github.com/Expensify/App/issues/12563,2022-11-08
12487,https://github.com/Expensify/App/issues/12487,Deploy Checklist: New Expensify 2022-11-04,12476,https://github.com/Expensify/App/issues/12476,2022-11-04
12503,https://github.com/Expensify/App/issues/12503,Deploy Checklist: New Expensify 2022-11-04,12476,https://github.com/Expensify/App/issues/12476,2022-11-04
12522,https://github.com/Expensify/App/issues/12522,Deploy Checklist: New Expensify 2022-11-04,12476,https://github.com/Expensify/App/issues/12476,2022-11-04
12452,https://github.com/Expensify/App/issues/12452,Deploy Checklist: New Expensify 2022-11-02,12397,https://github.com/Expensify/App/issues/12397,2022-11-02
12454,https://github.com/Expensify/App/issues/12454,Deploy Checklist: New Expensify 2022-11-02,12397,https://github.com/Expensify/App/issues/12397,2022-11-02
12312,https://github.com/Expensify/App/issues/12312,Deploy Checklist: New Expensify 2022-10-31,12305,https://github.com/Expensify/App/issues/12305,2022-10-31
12275,https://github.com/Expensify/App/issues/12275,Deploy Checklist: New Expensify 2022-10-28,12223,https://github.com/Expensify/App/issues/12223,2022-10-28
12281,https://github.com/Expensify/App/issues/12281,Deploy Checklist: New Expensify 2022-10-28,12223,https://github.com/Expensify/App/issues/12223,2022-10-28
12171,https://github.com/Expensify/App/issues/12171,Deploy Checklist: New Expensify 2022-10-26,12165,https://github.com/Expensify/App/issues/12165,2022-10-26
12172,https://github.com/Expensify/App/issues/12172,Deploy Checklist: New Expensify 2022-10-26,12165,https://github.com/Expensify/App/issues/12165,2022-10-26
12173,https://github.com/Expensify/App/issues/12173,Deploy Checklist: New Expensify 2022-10-26,12165,https://github.com/Expensify/App/issues/12165,2022-10-26
12183,https://github.com/Expensify/App/issues/12183,Deploy Checklist: New Expensify 2022-10-26,12165,https://github.com/Expensify/App/issues/12165,2022-10-26
12204,https://github.com/Expensify/App/issues/12204,Deploy Checklist: New Expensify 2022-10-26,12165,https://github.com/Expensify/App/issues/12165,2022-10-26
11132,https://github.com/Expensify/App/issues/11132,Deploy Checklist: New Expensify 2022-10-24,12108,https://github.com/Expensify/App/issues/12108,2022-10-24
12115,https://github.com/Expensify/App/issues/12115,Deploy Checklist: New Expensify 2022-10-24,12108,https://github.com/Expensify/App/issues/12108,2022-10-24
12122,https://github.com/Expensify/App/issues/12122,Deploy Checklist: New Expensify 2022-10-24,12108,https://github.com/Expensify/App/issues/12108,2022-10-24
12132,https://github.com/Expensify/App/issues/12132,Deploy Checklist: New Expensify 2022-10-24,12108,https://github.com/Expensify/App/issues/12108,2022-10-24
10585,https://github.com/Expensify/App/issues/10585,Deploy Checklist: New Expensify 2022-10-19,11979,https://github.com/Expensify/App/issues/11979,2022-10-19
11633,https://github.com/Expensify/App/issues/11633,Deploy Checklist: New Expensify 2022-10-19,11979,https://github.com/Expensify/App/issues/11979,2022-10-19
11983,https://github.com/Expensify/App/issues/11983,Deploy Checklist: New Expensify 2022-10-19,11979,https://github.com/Expensify/App/issues/11979,2022-10-19
11995,https://github.com/Expensify/App/issues/11995,Deploy Checklist: New Expensify 2022-10-19,11979,https://github.com/Expensify/App/issues/11979,2022-10-19
12000,https://github.com/Expensify/App/issues/12000,Deploy Checklist: New Expensify 2022-10-19,11979,https://github.com/Expensify/App/issues/11979,2022-10-19
12009,https://github.com/Expensify/App/issues/12009,Deploy Checklist: New Expensify 2022-10-19,11979,https://github.com/Expensify/App/issues/11979,2022-10-19
12012,https://github.com/Expensify/App/issues/12012,Deploy Checklist: New Expensify 2022-10-19,11979,https://github.com/Expensify/App/issues/11979,2022-10-19
12035,https://github.com/Expensify/App/issues/12035,Deploy Checklist: New Expensify 2022-10-19,11979,https://github.com/Expensify/App/issues/11979,2022-10-19
12037,https://github.com/Expensify/App/issues/12037,Deploy Checklist: New Expensify 2022-10-19,11979,https://github.com/Expensify/App/issues/11979,2022-10-19
12061,https://github.com/Expensify/App/issues/12061,Deploy Checklist: New Expensify 2022-10-19,11979,https://github.com/Expensify/App/issues/11979,2022-10-19
12067,https://github.com/Expensify/App/issues/12067,Deploy Checklist: New Expensify 2022-10-19,11979,https://github.com/Expensify/App/issues/11979,2022-10-19
11929,https://github.com/Expensify/App/issues/11929,Deploy Checklist: New Expensify 2022-10-17,11920,https://github.com/Expensify/App/issues/11920,2022-10-17
11858,https://github.com/Expensify/App/issues/11858,Deploy Checklist: New Expensify 2022-10-14,11880,https://github.com/Expensify/App/issues/11880,2022-10-15
11884,https://github.com/Expensify/App/issues/11884,Deploy Checklist: New Expensify 2022-10-14,11880,https://github.com/Expensify/App/issues/11880,2022-10-15
11887,https://github.com/Expensify/App/issues/11887,Deploy Checklist: New Expensify 2022-10-14,11880,https://github.com/Expensify/App/issues/11880,2022-10-15
11840,https://github.com/Expensify/App/issues/11840,Deploy Checklist: New Expensify 2022-10-13,11830,https://github.com/Expensify/App/issues/11830,2022-10-13
11855,https://github.com/Expensify/App/issues/11855,Deploy Checklist: New Expensify 2022-10-13,11830,https://github.com/Expensify/App/issues/11830,2022-10-13
11858,https://github.com/Expensify/App/issues/11858,Deploy Checklist: New Expensify 2022-10-13,11830,https://github.com/Expensify/App/issues/11830,2022-10-13
11804,https://github.com/Expensify/App/issues/11804,Deploy Checklist: New Expensify 2022-10-13,11793,https://github.com/Expensify/App/issues/11793,2022-10-13
11754,https://github.com/Expensify/App/issues/11754,Deploy Checklist: New Expensify 2022-10-11,11741,https://github.com/Expensify/App/issues/11741,2022-10-11
11755,https://github.com/Expensify/App/issues/11755,Deploy Checklist: New Expensify 2022-10-11,11741,https://github.com/Expensify/App/issues/11741,2022-10-11
11756,https://github.com/Expensify/App/issues/11756,Deploy Checklist: New Expensify 2022-10-11,11741,https://github.com/Expensify/App/issues/11741,2022-10-11
11769,https://github.com/Expensify/App/issues/11769,Deploy Checklist: New Expensify 2022-10-11,11741,https://github.com/Expensify/App/issues/11741,2022-10-11
11770,https://github.com/Expensify/App/issues/11770,Deploy Checklist: New Expensify 2022-10-11,11741,https://github.com/Expensify/App/issues/11741,2022-10-11
7270,https://github.com/Expensify/App/issues/7270,Deploy Checklist: New Expensify 2022-10-05,11623,https://github.com/Expensify/App/issues/11623,2022-10-05
11318,https://github.com/Expensify/App/issues/11318,Deploy Checklist: New Expensify 2022-10-05,11623,https://github.com/Expensify/App/issues/11623,2022-10-05
11624,https://github.com/Expensify/App/issues/11624,Deploy Checklist: New Expensify 2022-10-05,11623,https://github.com/Expensify/App/issues/11623,2022-10-05
11633,https://github.com/Expensify/App/issues/11633,Deploy Checklist: New Expensify 2022-10-05,11623,https://github.com/Expensify/App/issues/11623,2022-10-05
11637,https://github.com/Expensify/App/issues/11637,Deploy Checklist: New Expensify 2022-10-05,11623,https://github.com/Expensify/App/issues/11623,2022-10-05
11646,https://github.com/Expensify/App/issues/11646,Deploy Checklist: New Expensify 2022-10-05,11623,https://github.com/Expensify/App/issues/11623,2022-10-05
11654,https://github.com/Expensify/App/issues/11654,Deploy Checklist: New Expensify 2022-10-05,11623,https://github.com/Expensify/App/issues/11623,2022-10-05
11685,https://github.com/Expensify/App/issues/11685,Deploy Checklist: New Expensify 2022-10-05,11623,https://github.com/Expensify/App/issues/11623,2022-10-05
11686,https://github.com/Expensify/App/issues/11686,Deploy Checklist: New Expensify 2022-10-05,11623,https://github.com/Expensify/App/issues/11623,2022-10-05
11318,https://github.com/Expensify/App/issues/11318,Deploy Checklist: New Expensify 2022-09-30,11485,https://github.com/Expensify/App/issues/11485,2022-09-30
11503,https://github.com/Expensify/App/issues/11503,Deploy Checklist: New Expensify 2022-09-30,11485,https://github.com/Expensify/App/issues/11485,2022-09-30
11504,https://github.com/Expensify/App/issues/11504,Deploy Checklist: New Expensify 2022-09-30,11485,https://github.com/Expensify/App/issues/11485,2022-09-30
11509,https://github.com/Expensify/App/issues/11509,Deploy Checklist: New Expensify 2022-09-30,11485,https://github.com/Expensify/App/issues/11485,2022-09-30
11510,https://github.com/Expensify/App/issues/11510,Deploy Checklist: New Expensify 2022-09-30,11485,https://github.com/Expensify/App/issues/11485,2022-09-30
11526,https://github.com/Expensify/App/issues/11526,Deploy Checklist: New Expensify 2022-09-30,11485,https://github.com/Expensify/App/issues/11485,2022-09-30
11548,https://github.com/Expensify/App/issues/11548,Deploy Checklist: New Expensify 2022-09-30,11485,https://github.com/Expensify/App/issues/11485,2022-09-30
11555,https://github.com/Expensify/App/issues/11555,Deploy Checklist: New Expensify 2022-09-30,11485,https://github.com/Expensify/App/issues/11485,2022-09-30
11596,https://github.com/Expensify/App/issues/11596,Deploy Checklist: New Expensify 2022-09-30,11485,https://github.com/Expensify/App/issues/11485,2022-09-30
11610,https://github.com/Expensify/App/issues/11610,Deploy Checklist: New Expensify 2022-09-30,11485,https://github.com/Expensify/App/issues/11485,2022-09-30
11464,https://github.com/Expensify/App/issues/11464,Deploy Checklist: New Expensify 2022-09-29,11446,https://github.com/Expensify/App/issues/11446,2022-09-29
11301,https://github.com/Expensify/App/issues/11301,Deploy Checklist: New Expensify 2022-09-26,11297,https://github.com/Expensify/App/issues/11297,2022-09-26
11305,https://github.com/Expensify/App/issues/11305,Deploy Checklist: New Expensify 2022-09-26,11297,https://github.com/Expensify/App/issues/11297,2022-09-26
11264,https://github.com/Expensify/App/issues/11264,Deploy Checklist: New Expensify 2022-09-23,11252,https://github.com/Expensify/App/issues/11252,2022-09-23
11216,https://github.com/Expensify/App/issues/11216,Deploy Checklist: New Expensify 2022-09-22,11215,https://github.com/Expensify/App/issues/11215,2022-09-22
11234,https://github.com/Expensify/App/issues/11234,Deploy Checklist: New Expensify 2022-09-22,11215,https://github.com/Expensify/App/issues/11215,2022-09-22
11237,https://github.com/Expensify/App/issues/11237,Deploy Checklist: New Expensify 2022-09-22,11215,https://github.com/Expensify/App/issues/11215,2022-09-22
11239,https://github.com/Expensify/App/issues/11239,Deploy Checklist: New Expensify 2022-09-22,11215,https://github.com/Expensify/App/issues/11215,2022-09-22
11203,https://github.com/Expensify/App/issues/11203,Deploy Checklist: New Expensify 2022-09-21,11181,https://github.com/Expensify/App/issues/11181,2022-09-21
11044,https://github.com/Expensify/App/issues/11044,Deploy Checklist: New Expensify 2022-09-20,11139,https://github.com/Expensify/App/issues/11139,2022-09-20
11147,https://github.com/Expensify/App/issues/11147,Deploy Checklist: New Expensify 2022-09-20,11139,https://github.com/Expensify/App/issues/11139,2022-09-20
11044,https://github.com/Expensify/App/issues/11044,Deploy Checklist: New Expensify 2022-09-16,11043,https://github.com/Expensify/App/issues/11043,2022-09-16
11058,https://github.com/Expensify/App/issues/11058,Deploy Checklist: New Expensify 2022-09-16,11043,https://github.com/Expensify/App/issues/11043,2022-09-16
10978,https://github.com/Expensify/App/issues/10978,Deploy Checklist: New Expensify 2022-09-13,10958,https://github.com/Expensify/App/issues/10958,2022-09-13
11003,https://github.com/Expensify/App/issues/11003,Deploy Checklist: New Expensify 2022-09-13,10958,https://github.com/Expensify/App/issues/10958,2022-09-13
11011,https://github.com/Expensify/App/issues/11011,Deploy Checklist: New Expensify 2022-09-13,10958,https://github.com/Expensify/App/issues/10958,2022-09-13
11019,https://github.com/Expensify/App/issues/11019,Deploy Checklist: New Expensify 2022-09-13,10958,https://github.com/Expensify/App/issues/10958,2022-09-13
11020,https://github.com/Expensify/App/issues/11020,Deploy Checklist: New Expensify 2022-09-13,10958,https://github.com/Expensify/App/issues/10958,2022-09-13
11021,https://github.com/Expensify/App/issues/11021,Deploy Checklist: New Expensify 2022-09-13,10958,https://github.com/Expensify/App/issues/10958,2022-09-13
10876,https://github.com/Expensify/App/issues/10876,Deploy Checklist: New Expensify 2022-09-09,10916,https://github.com/Expensify/App/issues/10916,2022-09-09
10917,https://github.com/Expensify/App/issues/10917,Deploy Checklist: New Expensify 2022-09-09,10916,https://github.com/Expensify/App/issues/10916,2022-09-09
10925,https://github.com/Expensify/App/issues/10925,Deploy Checklist: New Expensify 2022-09-09,10916,https://github.com/Expensify/App/issues/10916,2022-09-09
10927,https://github.com/Expensify/App/issues/10927,Deploy Checklist: New Expensify 2022-09-09,10916,https://github.com/Expensify/App/issues/10916,2022-09-09
10901,https://github.com/Expensify/App/issues/10901,Deploy Checklist: New Expensify 2022-09-08,10883,https://github.com/Expensify/App/issues/10883,2022-09-08
10821,https://github.com/Expensify/App/issues/10821,Deploy Checklist: New Expensify 2022-09-05,10808,https://github.com/Expensify/App/issues/10808,2022-09-05
10822,https://github.com/Expensify/App/issues/10822,Deploy Checklist: New Expensify 2022-09-05,10808,https://github.com/Expensify/App/issues/10808,2022-09-05
10825,https://github.com/Expensify/App/issues/10825,Deploy Checklist: New Expensify 2022-09-05,10808,https://github.com/Expensify/App/issues/10808,2022-09-05
10826,https://github.com/Expensify/App/issues/10826,Deploy Checklist: New Expensify 2022-09-05,10808,https://github.com/Expensify/App/issues/10808,2022-09-05
10828,https://github.com/Expensify/App/issues/10828,Deploy Checklist: New Expensify 2022-09-05,10808,https://github.com/Expensify/App/issues/10808,2022-09-05
10829,https://github.com/Expensify/App/issues/10829,Deploy Checklist: New Expensify 2022-09-05,10808,https://github.com/Expensify/App/issues/10808,2022-09-05
10877,https://github.com/Expensify/App/issues/10877,Deploy Checklist: New Expensify 2022-09-05,10808,https://github.com/Expensify/App/issues/10808,2022-09-05
10442,https://github.com/Expensify/App/issues/10442,Deploy Checklist: New Expensify 2022-09-01,10748,https://github.com/Expensify/App/issues/10748,2022-09-01
10751,https://github.com/Expensify/App/issues/10751,Deploy Checklist: New Expensify 2022-09-01,10748,https://github.com/Expensify/App/issues/10748,2022-09-01
10753,https://github.com/Expensify/App/issues/10753,Deploy Checklist: New Expensify 2022-09-01,10748,https://github.com/Expensify/App/issues/10748,2022-09-01
10754,https://github.com/Expensify/App/issues/10754,Deploy Checklist: New Expensify 2022-09-01,10748,https://github.com/Expensify/App/issues/10748,2022-09-01
10756,https://github.com/Expensify/App/issues/10756,Deploy Checklist: New Expensify 2022-09-01,10748,https://github.com/Expensify/App/issues/10748,2022-09-01
10757,https://github.com/Expensify/App/issues/10757,Deploy Checklist: New Expensify 2022-09-01,10748,https://github.com/Expensify/App/issues/10748,2022-09-01
10759,https://github.com/Expensify/App/issues/10759,Deploy Checklist: New Expensify 2022-09-01,10748,https://github.com/Expensify/App/issues/10748,2022-09-01
10725,https://github.com/Expensify/App/issues/10725,Deploy Checklist: New Expensify 2022-08-31,10712,https://github.com/Expensify/App/issues/10712,2022-08-31
10649,https://github.com/Expensify/App/issues/10649,Deploy Checklist: New Expensify 2022-08-29,10637,https://github.com/Expensify/App/issues/10637,2022-08-29
10650,https://github.com/Expensify/App/issues/10650,Deploy Checklist: New Expensify 2022-08-29,10637,https://github.com/Expensify/App/issues/10637,2022-08-29
10664,https://github.com/Expensify/App/issues/10664,Deploy Checklist: New Expensify 2022-08-29,10637,https://github.com/Expensify/App/issues/10637,2022-08-29
10585,https://github.com/Expensify/App/issues/10585,Deploy Checklist: New Expensify 2022-08-25,10575,https://github.com/Expensify/App/issues/10575,2022-08-25
10424,https://github.com/Expensify/App/issues/10424,Deploy Checklist: New Expensify 2022-08-23,10498,https://github.com/Expensify/App/issues/10498,2022-08-23
10520,https://github.com/Expensify/App/issues/10520,Deploy Checklist: New Expensify 2022-08-23,10498,https://github.com/Expensify/App/issues/10498,2022-08-23
10522,https://github.com/Expensify/App/issues/10522,Deploy Checklist: New Expensify 2022-08-23,10498,https://github.com/Expensify/App/issues/10498,2022-08-23
10524,https://github.com/Expensify/App/issues/10524,Deploy Checklist: New Expensify 2022-08-23,10498,https://github.com/Expensify/App/issues/10498,2022-08-23
10527,https://github.com/Expensify/App/issues/10527,Deploy Checklist: New Expensify 2022-08-23,10498,https://github.com/Expensify/App/issues/10498,2022-08-23
10531,https://github.com/Expensify/App/issues/10531,Deploy Checklist: New Expensify 2022-08-23,10498,https://github.com/Expensify/App/issues/10498,2022-08-23
10534,https://github.com/Expensify/App/issues/10534,Deploy Checklist: New Expensify 2022-08-23,10498,https://github.com/Expensify/App/issues/10498,2022-08-23
10535,https://github.com/Expensify/App/issues/10535,Deploy Checklist: New Expensify 2022-08-23,10498,https://github.com/Expensify/App/issues/10498,2022-08-23
10536,https://github.com/Expensify/App/issues/10536,Deploy Checklist: New Expensify 2022-08-23,10498,https://github.com/Expensify/App/issues/10498,2022-08-23
10538,https://github.com/Expensify/App/issues/10538,Deploy Checklist: New Expensify 2022-08-23,10498,https://github.com/Expensify/App/issues/10498,2022-08-23
10539,https://github.com/Expensify/App/issues/10539,Deploy Checklist: New Expensify 2022-08-23,10498,https://github.com/Expensify/App/issues/10498,2022-08-23
10547,https://github.com/Expensify/App/issues/10547,Deploy Checklist: New Expensify 2022-08-23,10498,https://github.com/Expensify/App/issues/10498,2022-08-23
10550,https://github.com/Expensify/App/issues/10550,Deploy Checklist: New Expensify 2022-08-23,10498,https://github.com/Expensify/App/issues/10498,2022-08-23
10552,https://github.com/Expensify/App/issues/10552,Deploy Checklist: New Expensify 2022-08-23,10498,https://github.com/Expensify/App/issues/10498,2022-08-23
10257,https://github.com/Expensify/App/issues/10257,Deploy Checklist: New Expensify 2022-08-04,10253,https://github.com/Expensify/App/issues/10253,2022-08-04
10258,https://github.com/Expensify/App/issues/10258,Deploy Checklist: New Expensify 2022-08-04,10253,https://github.com/Expensify/App/issues/10253,2022-08-04
10261,https://github.com/Expensify/App/issues/10261,Deploy Checklist: New Expensify 2022-08-04,10253,https://github.com/Expensify/App/issues/10253,2022-08-04
10277,https://github.com/Expensify/App/issues/10277,Deploy Checklist: New Expensify 2022-08-04,10253,https://github.com/Expensify/App/issues/10253,2022-08-04
10408,https://github.com/Expensify/App/issues/10408,Deploy Checklist: New Expensify 2022-08-04,10253,https://github.com/Expensify/App/issues/10253,2022-08-04
10409,https://github.com/Expensify/App/issues/10409,Deploy Checklist: New Expensify 2022-08-04,10253,https://github.com/Expensify/App/issues/10253,2022-08-04
10419,https://github.com/Expensify/App/issues/10419,Deploy Checklist: New Expensify 2022-08-04,10253,https://github.com/Expensify/App/issues/10253,2022-08-04
10423,https://github.com/Expensify/App/issues/10423,Deploy Checklist: New Expensify 2022-08-04,10253,https://github.com/Expensify/App/issues/10253,2022-08-04
10424,https://github.com/Expensify/App/issues/10424,Deploy Checklist: New Expensify 2022-08-04,10253,https://github.com/Expensify/App/issues/10253,2022-08-04
10430,https://github.com/Expensify/App/issues/10430,Deploy Checklist: New Expensify 2022-08-04,10253,https://github.com/Expensify/App/issues/10253,2022-08-04
10431,https://github.com/Expensify/App/issues/10431,Deploy Checklist: New Expensify 2022-08-04,10253,https://github.com/Expensify/App/issues/10253,2022-08-04
10442,https://github.com/Expensify/App/issues/10442,Deploy Checklist: New Expensify 2022-08-04,10253,https://github.com/Expensify/App/issues/10253,2022-08-04
10483,https://github.com/Expensify/App/issues/10483,Deploy Checklist: New Expensify 2022-08-04,10253,https://github.com/Expensify/App/issues/10253,2022-08-04
10492,https://github.com/Expensify/App/issues/10492,Deploy Checklist: New Expensify 2022-08-04,10253,https://github.com/Expensify/App/issues/10253,2022-08-04
10215,https://github.com/Expensify/App/issues/10215,Deploy Checklist: New Expensify 2022-08-01,10169,https://github.com/Expensify/App/issues/10169,2022-08-01
10217,https://github.com/Expensify/App/issues/10217,Deploy Checklist: New Expensify 2022-08-01,10169,https://github.com/Expensify/App/issues/10169,2022-08-01
10224,https://github.com/Expensify/App/issues/10224,Deploy Checklist: New Expensify 2022-08-01,10169,https://github.com/Expensify/App/issues/10169,2022-08-01
10079,https://github.com/Expensify/App/issues/10079,Deploy Checklist: New Expensify 2022-07-25,10077,https://github.com/Expensify/App/issues/10077,2022-07-25
10083,https://github.com/Expensify/App/issues/10083,Deploy Checklist: New Expensify 2022-07-25,10077,https://github.com/Expensify/App/issues/10077,2022-07-25
10085,https://github.com/Expensify/App/issues/10085,Deploy Checklist: New Expensify 2022-07-25,10077,https://github.com/Expensify/App/issues/10077,2022-07-25
10086,https://github.com/Expensify/App/issues/10086,Deploy Checklist: New Expensify 2022-07-25,10077,https://github.com/Expensify/App/issues/10077,2022-07-25
10087,https://github.com/Expensify/App/issues/10087,Deploy Checklist: New Expensify 2022-07-25,10077,https://github.com/Expensify/App/issues/10077,2022-07-25
10088,https://github.com/Expensify/App/issues/10088,Deploy Checklist: New Expensify 2022-07-25,10077,https://github.com/Expensify/App/issues/10077,2022-07-25
10094,https://github.com/Expensify/App/issues/10094,Deploy Checklist: New Expensify 2022-07-25,10077,https://github.com/Expensify/App/issues/10077,2022-07-25
10097,https://github.com/Expensify/App/issues/10097,Deploy Checklist: New Expensify 2022-07-25,10077,https://github.com/Expensify/App/issues/10077,2022-07-25
10098,https://github.com/Expensify/App/issues/10098,Deploy Checklist: New Expensify 2022-07-25,10077,https://github.com/Expensify/App/issues/10077,2022-07-25
10099,https://github.com/Expensify/App/issues/10099,Deploy Checklist: New Expensify 2022-07-25,10077,https://github.com/Expensify/App/issues/10077,2022-07-25
10100,https://github.com/Expensify/App/issues/10100,Deploy Checklist: New Expensify 2022-07-25,10077,https://github.com/Expensify/App/issues/10077,2022-07-25
10105,https://github.com/Expensify/App/issues/10105,Deploy Checklist: New Expensify 2022-07-25,10077,https://github.com/Expensify/App/issues/10077,2022-07-25
10106,https://github.com/Expensify/App/issues/10106,Deploy Checklist: New Expensify 2022-07-25,10077,https://github.com/Expensify/App/issues/10077,2022-07-25
10130,https://github.com/Expensify/App/issues/10130,Deploy Checklist: New Expensify 2022-07-25,10077,https://github.com/Expensify/App/issues/10077,2022-07-25
10133,https://github.com/Expensify/App/issues/10133,Deploy Checklist: New Expensify 2022-07-25,10077,https://github.com/Expensify/App/issues/10077,2022-07-25
10134,https://github.com/Expensify/App/issues/10134,Deploy Checklist: New Expensify 2022-07-25,10077,https://github.com/Expensify/App/issues/10077,2022-07-25
9992,https://github.com/Expensify/App/issues/9992,Deploy Checklist: New Expensify 2022-07-18,9970,https://github.com/Expensify/App/issues/9970,2022-07-18
10000,https://github.com/Expensify/App/issues/10000,Deploy Checklist: New Expensify 2022-07-18,9970,https://github.com/Expensify/App/issues/9970,2022-07-18
10001,https://github.com/Expensify/App/issues/10001,Deploy Checklist: New Expensify 2022-07-18,9970,https://github.com/Expensify/App/issues/9970,2022-07-18
10003,https://github.com/Expensify/App/issues/10003,Deploy Checklist: New Expensify 2022-07-18,9970,https://github.com/Expensify/App/issues/9970,2022-07-18
10016,https://github.com/Expensify/App/issues/10016,Deploy Checklist: New Expensify 2022-07-18,9970,https://github.com/Expensify/App/issues/9970,2022-07-18
10021,https://github.com/Expensify/App/issues/10021,Deploy Checklist: New Expensify 2022-07-18,9970,https://github.com/Expensify/App/issues/9970,2022-07-18
10024,https://github.com/Expensify/App/issues/10024,Deploy Checklist: New Expensify 2022-07-18,9970,https://github.com/Expensify/App/issues/9970,2022-07-18
10038,https://github.com/Expensify/App/issues/10038,Deploy Checklist: New Expensify 2022-07-18,9970,https://github.com/Expensify/App/issues/9970,2022-07-18
10042,https://github.com/Expensify/App/issues/10042,Deploy Checklist: New Expensify 2022-07-18,9970,https://github.com/Expensify/App/issues/9970,2022-07-18
10049,https://github.com/Expensify/App/issues/10049,Deploy Checklist: New Expensify 2022-07-18,9970,https://github.com/Expensify/App/issues/9970,2022-07-18
10052,https://github.com/Expensify/App/issues/10052,Deploy Checklist: New Expensify 2022-07-18,9970,https://github.com/Expensify/App/issues/9970,2022-07-18
10056,https://github.com/Expensify/App/issues/10056,Deploy Checklist: New Expensify 2022-07-18,9970,https://github.com/Expensify/App/issues/9970,2022-07-18
9807,https://github.com/Expensify/App/issues/9807,Deploy Checklist: New Expensify 2022-07-12,9847,https://github.com/Expensify/App/issues/9847,2022-07-12
9786,https://github.com/Expensify/App/issues/9786,Deploy Checklist: New Expensify 2022-07-07,9781,https://github.com/Expensify/App/issues/9781,2022-07-08
9838,https://github.com/Expensify/App/issues/9838,Deploy Checklist: New Expensify 2022-07-07,9781,https://github.com/Expensify/App/issues/9781,2022-07-08
9594,https://github.com/Expensify/App/issues/9594,Deploy Checklist: New Expensify 2022-06-28,9586,https://github.com/Expensify/App/issues/9586,2022-06-28
9598,https://github.com/Expensify/App/issues/9598,Deploy Checklist: New Expensify 2022-06-28,9586,https://github.com/Expensify/App/issues/9586,2022-06-28
9606,https://github.com/Expensify/App/issues/9606,Deploy Checklist: New Expensify 2022-06-28,9586,https://github.com/Expensify/App/issues/9586,2022-06-28
9614,https://github.com/Expensify/App/issues/9614,Deploy Checklist: New Expensify 2022-06-28,9586,https://github.com/Expensify/App/issues/9586,2022-06-28
9671,https://github.com/Expensify/App/issues/9671,Deploy Checklist: New Expensify 2022-06-28,9586,https://github.com/Expensify/App/issues/9586,2022-06-28
9685,https://github.com/Expensify/App/issues/9685,Deploy Checklist: New Expensify 2022-06-28,9586,https://github.com/Expensify/App/issues/9586,2022-06-28
9695,https://github.com/Expensify/App/issues/9695,Deploy Checklist: New Expensify 2022-06-28,9586,https://github.com/Expensify/App/issues/9586,2022-06-28
9487,https://github.com/Expensify/App/issues/9487,Deploy Checklist: New Expensify 2022-06-16,9480,https://github.com/Expensify/App/issues/9480,2022-06-16
9564,https://github.com/Expensify/App/issues/9564,Deploy Checklist: New Expensify 2022-06-16,9480,https://github.com/Expensify/App/issues/9480,2022-06-16
9565,https://github.com/Expensify/App/issues/9565,Deploy Checklist: New Expensify 2022-06-16,9480,https://github.com/Expensify/App/issues/9480,2022-06-16
9362,https://github.com/Expensify/App/issues/9362,Deploy Checklist: New Expensify 2022-06-08,9359,https://github.com/Expensify/App/issues/9359,2022-06-08
9334,https://github.com/Expensify/App/issues/9334,Deploy Checklist: New Expensify 2022-06-06,9326,https://github.com/Expensify/App/issues/9326,2022-06-06
9277,https://github.com/Expensify/App/issues/9277,Deploy Checklist: New Expensify 2022-06-01,9275,https://github.com/Expensify/App/issues/9275,2022-06-01
9280,https://github.com/Expensify/App/issues/9280,Deploy Checklist: New Expensify 2022-06-01,9275,https://github.com/Expensify/App/issues/9275,2022-06-01
9223,https://github.com/Expensify/App/issues/9223,Deploy Checklist: New Expensify 2022-05-30,9217,https://github.com/Expensify/App/issues/9217,2022-05-30
9225,https://github.com/Expensify/App/issues/9225,Deploy Checklist: New Expensify 2022-05-30,9217,https://github.com/Expensify/App/issues/9217,2022-05-30
9196,https://github.com/Expensify/App/issues/9196,Deploy Checklist: New Expensify 2022-05-26,9188,https://github.com/Expensify/App/issues/9188,2022-05-26
9197,https://github.com/Expensify/App/issues/9197,Deploy Checklist: New Expensify 2022-05-26,9188,https://github.com/Expensify/App/issues/9188,2022-05-26
9179,https://github.com/Expensify/App/issues/9179,Deploy Checklist: New Expensify 2022-05-25,9175,https://github.com/Expensify/App/issues/9175,2022-05-25
9158,https://github.com/Expensify/App/issues/9158,Deploy Checklist: New Expensify 2022-05-24,9151,https://github.com/Expensify/App/issues/9151,2022-05-24
9159,https://github.com/Expensify/App/issues/9159,Deploy Checklist: New Expensify 2022-05-24,9151,https://github.com/Expensify/App/issues/9151,2022-05-24
9161,https://github.com/Expensify/App/issues/9161,Deploy Checklist: New Expensify 2022-05-24,9151,https://github.com/Expensify/App/issues/9151,2022-05-24
9166,https://github.com/Expensify/App/issues/9166,Deploy Checklist: New Expensify 2022-05-24,9151,https://github.com/Expensify/App/issues/9151,2022-05-24
9121,https://github.com/Expensify/App/issues/9121,Deploy Checklist: New Expensify 2022-05-20,9111,https://github.com/Expensify/App/issues/9111,2022-05-20
9122,https://github.com/Expensify/App/issues/9122,Deploy Checklist: New Expensify 2022-05-20,9111,https://github.com/Expensify/App/issues/9111,2022-05-20
9081,https://github.com/Expensify/App/issues/9081,Deploy Checklist: New Expensify 2022-05-18,9069,https://github.com/Expensify/App/issues/9069,2022-05-18
9085,https://github.com/Expensify/App/issues/9085,Deploy Checklist: New Expensify 2022-05-18,9069,https://github.com/Expensify/App/issues/9069,2022-05-18
8992,https://github.com/Expensify/App/issues/8992,Deploy Checklist: New Expensify 2022-05-16,9037,https://github.com/Expensify/App/issues/9037,2022-05-16
8992,https://github.com/Expensify/App/issues/8992,Deploy Checklist: New Expensify 2022-05-13,8991,https://github.com/Expensify/App/issues/8991,2022-05-13
8994,https://github.com/Expensify/App/issues/8994,Deploy Checklist: New Expensify 2022-05-13,8991,https://github.com/Expensify/App/issues/8991,2022-05-13
8996,https://github.com/Expensify/App/issues/8996,Deploy Checklist: New Expensify 2022-05-13,8991,https://github.com/Expensify/App/issues/8991,2022-05-13
8997,https://github.com/Expensify/App/issues/8997,Deploy Checklist: New Expensify 2022-05-13,8991,https://github.com/Expensify/App/issues/8991,2022-05-13
9004,https://github.com/Expensify/App/issues/9004,Deploy Checklist: New Expensify 2022-05-13,8991,https://github.com/Expensify/App/issues/8991,2022-05-13
8329,https://github.com/Expensify/App/issues/8329,Deploy Checklist: New Expensify 2022-04-25,8777,https://github.com/Expensify/App/issues/8777,2022-04-25
8783,https://github.com/Expensify/App/issues/8783,Deploy Checklist: New Expensify 2022-04-25,8777,https://github.com/Expensify/App/issues/8777,2022-04-25
8791,https://github.com/Expensify/App/issues/8791,Deploy Checklist: New Expensify 2022-04-25,8777,https://github.com/Expensify/App/issues/8777,2022-04-25
8800,https://github.com/Expensify/App/issues/8800,Deploy Checklist: New Expensify 2022-04-25,8777,https://github.com/Expensify/App/issues/8777,2022-04-25
8922,https://github.com/Expensify/App/issues/8922,Deploy Checklist: New Expensify 2022-04-25,8777,https://github.com/Expensify/App/issues/8777,2022-04-25
8924,https://github.com/Expensify/App/issues/8924,Deploy Checklist: New Expensify 2022-04-25,8777,https://github.com/Expensify/App/issues/8777,2022-04-25
8926,https://github.com/Expensify/App/issues/8926,Deploy Checklist: New Expensify 2022-04-25,8777,https://github.com/Expensify/App/issues/8777,2022-04-25
8945,https://github.com/Expensify/App/issues/8945,Deploy Checklist: New Expensify 2022-04-25,8777,https://github.com/Expensify/App/issues/8777,2022-04-25
8947,https://github.com/Expensify/App/issues/8947,Deploy Checklist: New Expensify 2022-04-25,8777,https://github.com/Expensify/App/issues/8777,2022-04-25
8962,https://github.com/Expensify/App/issues/8962,Deploy Checklist: New Expensify 2022-04-25,8777,https://github.com/Expensify/App/issues/8777,2022-04-25
8963,https://github.com/Expensify/App/issues/8963,Deploy Checklist: New Expensify 2022-04-25,8777,https://github.com/Expensify/App/issues/8777,2022-04-25
8968,https://github.com/Expensify/App/issues/8968,Deploy Checklist: New Expensify 2022-04-25,8777,https://github.com/Expensify/App/issues/8777,2022-04-25
8709,https://github.com/Expensify/App/issues/8709,Deploy Checklist: New Expensify 2022-04-20,8707,https://github.com/Expensify/App/issues/8707,2022-04-20
8729,https://github.com/Expensify/App/issues/8729,Deploy Checklist: New Expensify 2022-04-20,8707,https://github.com/Expensify/App/issues/8707,2022-04-20
8687,https://github.com/Expensify/App/issues/8687,Deploy Checklist: New Expensify 2022-04-13,8631,https://github.com/Expensify/App/issues/8631,2022-04-13
8570,https://github.com/Expensify/App/issues/8570,Deploy Checklist: New Expensify 2022-04-08,8566,https://github.com/Expensify/App/issues/8566,2022-04-08
8551,https://github.com/Expensify/App/issues/8551,Deploy Checklist: New Expensify 2022-04-06,8516,https://github.com/Expensify/App/issues/8516,2022-04-06
8379,https://github.com/Expensify/App/issues/8379,Deploy Checklist: New Expensify 2022-03-30,8378,https://github.com/Expensify/App/issues/8378,2022-03-30
8308,https://github.com/Expensify/App/issues/8308,Deploy Checklist: New Expensify 2022-03-24,8305,https://github.com/Expensify/App/issues/8305,2022-03-24
8320,https://github.com/Expensify/App/issues/8320,Deploy Checklist: New Expensify 2022-03-24,8305,https://github.com/Expensify/App/issues/8305,2022-03-24
8215,https://github.com/Expensify/App/issues/8215,Deploy Checklist: New Expensify 2022-03-17,8210,https://github.com/Expensify/App/issues/8210,2022-03-17
8094,https://github.com/Expensify/App/issues/8094,Deploy Checklist: New Expensify 2022-03-15,8170,https://github.com/Expensify/App/issues/8170,2022-03-15
8175,https://github.com/Expensify/App/issues/8175,Deploy Checklist: New Expensify 2022-03-15,8170,https://github.com/Expensify/App/issues/8170,2022-03-15
8177,https://github.com/Expensify/App/issues/8177,Deploy Checklist: New Expensify 2022-03-15,8170,https://github.com/Expensify/App/issues/8170,2022-03-15
8180,https://github.com/Expensify/App/issues/8180,Deploy Checklist: New Expensify 2022-03-15,8170,https://github.com/Expensify/App/issues/8170,2022-03-15
8183,https://github.com/Expensify/App/issues/8183,Deploy Checklist: New Expensify 2022-03-15,8170,https://github.com/Expensify/App/issues/8170,2022-03-15
8202,https://github.com/Expensify/App/issues/8202,Deploy Checklist: New Expensify 2022-03-15,8170,https://github.com/Expensify/App/issues/8170,2022-03-15
8092,https://github.com/Expensify/App/issues/8092,Deploy Checklist: New Expensify 2022-03-10,8074,https://github.com/Expensify/App/issues/8074,2022-03-10
8094,https://github.com/Expensify/App/issues/8094,Deploy Checklist: New Expensify 2022-03-10,8074,https://github.com/Expensify/App/issues/8074,2022-03-10
8097,https://github.com/Expensify/App/issues/8097,Deploy Checklist: New Expensify 2022-03-10,8074,https://github.com/Expensify/App/issues/8074,2022-03-10
8098,https://github.com/Expensify/App/issues/8098,Deploy Checklist: New Expensify 2022-03-10,8074,https://github.com/Expensify/App/issues/8074,2022-03-10
8113,https://github.com/Expensify/App/issues/8113,Deploy Checklist: New Expensify 2022-03-10,8074,https://github.com/Expensify/App/issues/8074,2022-03-10
8115,https://github.com/Expensify/App/issues/8115,Deploy Checklist: New Expensify 2022-03-10,8074,https://github.com/Expensify/App/issues/8074,2022-03-10
7961,https://github.com/Expensify/App/issues/7961,Deploy Checklist: New Expensify 2022-03-01,7954,https://github.com/Expensify/App/issues/7954,2022-03-01
7982,https://github.com/Expensify/App/issues/7982,Deploy Checklist: New Expensify 2022-03-01,7954,https://github.com/Expensify/App/issues/7954,2022-03-01
7987,https://github.com/Expensify/App/issues/7987,Deploy Checklist: New Expensify 2022-03-01,7954,https://github.com/Expensify/App/issues/7954,2022-03-01
8014,https://github.com/Expensify/App/issues/8014,Deploy Checklist: New Expensify 2022-03-01,7954,https://github.com/Expensify/App/issues/7954,2022-03-01
8015,https://github.com/Expensify/App/issues/8015,Deploy Checklist: New Expensify 2022-03-01,7954,https://github.com/Expensify/App/issues/7954,2022-03-01
8040,https://github.com/Expensify/App/issues/8040,Deploy Checklist: New Expensify 2022-03-01,7954,https://github.com/Expensify/App/issues/7954,2022-03-01
7887,https://github.com/Expensify/App/issues/7887,Deploy Checklist: New Expensify 2022-02-23,7883,https://github.com/Expensify/App/issues/7883,2022-02-23
7888,https://github.com/Expensify/App/issues/7888,Deploy Checklist: New Expensify 2022-02-23,7883,https://github.com/Expensify/App/issues/7883,2022-02-23
7900,https://github.com/Expensify/App/issues/7900,Deploy Checklist: New Expensify 2022-02-23,7883,https://github.com/Expensify/App/issues/7883,2022-02-23
7769,https://github.com/Expensify/App/issues/7769,Deploy Checklist: New Expensify 2022-02-15,7759,https://github.com/Expensify/App/issues/7759,2022-02-15
7772,https://github.com/Expensify/App/issues/7772,Deploy Checklist: New Expensify 2022-02-15,7759,https://github.com/Expensify/App/issues/7759,2022-02-15
7774,https://github.com/Expensify/App/issues/7774,Deploy Checklist: New Expensify 2022-02-15,7759,https://github.com/Expensify/App/issues/7759,2022-02-15
7775,https://github.com/Expensify/App/issues/7775,Deploy Checklist: New Expensify 2022-02-15,7759,https://github.com/Expensify/App/issues/7759,2022-02-15
7776,https://github.com/Expensify/App/issues/7776,Deploy Checklist: New Expensify 2022-02-15,7759,https://github.com/Expensify/App/issues/7759,2022-02-15
7784,https://github.com/Expensify/App/issues/7784,Deploy Checklist: New Expensify 2022-02-15,7759,https://github.com/Expensify/App/issues/7759,2022-02-15
7811,https://github.com/Expensify/App/issues/7811,Deploy Checklist: New Expensify 2022-02-15,7759,https://github.com/Expensify/App/issues/7759,2022-02-15
7659,https://github.com/Expensify/App/issues/7659,Deploy Checklist: New Expensify 2022-02-09,7655,https://github.com/Expensify/App/issues/7655,2022-02-09
7548,https://github.com/Expensify/App/issues/7548,Deploy Checklist: New Expensify 2022-02-02,7528,https://github.com/Expensify/App/issues/7528,2022-02-02
7412,https://github.com/Expensify/App/issues/7412,Deploy Checklist: New Expensify 2022-01-25,7395,https://github.com/Expensify/App/issues/7395,2022-01-25
7417,https://github.com/Expensify/App/issues/7417,Deploy Checklist: New Expensify 2022-01-25,7395,https://github.com/Expensify/App/issues/7395,2022-01-25
7418,https://github.com/Expensify/App/issues/7418,Deploy Checklist: New Expensify 2022-01-25,7395,https://github.com/Expensify/App/issues/7395,2022-01-25
7424,https://github.com/Expensify/App/issues/7424,Deploy Checklist: New Expensify 2022-01-25,7395,https://github.com/Expensify/App/issues/7395,2022-01-25
7429,https://github.com/Expensify/App/issues/7429,Deploy Checklist: New Expensify 2022-01-25,7395,https://github.com/Expensify/App/issues/7395,2022-01-25
7360,https://github.com/Expensify/App/issues/7360,Deploy Checklist: New Expensify 2022-01-20,7347,https://github.com/Expensify/App/issues/7347,2022-01-20
7258,https://github.com/Expensify/App/issues/7258,Deploy Checklist: New Expensify 2022-01-18,7297,https://github.com/Expensify/App/issues/7297,2022-01-18
7310,https://github.com/Expensify/App/issues/7310,Deploy Checklist: New Expensify 2022-01-18,7297,https://github.com/Expensify/App/issues/7297,2022-01-18
7320,https://github.com/Expensify/App/issues/7320,Deploy Checklist: New Expensify 2022-01-18,7297,https://github.com/Expensify/App/issues/7297,2022-01-18
7321,https://github.com/Expensify/App/issues/7321,Deploy Checklist: New Expensify 2022-01-18,7297,https://github.com/Expensify/App/issues/7297,2022-01-18
7258,https://github.com/Expensify/App/issues/7258,Deploy Checklist: New Expensify 2022-01-14,7235,https://github.com/Expensify/App/issues/7235,2022-01-14
7267,https://github.com/Expensify/App/issues/7267,Deploy Checklist: New Expensify 2022-01-14,7235,https://github.com/Expensify/App/issues/7235,2022-01-14
7180,https://github.com/Expensify/App/issues/7180,Deploy Checklist: New Expensify 2022-01-12,7144,https://github.com/Expensify/App/issues/7144,2022-01-12
7189,https://github.com/Expensify/App/issues/7189,Deploy Checklist: New Expensify 2022-01-12,7144,https://github.com/Expensify/App/issues/7144,2022-01-12
7111,https://github.com/Expensify/App/issues/7111,Deploy Checklist: New Expensify 2022-01-10,7108,https://github.com/Expensify/App/issues/7108,2022-01-10
7030,https://github.com/Expensify/App/issues/7030,Deploy Checklist: New Expensify 2022-01-04,7005,https://github.com/Expensify/App/issues/7005,2022-01-04
6928,https://github.com/Expensify/App/issues/6928,Deploy Checklist: New Expensify 2021-12-29,6920,https://github.com/Expensify/App/issues/6920,2021-12-29
6929,https://github.com/Expensify/App/issues/6929,Deploy Checklist: New Expensify 2021-12-29,6920,https://github.com/Expensify/App/issues/6920,2021-12-29
6931,https://github.com/Expensify/App/issues/6931,Deploy Checklist: New Expensify 2021-12-29,6920,https://github.com/Expensify/App/issues/6920,2021-12-29
6932,https://github.com/Expensify/App/issues/6932,Deploy Checklist: New Expensify 2021-12-29,6920,https://github.com/Expensify/App/issues/6920,2021-12-29
6933,https://github.com/Expensify/App/issues/6933,Deploy Checklist: New Expensify 2021-12-29,6920,https://github.com/Expensify/App/issues/6920,2021-12-29
6940,https://github.com/Expensify/App/issues/6940,Deploy Checklist: New Expensify 2021-12-29,6920,https://github.com/Expensify/App/issues/6920,2021-12-29
6941,https://github.com/Expensify/App/issues/6941,Deploy Checklist: New Expensify 2021-12-29,6920,https://github.com/Expensify/App/issues/6920,2021-12-29
6947,https://github.com/Expensify/App/issues/6947,Deploy Checklist: New Expensify 2021-12-29,6920,https://github.com/Expensify/App/issues/6920,2021-12-29
6948,https://github.com/Expensify/App/issues/6948,Deploy Checklist: New Expensify 2021-12-29,6920,https://github.com/Expensify/App/issues/6920,2021-12-29
6818,https://github.com/Expensify/App/issues/6818,Deploy Checklist: New Expensify 2021-12-21,6860,https://github.com/Expensify/App/issues/6860,2021-12-21
6873,https://github.com/Expensify/App/issues/6873,Deploy Checklist: New Expensify 2021-12-21,6860,https://github.com/Expensify/App/issues/6860,2021-12-21
6879,https://github.com/Expensify/App/issues/6879,Deploy Checklist: New Expensify 2021-12-21,6860,https://github.com/Expensify/App/issues/6860,2021-12-21
6890,https://github.com/Expensify/App/issues/6890,Deploy Checklist: New Expensify 2021-12-21,6860,https://github.com/Expensify/App/issues/6860,2021-12-21
6822,https://github.com/Expensify/App/issues/6822,Deploy Checklist: New Expensify 2021-12-17,6815,https://github.com/Expensify/App/issues/6815,2021-12-17
6792,https://github.com/Expensify/App/issues/6792,Deploy Checklist: New Expensify 2021-12-15,6778,https://github.com/Expensify/App/issues/6778,2021-12-15
6799,https://github.com/Expensify/App/issues/6799,Deploy Checklist: New Expensify 2021-12-15,6778,https://github.com/Expensify/App/issues/6778,2021-12-15
6709,https://github.com/Expensify/App/issues/6709,Deploy Checklist: New Expensify 2021-12-10,6703,https://github.com/Expensify/App/issues/6703,2021-12-10
6710,https://github.com/Expensify/App/issues/6710,Deploy Checklist: New Expensify 2021-12-10,6703,https://github.com/Expensify/App/issues/6703,2021-12-10
6711,https://github.com/Expensify/App/issues/6711,Deploy Checklist: New Expensify 2021-12-10,6703,https://github.com/Expensify/App/issues/6703,2021-12-10
6712,https://github.com/Expensify/App/issues/6712,Deploy Checklist: New Expensify 2021-12-10,6703,https://github.com/Expensify/App/issues/6703,2021-12-10
6725,https://github.com/Expensify/App/issues/6725,Deploy Checklist: New Expensify 2021-12-10,6703,https://github.com/Expensify/App/issues/6703,2021-12-10
6726,https://github.com/Expensify/App/issues/6726,Deploy Checklist: New Expensify 2021-12-10,6703,https://github.com/Expensify/App/issues/6703,2021-12-10
6731,https://github.com/Expensify/App/issues/6731,Deploy Checklist: New Expensify 2021-12-10,6703,https://github.com/Expensify/App/issues/6703,2021-12-10
6740,https://github.com/Expensify/App/issues/6740,Deploy Checklist: New Expensify 2021-12-10,6703,https://github.com/Expensify/App/issues/6703,2021-12-10
6757,https://github.com/Expensify/App/issues/6757,Deploy Checklist: New Expensify 2021-12-10,6703,https://github.com/Expensify/App/issues/6703,2021-12-10
6758,https://github.com/Expensify/App/issues/6758,Deploy Checklist: New Expensify 2021-12-10,6703,https://github.com/Expensify/App/issues/6703,2021-12-10
6666,https://github.com/Expensify/App/issues/6666,Deploy Checklist: New Expensify 2021-12-08,6645,https://github.com/Expensify/App/issues/6645,2021-12-08
6667,https://github.com/Expensify/App/issues/6667,Deploy Checklist: New Expensify 2021-12-08,6645,https://github.com/Expensify/App/issues/6645,2021-12-08
6675,https://github.com/Expensify/App/issues/6675,Deploy Checklist: New Expensify 2021-12-08,6645,https://github.com/Expensify/App/issues/6645,2021-12-08
6528,https://github.com/Expensify/App/issues/6528,Deploy Checklist: New Expensify 2021-12-06,6605,https://github.com/Expensify/App/issues/6605,2021-12-06
6609,https://github.com/Expensify/App/issues/6609,Deploy Checklist: New Expensify 2021-12-06,6605,https://github.com/Expensify/App/issues/6605,2021-12-06
6610,https://github.com/Expensify/App/issues/6610,Deploy Checklist: New Expensify 2021-12-06,6605,https://github.com/Expensify/App/issues/6605,2021-12-06
6612,https://github.com/Expensify/App/issues/6612,Deploy Checklist: New Expensify 2021-12-06,6605,https://github.com/Expensify/App/issues/6605,2021-12-06
6614,https://github.com/Expensify/App/issues/6614,Deploy Checklist: New Expensify 2021-12-06,6605,https://github.com/Expensify/App/issues/6605,2021-12-06
6618,https://github.com/Expensify/App/issues/6618,Deploy Checklist: New Expensify 2021-12-06,6605,https://github.com/Expensify/App/issues/6605,2021-12-06
6620,https://github.com/Expensify/App/issues/6620,Deploy Checklist: New Expensify 2021-12-06,6605,https://github.com/Expensify/App/issues/6605,2021-12-06
6627,https://github.com/Expensify/App/issues/6627,Deploy Checklist: New Expensify 2021-12-06,6605,https://github.com/Expensify/App/issues/6605,2021-12-06
6518,https://github.com/Expensify/App/issues/6518,Deploy Checklist: New Expensify 2021-11-29,6505,https://github.com/Expensify/App/issues/6505,2021-11-29
6519,https://github.com/Expensify/App/issues/6519,Deploy Checklist: New Expensify 2021-11-29,6505,https://github.com/Expensify/App/issues/6505,2021-11-29
6520,https://github.com/Expensify/App/issues/6520,Deploy Checklist: New Expensify 2021-11-29,6505,https://github.com/Expensify/App/issues/6505,2021-11-29
6522,https://github.com/Expensify/App/issues/6522,Deploy Checklist: New Expensify 2021-11-29,6505,https://github.com/Expensify/App/issues/6505,2021-11-29
6525,https://github.com/Expensify/App/issues/6525,Deploy Checklist: New Expensify 2021-11-29,6505,https://github.com/Expensify/App/issues/6505,2021-11-29
6529,https://github.com/Expensify/App/issues/6529,Deploy Checklist: New Expensify 2021-11-29,6505,https://github.com/Expensify/App/issues/6505,2021-11-29
6534,https://github.com/Expensify/App/issues/6534,Deploy Checklist: New Expensify 2021-11-29,6505,https://github.com/Expensify/App/issues/6505,2021-11-29
6414,https://github.com/Expensify/App/issues/6414,Deploy Checklist: New Expensify 2021-11-22,6399,https://github.com/Expensify/App/issues/6399,2021-11-22
6415,https://github.com/Expensify/App/issues/6415,Deploy Checklist: New Expensify 2021-11-22,6399,https://github.com/Expensify/App/issues/6399,2021-11-22
6416,https://github.com/Expensify/App/issues/6416,Deploy Checklist: New Expensify 2021-11-22,6399,https://github.com/Expensify/App/issues/6399,2021-11-22
6422,https://github.com/Expensify/App/issues/6422,Deploy Checklist: New Expensify 2021-11-22,6399,https://github.com/Expensify/App/issues/6399,2021-11-22
6424,https://github.com/Expensify/App/issues/6424,Deploy Checklist: New Expensify 2021-11-22,6399,https://github.com/Expensify/App/issues/6399,2021-11-22
6425,https://github.com/Expensify/App/issues/6425,Deploy Checklist: New Expensify 2021-11-22,6399,https://github.com/Expensify/App/issues/6399,2021-11-22
6426,https://github.com/Expensify/App/issues/6426,Deploy Checklist: New Expensify 2021-11-22,6399,https://github.com/Expensify/App/issues/6399,2021-11-22
6436,https://github.com/Expensify/App/issues/6436,Deploy Checklist: New Expensify 2021-11-22,6399,https://github.com/Expensify/App/issues/6399,2021-11-22
6438,https://github.com/Expensify/App/issues/6438,Deploy Checklist: New Expensify 2021-11-22,6399,https://github.com/Expensify/App/issues/6399,2021-11-22
6439,https://github.com/Expensify/App/issues/6439,Deploy Checklist: New Expensify 2021-11-22,6399,https://github.com/Expensify/App/issues/6399,2021-11-22
6457,https://github.com/Expensify/App/issues/6457,Deploy Checklist: New Expensify 2021-11-22,6399,https://github.com/Expensify/App/issues/6399,2021-11-22
6475,https://github.com/Expensify/App/issues/6475,Deploy Checklist: New Expensify 2021-11-22,6399,https://github.com/Expensify/App/issues/6399,2021-11-22
6321,https://github.com/Expensify/App/issues/6321,Deploy Checklist: New Expensify 2021-11-15,6305,https://github.com/Expensify/App/issues/6305,2021-11-15
6322,https://github.com/Expensify/App/issues/6322,Deploy Checklist: New Expensify 2021-11-15,6305,https://github.com/Expensify/App/issues/6305,2021-11-15
6323,https://github.com/Expensify/App/issues/6323,Deploy Checklist: New Expensify 2021-11-15,6305,https://github.com/Expensify/App/issues/6305,2021-11-15
6324,https://github.com/Expensify/App/issues/6324,Deploy Checklist: New Expensify 2021-11-15,6305,https://github.com/Expensify/App/issues/6305,2021-11-15
6325,https://github.com/Expensify/App/issues/6325,Deploy Checklist: New Expensify 2021-11-15,6305,https://github.com/Expensify/App/issues/6305,2021-11-15
6228,https://github.com/Expensify/App/issues/6228,Deploy Checklist: New Expensify 2021-11-04,6222,https://github.com/Expensify/App/issues/6222,2021-11-04
6231,https://github.com/Expensify/App/issues/6231,Deploy Checklist: New Expensify 2021-11-04,6222,https://github.com/Expensify/App/issues/6222,2021-11-04
6232,https://github.com/Expensify/App/issues/6232,Deploy Checklist: New Expensify 2021-11-04,6222,https://github.com/Expensify/App/issues/6222,2021-11-04
6239,https://github.com/Expensify/App/issues/6239,Deploy Checklist: New Expensify 2021-11-04,6222,https://github.com/Expensify/App/issues/6222,2021-11-04
6246,https://github.com/Expensify/App/issues/6246,Deploy Checklist: New Expensify 2021-11-04,6222,https://github.com/Expensify/App/issues/6222,2021-11-04
6298,https://github.com/Expensify/App/issues/6298,Deploy Checklist: New Expensify 2021-11-04,6222,https://github.com/Expensify/App/issues/6222,2021-11-04
6198,https://github.com/Expensify/App/issues/6198,Deploy Checklist: New Expensify 2021-11-02,6182,https://github.com/Expensify/App/issues/6182,2021-11-02
4911,https://github.com/Expensify/App/issues/4911,Deploy Checklist: New Expensify 2021-10-29,6127,https://github.com/Expensify/App/issues/6127,2021-10-29
6147,https://github.com/Expensify/App/issues/6147,Deploy Checklist: New Expensify 2021-10-29,6127,https://github.com/Expensify/App/issues/6127,2021-10-29
6148,https://github.com/Expensify/App/issues/6148,Deploy Checklist: New Expensify 2021-10-29,6127,https://github.com/Expensify/App/issues/6127,2021-10-29
6150,https://github.com/Expensify/App/issues/6150,Deploy Checklist: New Expensify 2021-10-29,6127,https://github.com/Expensify/App/issues/6127,2021-10-29
6160,https://github.com/Expensify/App/issues/6160,Deploy Checklist: New Expensify 2021-10-29,6127,https://github.com/Expensify/App/issues/6127,2021-10-29
6110,https://github.com/Expensify/App/issues/6110,Deploy Checklist: New Expensify 2021-10-28,6106,https://github.com/Expensify/App/issues/6106,2021-10-28
6071,https://github.com/Expensify/App/issues/6071,Deploy Checklist: New Expensify 2021-10-23,6017,https://github.com/Expensify/App/issues/6017,2021-10-23
6082,https://github.com/Expensify/App/issues/6082,Deploy Checklist: New Expensify 2021-10-23,6017,https://github.com/Expensify/App/issues/6017,2021-10-23
6085,https://github.com/Expensify/App/issues/6085,Deploy Checklist: New Expensify 2021-10-23,6017,https://github.com/Expensify/App/issues/6017,2021-10-23
6097,https://github.com/Expensify/App/issues/6097,Deploy Checklist: New Expensify 2021-10-23,6017,https://github.com/Expensify/App/issues/6017,2021-10-23
5724,https://github.com/Expensify/App/issues/5724,Deploy Checklist: New Expensify 2021-10-07,5718,https://github.com/Expensify/App/issues/5718,2021-10-07
5727,https://github.com/Expensify/App/issues/5727,Deploy Checklist: New Expensify 2021-10-07,5718,https://github.com/Expensify/App/issues/5718,2021-10-07
5760,https://github.com/Expensify/App/issues/5760,Deploy Checklist: New Expensify 2021-10-07,5718,https://github.com/Expensify/App/issues/5718,2021-10-07
5761,https://github.com/Expensify/App/issues/5761,Deploy Checklist: New Expensify 2021-10-07,5718,https://github.com/Expensify/App/issues/5718,2021-10-07
5798,https://github.com/Expensify/App/issues/5798,Deploy Checklist: New Expensify 2021-10-07,5718,https://github.com/Expensify/App/issues/5718,2021-10-07
5799,https://github.com/Expensify/App/issues/5799,Deploy Checklist: New Expensify 2021-10-07,5718,https://github.com/Expensify/App/issues/5718,2021-10-07
5841,https://github.com/Expensify/App/issues/5841,Deploy Checklist: New Expensify 2021-10-07,5718,https://github.com/Expensify/App/issues/5718,2021-10-07
5865,https://github.com/Expensify/App/issues/5865,Deploy Checklist: New Expensify 2021-10-07,5718,https://github.com/Expensify/App/issues/5718,2021-10-07
5705,https://github.com/Expensify/App/issues/5705,Deploy Checklist: New Expensify 2021-10-06,5693,https://github.com/Expensify/App/issues/5693,2021-10-06
5644,https://github.com/Expensify/App/issues/5644,Deploy Checklist: New Expensify 2021-10-04,5636,https://github.com/Expensify/App/issues/5636,2021-10-04
5655,https://github.com/Expensify/App/issues/5655,Deploy Checklist: New Expensify 2021-10-04,5636,https://github.com/Expensify/App/issues/5636,2021-10-04
5667,https://github.com/Expensify/App/issues/5667,Deploy Checklist: New Expensify 2021-10-04,5636,https://github.com/Expensify/App/issues/5636,2021-10-04
5622,https://github.com/Expensify/App/issues/5622,Deploy Checklist: New Expensify 2021-09-30,5605,https://github.com/Expensify/App/issues/5605,2021-09-30
5580,https://github.com/Expensify/App/issues/5580,Deploy Checklist: New Expensify 2021-09-28,5568,https://github.com/Expensify/App/issues/5568,2021-09-28
5382,https://github.com/Expensify/App/issues/5382,Deploy Checklist: New Expensify 2021-09-21,5410,https://github.com/Expensify/App/issues/5410,2021-09-21
5384,https://github.com/Expensify/App/issues/5384,Deploy Checklist: New Expensify 2021-09-20,5368,https://github.com/Expensify/App/issues/5368,2021-09-20
5241,https://github.com/Expensify/App/issues/5241,Deploy Checklist: New Expensify 2021-09-15,5279,https://github.com/Expensify/App/issues/5279,2021-09-15
5285,https://github.com/Expensify/App/issues/5285,Deploy Checklist: New Expensify 2021-09-15,5279,https://github.com/Expensify/App/issues/5279,2021-09-15
5286,https://github.com/Expensify/App/issues/5286,Deploy Checklist: New Expensify 2021-09-15,5279,https://github.com/Expensify/App/issues/5279,2021-09-15
5289,https://github.com/Expensify/App/issues/5289,Deploy Checklist: New Expensify 2021-09-15,5279,https://github.com/Expensify/App/issues/5279,2021-09-15
5290,https://github.com/Expensify/App/issues/5290,Deploy Checklist: New Expensify 2021-09-15,5279,https://github.com/Expensify/App/issues/5279,2021-09-15
5291,https://github.com/Expensify/App/issues/5291,Deploy Checklist: New Expensify 2021-09-15,5279,https://github.com/Expensify/App/issues/5279,2021-09-15
5305,https://github.com/Expensify/App/issues/5305,Deploy Checklist: New Expensify 2021-09-15,5279,https://github.com/Expensify/App/issues/5279,2021-09-15
5238,https://github.com/Expensify/App/issues/5238,Deploy Checklist: New Expensify 2021-09-13,5224,https://github.com/Expensify/App/issues/5224,2021-09-13
5240,https://github.com/Expensify/App/issues/5240,Deploy Checklist: New Expensify 2021-09-13,5224,https://github.com/Expensify/App/issues/5224,2021-09-13
5241,https://github.com/Expensify/App/issues/5241,Deploy Checklist: New Expensify 2021-09-13,5224,https://github.com/Expensify/App/issues/5224,2021-09-13
5153,https://github.com/Expensify/App/issues/5153,Deploy Checklist: New Expensify 2021-09-09,5177,https://github.com/Expensify/App/issues/5177,2021-09-09
5152,https://github.com/Expensify/App/issues/5152,Deploy Checklist: New Expensify 2021-09-08,5146,https://github.com/Expensify/App/issues/5146,2021-09-08
5153,https://github.com/Expensify/App/issues/5153,Deploy Checklist: New Expensify 2021-09-08,5146,https://github.com/Expensify/App/issues/5146,2021-09-08
5154,https://github.com/Expensify/App/issues/5154,Deploy Checklist: New Expensify 2021-09-08,5146,https://github.com/Expensify/App/issues/5146,2021-09-08
4985,https://github.com/Expensify/App/issues/4985,Deploy Checklist: New Expensify 2021-09-03,5086,https://github.com/Expensify/App/issues/5086,2021-09-03
5015,https://github.com/Expensify/App/issues/5015,Deploy Checklist: New Expensify 2021-09-03,5086,https://github.com/Expensify/App/issues/5086,2021-09-03
5104,https://github.com/Expensify/App/issues/5104,Deploy Checklist: New Expensify 2021-09-03,5086,https://github.com/Expensify/App/issues/5086,2021-09-03
5105,https://github.com/Expensify/App/issues/5105,Deploy Checklist: New Expensify 2021-09-03,5086,https://github.com/Expensify/App/issues/5086,2021-09-03
5126,https://github.com/Expensify/App/issues/5126,Deploy Checklist: New Expensify 2021-09-03,5086,https://github.com/Expensify/App/issues/5086,2021-09-03
5075,https://github.com/Expensify/App/issues/5075,Deploy Checklist: New Expensify 2021-09-03,5046,https://github.com/Expensify/App/issues/5046,2021-09-03
4985,https://github.com/Expensify/App/issues/4985,Deploy Checklist: New Expensify 2021-09-01,5004,https://github.com/Expensify/App/issues/5004,2021-09-01
5015,https://github.com/Expensify/App/issues/5015,Deploy Checklist: New Expensify 2021-09-01,5004,https://github.com/Expensify/App/issues/5004,2021-09-01
5022,https://github.com/Expensify/App/issues/5022,Deploy Checklist: New Expensify 2021-09-01,5004,https://github.com/Expensify/App/issues/5004,2021-09-01
4985,https://github.com/Expensify/App/issues/4985,Deploy Checklist: New Expensify 2021-09-01,4976,https://github.com/Expensify/App/issues/4976,2021-09-01
4993,https://github.com/Expensify/App/issues/4993,Deploy Checklist: New Expensify 2021-09-01,4976,https://github.com/Expensify/App/issues/4976,2021-09-01
4608,https://github.com/Expensify/App/issues/4608,Deploy Checklist: New Expensify 2021-08-25,4828,https://github.com/Expensify/App/issues/4828,2021-08-25
4716,https://github.com/Expensify/App/issues/4716,Deploy Checklist: New Expensify 2021-08-25,4828,https://github.com/Expensify/App/issues/4828,2021-08-25
4855,https://github.com/Expensify/App/issues/4855,Deploy Checklist: New Expensify 2021-08-25,4828,https://github.com/Expensify/App/issues/4828,2021-08-25
4863,https://github.com/Expensify/App/issues/4863,Deploy Checklist: New Expensify 2021-08-25,4828,https://github.com/Expensify/App/issues/4828,2021-08-25
4868,https://github.com/Expensify/App/issues/4868,Deploy Checklist: New Expensify 2021-08-25,4828,https://github.com/Expensify/App/issues/4828,2021-08-25
4869,https://github.com/Expensify/App/issues/4869,Deploy Checklist: New Expensify 2021-08-25,4828,https://github.com/Expensify/App/issues/4828,2021-08-25
4898,https://github.com/Expensify/App/issues/4898,Deploy Checklist: New Expensify 2021-08-25,4828,https://github.com/Expensify/App/issues/4828,2021-08-25
4958,https://github.com/Expensify/App/issues/4958,Deploy Checklist: New Expensify 2021-08-25,4828,https://github.com/Expensify/App/issues/4828,2021-08-25
4214,https://github.com/Expensify/App/issues/4214,Deploy Checklist: New Expensify 2021-08-17,4701,https://github.com/Expensify/App/issues/4701,2021-08-17
4500,https://github.com/Expensify/App/issues/4500,Deploy Checklist: New Expensify 2021-08-17,4701,https://github.com/Expensify/App/issues/4701,2021-08-17
4705,https://github.com/Expensify/App/issues/4705,Deploy Checklist: New Expensify 2021-08-17,4701,https://github.com/Expensify/App/issues/4701,2021-08-17
4710,https://github.com/Expensify/App/issues/4710,Deploy Checklist: New Expensify 2021-08-17,4701,https://github.com/Expensify/App/issues/4701,2021-08-17
4711,https://github.com/Expensify/App/issues/4711,Deploy Checklist: New Expensify 2021-08-17,4701,https://github.com/Expensify/App/issues/4701,2021-08-17
4712,https://github.com/Expensify/App/issues/4712,Deploy Checklist: New Expensify 2021-08-17,4701,https://github.com/Expensify/App/issues/4701,2021-08-17
4715,https://github.com/Expensify/App/issues/4715,Deploy Checklist: New Expensify 2021-08-17,4701,https://github.com/Expensify/App/issues/4701,2021-08-17
4716,https://github.com/Expensify/App/issues/4716,Deploy Checklist: New Expensify 2021-08-17,4701,https://github.com/Expensify/App/issues/4701,2021-08-17
4719,https://github.com/Expensify/App/issues/4719,Deploy Checklist: New Expensify 2021-08-17,4701,https://github.com/Expensify/App/issues/4701,2021-08-17
4730,https://github.com/Expensify/App/issues/4730,Deploy Checklist: New Expensify 2021-08-17,4701,https://github.com/Expensify/App/issues/4701,2021-08-17
4732,https://github.com/Expensify/App/issues/4732,Deploy Checklist: New Expensify 2021-08-17,4701,https://github.com/Expensify/App/issues/4701,2021-08-17
4733,https://github.com/Expensify/App/issues/4733,Deploy Checklist: New Expensify 2021-08-17,4701,https://github.com/Expensify/App/issues/4701,2021-08-17
4739,https://github.com/Expensify/App/issues/4739,Deploy Checklist: New Expensify 2021-08-17,4701,https://github.com/Expensify/App/issues/4701,2021-08-17
4753,https://github.com/Expensify/App/issues/4753,Deploy Checklist: New Expensify 2021-08-17,4701,https://github.com/Expensify/App/issues/4701,2021-08-17
4754,https://github.com/Expensify/App/issues/4754,Deploy Checklist: New Expensify 2021-08-17,4701,https://github.com/Expensify/App/issues/4701,2021-08-17
4756,https://github.com/Expensify/App/issues/4756,Deploy Checklist: New Expensify 2021-08-17,4701,https://github.com/Expensify/App/issues/4701,2021-08-17
4766,https://github.com/Expensify/App/issues/4766,Deploy Checklist: New Expensify 2021-08-17,4701,https://github.com/Expensify/App/issues/4701,2021-08-17
2499,https://github.com/Expensify/App/issues/2499,Deploy Checklist: Expensify.cash 2021-08-11,4554,https://github.com/Expensify/App/issues/4554,2021-08-11
4514,https://github.com/Expensify/App/issues/4514,Deploy Checklist: Expensify.cash 2021-08-11,4554,https://github.com/Expensify/App/issues/4554,2021-08-11
4595,https://github.com/Expensify/App/issues/4595,Deploy Checklist: Expensify.cash 2021-08-11,4554,https://github.com/Expensify/App/issues/4554,2021-08-11
4596,https://github.com/Expensify/App/issues/4596,Deploy Checklist: Expensify.cash 2021-08-11,4554,https://github.com/Expensify/App/issues/4554,2021-08-11
4597,https://github.com/Expensify/App/issues/4597,Deploy Checklist: Expensify.cash 2021-08-11,4554,https://github.com/Expensify/App/issues/4554,2021-08-11
4599,https://github.com/Expensify/App/issues/4599,Deploy Checklist: Expensify.cash 2021-08-11,4554,https://github.com/Expensify/App/issues/4554,2021-08-11
4608,https://github.com/Expensify/App/issues/4608,Deploy Checklist: Expensify.cash 2021-08-11,4554,https://github.com/Expensify/App/issues/4554,2021-08-11
4628,https://github.com/Expensify/App/issues/4628,Deploy Checklist: Expensify.cash 2021-08-11,4554,https://github.com/Expensify/App/issues/4554,2021-08-11
4630,https://github.com/Expensify/App/issues/4630,Deploy Checklist: Expensify.cash 2021-08-11,4554,https://github.com/Expensify/App/issues/4554,2021-08-11
4631,https://github.com/Expensify/App/issues/4631,Deploy Checklist: Expensify.cash 2021-08-11,4554,https://github.com/Expensify/App/issues/4554,2021-08-11
4665,https://github.com/Expensify/App/issues/4665,Deploy Checklist: Expensify.cash 2021-08-11,4554,https://github.com/Expensify/App/issues/4554,2021-08-11
4482,https://github.com/Expensify/App/issues/4482,Deploy Checklist: Expensify.cash 2021-08-06,4447,https://github.com/Expensify/App/issues/4447,2021-08-06
4484,https://github.com/Expensify/App/issues/4484,Deploy Checklist: Expensify.cash 2021-08-06,4447,https://github.com/Expensify/App/issues/4447,2021-08-06
4487,https://github.com/Expensify/App/issues/4487,Deploy Checklist: Expensify.cash 2021-08-06,4447,https://github.com/Expensify/App/issues/4447,2021-08-06
4488,https://github.com/Expensify/App/issues/4488,Deploy Checklist: Expensify.cash 2021-08-06,4447,https://github.com/Expensify/App/issues/4447,2021-08-06
4501,https://github.com/Expensify/App/issues/4501,Deploy Checklist: Expensify.cash 2021-08-06,4447,https://github.com/Expensify/App/issues/4447,2021-08-06
4537,https://github.com/Expensify/App/issues/4537,Deploy Checklist: Expensify.cash 2021-08-06,4447,https://github.com/Expensify/App/issues/4447,2021-08-06
4221,https://github.com/Expensify/App/issues/4221,Deploy Checklist: Expensify.cash 2021-07-30,4333,https://github.com/Expensify/App/issues/4333,2021-07-30
4352,https://github.com/Expensify/App/issues/4352,Deploy Checklist: Expensify.cash 2021-07-30,4333,https://github.com/Expensify/App/issues/4333,2021-07-30
4356,https://github.com/Expensify/App/issues/4356,Deploy Checklist: Expensify.cash 2021-07-30,4333,https://github.com/Expensify/App/issues/4333,2021-07-30
4388,https://github.com/Expensify/App/issues/4388,Deploy Checklist: Expensify.cash 2021-07-30,4333,https://github.com/Expensify/App/issues/4333,2021-07-30
4284,https://github.com/Expensify/App/issues/4284,Deploy Checklist: Expensify.cash 2021-07-28,4279,https://github.com/Expensify/App/issues/4279,2021-07-28
4293,https://github.com/Expensify/App/issues/4293,Deploy Checklist: Expensify.cash 2021-07-28,4279,https://github.com/Expensify/App/issues/4279,2021-07-28
4207,https://github.com/Expensify/App/issues/4207,Deploy Checklist: Expensify.cash 2021-07-23,4198,https://github.com/Expensify/App/issues/4198,2021-07-23
4208,https://github.com/Expensify/App/issues/4208,Deploy Checklist: Expensify.cash 2021-07-23,4198,https://github.com/Expensify/App/issues/4198,2021-07-23
4210,https://github.com/Expensify/App/issues/4210,Deploy Checklist: Expensify.cash 2021-07-23,4198,https://github.com/Expensify/App/issues/4198,2021-07-23
